tensor,activation,channels,channel_spread,dead_channels,kappa,sqnr_int8_pred_db,sqnr_int8_db,sqnr_fp8_db,clip_share
features.norm0,relu,64,5.039695838825585,2,7.47887642174172,35.39115973645053,35.22286572700825,31.441832826545195,7.62939453125e-05
features.denseblock1.denselayer1.norm1,relu,64,4.616995044732418,10,4.445910371902775,39.90867281526174,41.24479801096862,31.608777375269355,4.57763671875e-05
features.denseblock1.denselayer1.norm2,relu,128,2.0039069486449144,1,7.860360537699868,34.959037546739715,36.67794407973625,31.536029302912976,1.9073486328125e-05
features.denseblock1.denselayer2.norm1,relu,96,5.480430635365612,2,5.064929953967919,38.77641800734981,39.92489761603431,31.539005130897255,5.5948893229166664e-05
features.denseblock1.denselayer2.norm2,relu,128,2.038495264456505,1,7.243888177935045,35.668452127595934,37.728507891570914,31.514685219684083,4.9591064453125e-05
features.denseblock1.denselayer3.norm1,relu,128,4.722064158412231,3,4.947267423396455,38.98057914586591,40.00828436895557,31.527225924597133,4.57763671875e-05
features.denseblock1.denselayer3.norm2,relu,128,2.0362281522128143,0,6.866178164857631,36.13358551180995,39.240831259489404,31.542134656639824,3.814697265625e-05
features.denseblock1.denselayer4.norm1,relu,160,5.360920152157271,22,6.073795826273023,37.1986831036282,39.14809267357769,31.60958052349988,4.57763671875e-05
features.denseblock1.denselayer4.norm2,relu,128,1.6296183613201067,0,6.931196267804485,36.051722944443654,39.95602999183469,31.568419833419604,4.57763671875e-05
features.denseblock1.denselayer5.norm1,relu,192,4.897442043508056,10,7.040138789154695,35.916262461611396,37.7290232952017,31.437090645325366,9.1552734375e-05
features.denseblock1.denselayer5.norm2,relu,128,1.9127466621607923,0,9.43003920127985,33.37761691697155,37.36468868553868,31.52547267916954,2.6702880859375e-05
features.denseblock1.denselayer6.norm1,relu,224,8.99460264257811,69,5.699625134237008,37.75096102048231,40.953556811984406,31.580772101024174,4.141671316964286e-05
features.denseblock1.denselayer6.norm2,relu,128,1.482095346839658,0,8.345214492903086,34.43913680731387,39.04001309833234,31.54450739327459,2.288818359375e-05
features.transition1.norm,relu,256,2.847618577532841,4,6.300446746472805,36.880459977352,38.4508121949896,31.522734971874083,4.9591064453125e-05
features.denseblock2.denselayer1.norm1,relu,128,415.1208774621444,26,9.480114644124244,33.33161509272966,36.79333991238411,31.50766128452862,4.57763671875e-05
features.denseblock2.denselayer1.norm2,relu,128,4.577016333362058,0,6.041261343382061,37.24533440756959,39.5344616017581,31.558912080320994,4.9591064453125e-05
features.denseblock2.denselayer2.norm1,relu,160,7.217333744460236,0,7.072767966820123,35.87609866742359,38.30770892820416,31.53021121147971,3.662109375e-05
features.denseblock2.denselayer2.norm2,relu,128,1.84198071105835,0,6.446167018893434,36.681855803496646,39.85957000800978,31.581650041781828,5.340576171875e-05
features.denseblock2.denselayer3.norm1,relu,192,7.229213335023592,13,8.158328326897253,34.63586329466261,36.92385262400417,31.533951442018772,2.0345052083333332e-05
features.denseblock2.denselayer3.norm2,relu,128,1.625835751467903,0,8.104135522959464,34.69375297988225,39.13699154949642,31.563944700314728,3.814697265625e-05
features.denseblock2.denselayer4.norm1,relu,224,3.5327778462398576,4,6.510956913543751,36.59499045160726,39.150714791833124,31.535355996876962,3.269740513392857e-05
features.denseblock2.denselayer4.norm2,relu,128,1.7887673981971226,0,7.950520897101949,34.85997521130599,38.513111346844255,31.458269105970686,2.288818359375e-05
features.denseblock2.denselayer5.norm1,relu,256,456.4785166471927,47,7.3734317077377325,35.51449363568627,38.535087848144585,31.553707704113624,2.6702880859375e-05
features.denseblock2.denselayer5.norm2,relu,128,1.6862539129977192,0,9.802538449767157,33.0411157902929,38.76404164893565,31.48830211286498,1.52587890625e-05
features.denseblock2.denselayer6.norm1,relu,288,15.825281150800175,10,9.42083236181743,33.38610136264578,35.06239490245643,31.524929085499316,4.238552517361111e-05
features.denseblock2.denselayer6.norm2,relu,128,2.1787463726905827,0,9.424221435621986,33.38297724088149,37.96785678057721,31.463680963009537,1.1444091796875e-05
features.denseblock2.denselayer7.norm1,relu,320,4.271442691017392,22,6.805359815556543,36.21086503302709,38.269990328965335,31.541474387786387,4.8828125e-05
features.denseblock2.denselayer7.norm2,relu,128,1.7411102849018334,0,8.275789216730006,34.5116984653783,39.67678316031888,31.506150675747676,3.0517578125e-05
features.denseblock2.denselayer8.norm1,relu,352,3.496938477923937,24,7.219109081736543,35.69821479734341,37.98471668761162,31.532863767156286,4.993785511363637e-05
features.denseblock2.denselayer8.norm2,relu,128,1.7257622094214022,0,9.14866957411434,33.64072803352568,39.13423497258863,31.467242420119877,2.288818359375e-05
features.denseblock2.denselayer9.norm1,relu,384,5.884639463160946,6,7.701173451002725,35.13674878012789,37.09768553156144,31.497108280769268,4.0690104166666664e-05
features.denseblock2.denselayer9.norm2,relu,128,1.8885905600119666,0,8.563536369666586,34.214823948964174,39.53511933065093,31.577156516530778,3.0517578125e-05
features.denseblock2.denselayer10.norm1,relu,416,3.760983964371971,9,6.4131753492097365,36.72642458817999,39.19244195500815,31.525340654233975,4.6950120192307695e-05
features.denseblock2.denselayer10.norm2,relu,128,1.7114202873883047,0,9.853245396693543,32.9963008976002,39.41745783974491,31.531057001953783,2.6702880859375e-05
features.denseblock2.denselayer11.norm1,relu,448,3.525092807331994,26,6.234534873363902,36.971805708761806,39.701061840080804,31.531219720496225,3.596714564732143e-05
features.denseblock2.denselayer11.norm2,relu,128,1.7685756332111284,0,10.975047772087484,32.05975849336902,38.37772335992354,31.5401892126772,1.9073486328125e-05
features.denseblock2.denselayer12.norm1,relu,480,3.1939880403467216,10,7.597953392070604,35.253954376686565,37.598301621459676,31.53759258347322,2.13623046875e-05
features.denseblock2.denselayer12.norm2,relu,128,1.9057067957589564,0,10.957989477397703,32.07326929839599,39.09570956116348,31.601053691299814,1.9073486328125e-05
features.transition2.norm,relu,512,2.1151077931389417,2,7.23170246599993,35.68307588653401,38.60378335539512,31.535020425220615,2.193450927734375e-05
features.denseblock3.denselayer1.norm1,relu,256,2.7322646013374894,0,6.581413619200804,36.50150316816391,38.367564588863054,31.528267629204272,3.4332275390625e-05
features.denseblock3.denselayer1.norm2,relu,128,1.6847416620565638,0,7.80700727076305,35.01819520302073,37.36905358568555,31.522700378565105,2.288818359375e-05
features.denseblock3.denselayer2.norm1,relu,288,3.2952346975136435,4,8.711925818262129,34.06560350436686,36.11170565791597,31.514137886706067,4.916720920138889e-05
features.denseblock3.denselayer2.norm2,relu,128,1.797213849237896,0,6.530247451246319,36.56929411267073,40.1684281299995,31.19508676019342,2.288818359375e-05
features.denseblock3.denselayer3.norm1,relu,320,2.7314730336867292,0,7.079349837208632,35.86801939551246,37.716448593938516,31.55056529314827,2.74658203125e-05
features.denseblock3.denselayer3.norm2,relu,128,1.6658342810784896,0,8.052032476106872,34.749776522561696,37.521475744418275,31.545717301597623,1.9073486328125e-05
features.denseblock3.denselayer4.norm1,relu,352,2.74102022216377,1,7.860676305592075,34.958688622544614,36.80721578663927,31.54717524679006,4.716352982954545e-05
features.denseblock3.denselayer4.norm2,relu,128,1.8245945849933,0,10.665974174297252,32.30787632392351,35.65457889444326,31.56005269289222,2.288818359375e-05
features.denseblock3.denselayer5.norm1,relu,384,4.829670864249818,16,8.00023638006206,34.80583049715661,36.51747700888018,31.532583078975303,2.6702880859375e-05
features.denseblock3.denselayer5.norm2,relu,128,1.8406140780763285,0,12.6005368737824,30.860105887793452,34.53304859837893,31.6013570175973,7.62939453125e-06
features.denseblock3.denselayer6.norm1,relu,416,3.4038343746271376,7,7.700909674758122,35.13704628941041,37.411207042730496,31.536055294864937,3.1691331129807695e-05
features.denseblock3.denselayer6.norm2,relu,128,1.6778884977129485,0,8.184848905205303,34.60767354731488,38.64986346306627,31.52478254352574,2.288818359375e-05
features.denseblock3.denselayer7.norm1,relu,448,9.20106892052101,32,7.9004639690292775,34.91483494423625,36.76009671197647,31.54968891674485,2.9427664620535715e-05
features.denseblock3.denselayer7.norm2,relu,128,1.7389104556089006,0,8.95120977969002,33.83025217296999,38.50259580440018,31.482730656445863,1.1444091796875e-05
features.denseblock3.denselayer8.norm1,relu,480,2.615926362425467,4,6.3354652036161765,36.83231668006582,38.9551523067321,31.53754876989317,4.2724609375e-05
features.denseblock3.denselayer8.norm2,relu,128,2.0007254811919015,0,15.162249824642954,29.252613917088357,34.282665474144636,31.47922590593708,7.62939453125e-06
features.denseblock3.denselayer9.norm1,relu,512,2.402112266099843,7,8.467188584842566,34.313102226162016,36.6207736968052,31.554258543881033,2.765655517578125e-05
features.denseblock3.denselayer9.norm2,relu,128,2.047213641703403,0,12.254962401655556,31.10164721618689,35.81140432046683,31.558737992322854,1.1444091796875e-05
features.denseblock3.denselayer10.norm1,relu,544,3.708861464084293,10,8.719452968979486,34.05810208921414,35.51102346677601,31.566634497102342,2.9620002297794117e-05
features.denseblock3.denselayer10.norm2,relu,128,1.7685498400559327,0,8.742508971840545,34.03516514622918,38.66975980203229,31.544615864493206,1.52587890625e-05
features.denseblock3.denselayer11.norm1,relu,576,3.0875711422529823,7,8.557852424360313,34.22059101891939,36.25310977250216,31.528087608508898,2.1192762586805555e-05
features.denseblock3.denselayer11.norm2,relu,128,1.688780811498863,0,12.389719778912209,31.006657200578353,35.42461736126781,31.56540734817093,1.1444091796875e-05
features.denseblock3.denselayer12.norm1,relu,608,2.6385648860847217,6,7.578378786545786,35.27636070722551,37.374878935256646,31.52745911872941,2.8108295641447368e-05
features.denseblock3.denselayer12.norm2,relu,128,1.7424840877536383,0,9.15701728975457,33.632806195645884,38.84615794849233,31.530479393721468,1.9073486328125e-05
features.denseblock3.denselayer13.norm1,relu,640,3.695348257987777,28,7.835751169083692,34.986274156545505,36.6518154031995,31.539734280478818,4.9591064453125e-05
features.denseblock3.denselayer13.norm2,relu,128,1.6685515426284618,0,8.353802722154645,34.43020257878034,39.52536754536339,31.542716994509163,2.288818359375e-05
features.denseblock3.denselayer14.norm1,relu,672,3.182027492220613,19,8.291068554793261,34.49567675702302,36.253280038291926,31.562719371464773,5.667550223214286e-05
features.denseblock3.denselayer14.norm2,relu,128,1.9165791570670114,0,10.016313492576703,32.85372870530831,38.88332445767865,31.542438611889345,1.52587890625e-05
features.denseblock3.denselayer15.norm1,relu,704,2.9030595575127087,6,7.271755317125235,35.635101736621124,37.72082060911136,31.54642572682786,2.6356090198863637e-05
features.denseblock3.denselayer15.norm2,relu,128,1.7056026412810907,0,10.013352421642006,32.85629684954464,38.980923641501015,31.566015772724114,2.288818359375e-05
features.denseblock3.denselayer16.norm1,relu,736,2.8858154999714727,8,9.47617825741602,33.33522244583287,35.43743935798329,31.538715255778904,3.1844429347826086e-05
features.denseblock3.denselayer16.norm2,relu,128,1.974381017874239,0,10.479209865938024,32.4613161193885,38.368162733691854,31.597140731233537,1.1444091796875e-05
features.denseblock3.denselayer17.norm1,relu,768,2.5806238907625842,5,7.499568996618723,35.36716077914484,37.6609223860501,31.53245642055007,2.9881795247395832e-05
features.denseblock3.denselayer17.norm2,relu,128,1.8659041254456472,0,11.45398456341681,31.688755010051302,38.03322671327006,31.521671217084975,1.9073486328125e-05
features.denseblock3.denselayer18.norm1,relu,800,2.523823272026212,12,8.77761296285452,34.00035833370049,35.95615237579933,31.54184892745272,2.197265625e-05
features.denseblock3.denselayer18.norm2,relu,128,2.1631796981148996,0,10.59236361978417,32.368029259142105,39.07038363398836,31.4895405169545,1.52587890625e-05
features.denseblock3.denselayer19.norm1,relu,832,2.612868245470284,6,7.198934152666893,35.722522856194,37.518952329291075,31.547741855564606,2.8170072115384617e-05
features.denseblock3.denselayer19.norm2,relu,128,1.7850522943560065,0,10.681488452510232,32.29525137317856,38.26005960202909,31.593042052961447,1.52587890625e-05
features.denseblock3.denselayer20.norm1,relu,864,2.873444980734635,6,6.711381153481226,36.33164879928181,38.203576827937106,31.55190149472993,2.3170753761574075e-05
features.denseblock3.denselayer20.norm2,relu,128,1.7759687625377079,0,14.706552808168567,29.517669144739166,36.273266218617,31.591204201024734,3.814697265625e-06
features.denseblock3.denselayer21.norm1,relu,896,3.35178372675689,19,6.964182254339282,36.010484315875814,38.06554063120116,31.533562037983035,2.506801060267857e-05
features.denseblock3.denselayer21.norm2,relu,128,1.890534168292671,0,13.337289256719536,30.366535476106087,37.715330877171205,31.586608402487897,1.52587890625e-05
features.denseblock3.denselayer22.norm1,relu,928,4.16461922693227,27,7.844698533561949,34.976361707563754,37.100129299973226,31.538130801195937,3.1569908405172416e-05
features.denseblock3.denselayer22.norm2,relu,128,1.9728712912620232,0,10.266365780901,32.639552205556186,39.231435422919965,31.58902571739943,1.52587890625e-05
features.denseblock3.denselayer23.norm1,relu,960,3.131218758022597,18,6.58122904716872,36.50174676245446,38.49339362366428,31.527872901480517,3.3060709635416664e-05
features.denseblock3.denselayer23.norm2,relu,128,2.026102722756017,0,12.536418629021254,30.90441715735616,39.10364197151562,31.57524251455767,1.9073486328125e-05
features.denseblock3.denselayer24.norm1,relu,992,3.205209441946846,21,7.181980035291697,35.74300300908726,38.158154362070455,31.522966554787217,2.7564264112903225e-05
features.denseblock3.denselayer24.norm2,relu,128,2.138669093739048,0,12.549154048430186,30.895597868404195,38.102250564909326,31.524287625989253,1.9073486328125e-05
features.transition3.norm,relu,1024,2.3944328731374305,0,8.820678389979879,33.9578471277639,37.08054447068292,31.527256198366047,2.002716064453125e-05
features.denseblock4.denselayer1.norm1,relu,512,1.5690476536096298,3,7.509857518626298,35.35525293168611,38.97247637701982,31.551687640260777,2.384185791015625e-05
features.denseblock4.denselayer1.norm2,relu,128,1.5572628705314442,0,10.372134198989853,32.55052433526629,38.64230291575933,31.531360660007287,1.52587890625e-05
features.denseblock4.denselayer2.norm1,relu,544,1.5299657622655942,10,7.979906221682219,34.827931126879655,38.383133810045024,31.535341133522742,2.1541819852941178e-05
features.denseblock4.denselayer2.norm2,relu,128,1.4829736295665439,0,10.603755190604291,32.3586930276028,39.52991263293251,31.484967463346113,1.1444091796875e-05
features.denseblock4.denselayer3.norm1,relu,576,1.6289211716336283,17,7.9410287994485,34.870351458309074,38.040057253754455,31.531292981781892,2.288818359375e-05
features.denseblock4.denselayer3.norm2,relu,128,1.6831593925356403,0,10.02517799380913,32.84604503720659,38.91471096837131,31.522728261961564,1.1444091796875e-05
features.denseblock4.denselayer4.norm1,relu,608,1.633423069450617,27,7.639114468860953,35.20702652372776,38.39402927980633,31.5259397587921,2.650210731907895e-05
features.denseblock4.denselayer4.norm2,relu,128,1.7259037200970362,0,11.966460821369152,31.308572414532115,38.302000271119184,31.49437670599992,1.52587890625e-05
features.denseblock4.denselayer5.norm1,relu,640,1.5899943616060879,67,8.285666993478175,34.5013373850737,38.12438343701593,31.510043201801846,1.52587890625e-05
features.denseblock4.denselayer5.norm2,relu,128,1.531262675805372,0,14.41781571754957,29.68989747451951,38.37933682669203,31.492341865580098,1.9073486328125e-05
features.denseblock4.denselayer6.norm1,relu,672,2.1616308564648086,24,9.317276340685533,33.48210735158105,37.074149160114544,31.542865329955937,2.7611142113095238e-05
features.denseblock4.denselayer6.norm2,relu,128,1.9748864155554633,0,10.859647772763484,32.151572092450294,39.251426333252354,31.587426618149088,1.52587890625e-05
features.denseblock4.denselayer7.norm1,relu,704,1.5760076580661722,111,7.719289598691467,35.11634019299569,39.00211434565414,31.5128580313597,2.7049671519886363e-05
features.denseblock4.denselayer7.norm2,relu,128,1.6193075700611765,1,14.464226954016695,29.66198232810926,38.45615506375938,31.52941373876611,3.814697265625e-06
features.denseblock4.denselayer8.norm1,relu,736,1.7858246160699667,112,10.551699902454581,32.40143825794471,36.47079622045494,31.544240403736797,2.0566193953804348e-05
features.denseblock4.denselayer8.norm2,relu,128,1.5219673810754286,0,15.304465634001142,29.171523469475922,38.38202984287738,31.502229243283175,3.814697265625e-06
features.denseblock4.denselayer9.norm1,relu,768,1.6038672101265559,181,8.414256349033955,34.3675720973213,38.86193159744619,31.507138318417205,1.9073486328125e-05
features.denseblock4.denselayer9.norm2,relu,128,1.7641118095368222,0,17.514614076811267,27.9998754323708,37.86193021364277,31.514077773736368,1.1444091796875e-05
features.denseblock4.denselayer10.norm1,relu,800,1.5703787218268463,206,8.598830338002461,34.17909927867444,38.74498334668388,31.524485682465873,1.8310546875e-05
features.denseblock4.denselayer10.norm2,relu,128,1.5520667602184757,0,13.303140171441104,30.38880353670398,40.21312280160195,31.473569982951027,3.4332275390625e-05
features.denseblock4.denselayer11.norm1,relu,832,1.5978218102915611,235,8.983041091923399,33.79941915324672,38.75869765663524,31.529713787451215,1.52587890625e-05
features.denseblock4.denselayer11.norm2,relu,128,1.4939607245050233,0,17.471977735928505,28.02104552729112,37.79996512912067,31.478405430953277,1.1444091796875e-05
features.denseblock4.denselayer12.norm1,relu,864,1.5831286116295527,260,9.14864750131333,33.640748989812636,38.30428235719383,31.529727705514507,1.2433087384259259e-05
features.denseblock4.denselayer12.norm2,relu,128,1.5106185614551528,0,16.1079067753284,28.727104730415213,37.76764738798203,31.568199432164583,7.62939453125e-06
features.denseblock4.denselayer13.norm1,relu,896,1.6792369759206558,284,8.910946280179605,33.86941036914117,38.76401828795668,31.52184331283693,1.4713832310267857e-05
features.denseblock4.denselayer13.norm2,relu,128,1.6105113615013311,0,16.17438512469404,28.691331283850957,37.80357187429744,31.54884397593086,3.814697265625e-06
features.denseblock4.denselayer14.norm1,relu,928,1.5582439142524023,312,8.24306541718984,34.546111950992994,39.44561968354828,31.5393030461209,3.683155980603448e-05
features.denseblock4.denselayer14.norm2,relu,128,1.5346435912892455,0,15.036829021628549,29.324761648638194,38.809467351987266,31.650183085230864,1.1444091796875e-05
features.denseblock4.denselayer15.norm1,relu,960,1.6069619839454534,351,8.880796224973489,33.89884877886489,39.06693107407443,31.516014808361646,1.983642578125e-05
features.denseblock4.denselayer15.norm2,relu,128,1.6517604536740407,0,16.04727183173554,28.75986269198323,38.58561716444645,31.550845485356117,1.52587890625e-05
features.denseblock4.denselayer16.norm1,relu,992,1.6450626300604894,339,9.103285442470716,33.683923666086855,38.13753217998987,31.531713021573623,1.7719884072580646e-05
features.denseblock4.denselayer16.norm2,relu,128,1.521786605426914,0,12.259901531255213,31.09814723876025,39.15019109833694,31.63375456127289,7.62939453125e-06
features.norm5,identity,1024,1615.4890424346224,1,6.021681190289855,37.273531706485834,38.81027583164556,31.535726105646653,3.9577484130859375e-05
