bn,gain_a3
features.denseblock1.denselayer1.norm1,3.4858974631728823
features.denseblock1.denselayer2.norm1,4.10179857903712
features.denseblock1.denselayer3.norm1,3.0311433374323844
features.denseblock1.denselayer4.norm1,2.197947988055877
features.denseblock1.denselayer5.norm1,2.058430410562721
features.denseblock1.denselayer6.norm1,0.9979546368052619
features.transition1.norm,1.9683290617312714
features.denseblock2.denselayer1.norm1,0.9582413295021284
features.denseblock2.denselayer2.norm1,1.3035517106999068
features.denseblock2.denselayer3.norm1,1.2530524179725109
features.denseblock2.denselayer4.norm1,1.392405157505754
features.denseblock2.denselayer5.norm1,1.3360892151245312
features.denseblock2.denselayer6.norm1,1.293741469766952
features.denseblock2.denselayer7.norm1,1.3536870818083064
features.denseblock2.denselayer8.norm1,1.3459397061683958
features.denseblock2.denselayer9.norm1,1.3779889633710258
features.denseblock2.denselayer10.norm1,1.4339039632270216
features.denseblock2.denselayer11.norm1,1.4354343303883768
features.denseblock2.denselayer12.norm1,1.4406276864859107
features.transition2.norm,1.6106712675242145
features.denseblock3.denselayer1.norm1,1.093838312882931
features.denseblock3.denselayer2.norm1,1.0261327829347233
features.denseblock3.denselayer3.norm1,1.1853097713454397
features.denseblock3.denselayer4.norm1,1.169350787757966
features.denseblock3.denselayer5.norm1,1.0867082771992864
features.denseblock3.denselayer6.norm1,1.196502966724229
features.denseblock3.denselayer7.norm1,1.1615767231805927
features.denseblock3.denselayer8.norm1,1.2232978485432302
features.denseblock3.denselayer9.norm1,1.2635712954455969
features.denseblock3.denselayer10.norm1,1.1832741198408556
features.denseblock3.denselayer11.norm1,1.2359302080614827
features.denseblock3.denselayer12.norm1,1.2444602574268633
features.denseblock3.denselayer13.norm1,1.2251694369763109
features.denseblock3.denselayer14.norm1,1.2221750467635117
features.denseblock3.denselayer15.norm1,1.2538208926259125
features.denseblock3.denselayer16.norm1,1.2393591330504525
features.denseblock3.denselayer17.norm1,1.2672313124286052
features.denseblock3.denselayer18.norm1,1.3142424999059417
features.denseblock3.denselayer19.norm1,1.2935594132457182
features.denseblock3.denselayer20.norm1,1.3175765164990698
features.denseblock3.denselayer21.norm1,1.3251174509132833
features.denseblock3.denselayer22.norm1,1.2913305372444828
features.denseblock3.denselayer23.norm1,1.3288101667143857
features.denseblock3.denselayer24.norm1,1.3362558034755323
features.transition3.norm,1.3366997398894045
features.denseblock4.denselayer1.norm1,1.0729415612038105
features.denseblock4.denselayer2.norm1,1.0617770454847824
features.denseblock4.denselayer3.norm1,1.0596561520597245
features.denseblock4.denselayer4.norm1,1.0491108447672715
features.denseblock4.denselayer5.norm1,1.0330519072235198
features.denseblock4.denselayer6.norm1,1.1041388602696214
features.denseblock4.denselayer7.norm1,1.010886082275537
features.denseblock4.denselayer8.norm1,1.0292833378930637
features.denseblock4.denselayer9.norm1,0.9702323397391813
features.denseblock4.denselayer10.norm1,0.9563978394783043
features.denseblock4.denselayer11.norm1,0.9336513022369564
features.denseblock4.denselayer12.norm1,0.9330079561661598
features.denseblock4.denselayer13.norm1,0.9358859573242495
features.denseblock4.denselayer14.norm1,0.9142538165480122
features.denseblock4.denselayer15.norm1,0.8894024902490895
features.denseblock4.denselayer16.norm1,0.9254395746951506
features.norm5,2.38975155658025
