layer,type,params,w_int8_per_channel_db,w_int8_per_tensor_db,w_fp8_db
model.0.conv,conv2d,2160,45.182754987571585,35.023811421471,32.792047288457255
model.1.conv,conv2d,115200,34.66882337728183,27.04833256677967,31.90149344907713
model.2.cv1.conv,conv2d,25600,38.219853970493915,30.13762530166263,32.42998798391636
model.2.cv2.conv,conv2d,64000,38.28824232092637,28.543562186706673,31.797944801226436
model.2.m.0.cv1.conv,conv2d,57600,34.359473090482,24.667973578099772,32.115430674975656
model.2.m.0.cv2.conv,conv2d,57600,35.40831778206856,29.021511751333623,31.78469199025248
model.2.m.1.cv1.conv,conv2d,57600,34.38477326755981,24.112821504927098,31.869538944535563
model.2.m.1.cv2.conv,conv2d,57600,36.85221606680696,31.232582545232653,31.81291891721753
model.2.m.2.cv1.conv,conv2d,57600,36.75415961158096,30.674852255431063,31.820049475295676
model.2.m.2.cv2.conv,conv2d,57600,38.06433978481323,32.174824808701466,31.714126384609106
model.3.conv,conv2d,460800,36.49715319248707,28.571774764679496,31.67550409340453
model.4.cv1.conv,conv2d,102400,37.74934959791886,29.303011488189227,31.909720568431265
model.4.cv2.conv,conv2d,409600,35.960807599618065,28.03481272555873,31.702208043807563
model.4.m.0.cv1.conv,conv2d,230400,34.722060651059145,25.38067855804568,31.71360482190787
model.4.m.0.cv2.conv,conv2d,230400,37.13948963931633,29.024556608198814,31.641787042588355
model.4.m.1.cv1.conv,conv2d,230400,36.1610066226975,27.783678588825715,31.668027785892015
model.4.m.1.cv2.conv,conv2d,230400,36.373144421703316,30.061979056138817,31.65882778471275
model.4.m.2.cv1.conv,conv2d,230400,36.77753917989516,29.437742273897737,31.68048824248197
model.4.m.2.cv2.conv,conv2d,230400,36.961413662413236,28.531427142118005,31.675768952523576
model.4.m.3.cv1.conv,conv2d,230400,37.24178153863519,30.229668267988615,31.64229111275226
model.4.m.3.cv2.conv,conv2d,230400,36.8203027047978,29.17241102371812,31.705515607657695
model.4.m.4.cv1.conv,conv2d,230400,37.645871247256515,31.142822634817836,31.6342350926678
model.4.m.4.cv2.conv,conv2d,230400,36.767644824558694,28.378925777402195,31.642085659952496
model.4.m.5.cv1.conv,conv2d,230400,38.01433414595484,31.777420678503354,31.616136113195527
model.4.m.5.cv2.conv,conv2d,230400,37.73870942708136,31.63945925246629,31.61542727812622
model.5.cv1.conv,conv2d,204800,39.38921951363562,28.60049526825258,31.808137532490854
model.5.cv2.conv,depthwise,5760,49.217142560765254,38.72118942782977,33.037121614609504
model.6.cv1.conv,conv2d,409600,37.46961730796908,25.741643753874722,31.763623024571675
model.6.cv2.conv,conv2d,1638400,35.71424558983575,24.52779890059813,31.61665125002184
model.6.m.0.cv1.0.conv,depthwise,2880,46.48385921648171,34.55397576165318,35.054591241048875
model.6.m.0.cv1.1.conv,conv2d,204800,38.696934787597016,28.85345870970134,31.922502514349883
model.6.m.0.cv1.2.conv,depthwise,5760,46.933710217617914,37.91426843043722,34.62606841640255
model.6.m.0.cv1.3.conv,conv2d,204800,38.65504704361467,30.343696425062866,31.71791607185126
model.6.m.0.cv1.4.conv,depthwise,2880,46.63306918317029,34.19209492388888,35.09404079753098
model.6.m.1.cv1.0.conv,depthwise,2880,46.469943185503986,37.336690492002006,35.00824015364973
model.6.m.1.cv1.1.conv,conv2d,204800,39.02435940086852,32.17929384950559,31.86832082761013
model.6.m.1.cv1.2.conv,depthwise,5760,47.1156506358355,39.33395188632498,34.3961037588356
model.6.m.1.cv1.3.conv,conv2d,204800,38.94036315659177,30.77524912788018,31.662714573342754
model.6.m.1.cv1.4.conv,depthwise,2880,46.317201647809505,36.806554731183205,35.28697068482124
model.6.m.2.cv1.0.conv,depthwise,2880,45.807079462455214,38.48683151032915,36.00096103645474
model.6.m.2.cv1.1.conv,conv2d,204800,40.1121688095213,30.92083860987273,31.77292589605647
model.6.m.2.cv1.2.conv,depthwise,5760,46.61707622815065,40.97701243520311,34.85776521652895
model.6.m.2.cv1.3.conv,conv2d,204800,39.562141796946136,32.088707786334396,31.637959395238603
model.6.m.2.cv1.4.conv,depthwise,2880,46.18936056453535,39.80782612167054,35.55947613991125
model.6.m.3.cv1.0.conv,depthwise,2880,45.23154824201696,38.57660015319803,36.74299057637384
model.6.m.3.cv1.1.conv,conv2d,204800,40.207741287457345,29.236009395583377,31.783363753507494
model.6.m.3.cv1.2.conv,depthwise,5760,46.75664694348126,40.46206242449525,34.66683588458713
model.6.m.3.cv1.3.conv,conv2d,204800,39.4117660660054,30.213509096373365,31.66811851725845
model.6.m.3.cv1.4.conv,depthwise,2880,46.21998120813912,39.258382116567766,35.35085588561572
model.6.m.4.cv1.0.conv,depthwise,2880,44.859424433912885,38.51306874367924,38.445816617240226
model.6.m.4.cv1.1.conv,conv2d,204800,40.5908301121146,28.527592341002087,31.7725817405257
model.6.m.4.cv1.2.conv,depthwise,5760,46.50861417363994,40.107037521007875,35.005276105317066
model.6.m.4.cv1.3.conv,conv2d,204800,39.281209593398565,30.982294211829178,31.715760255596578
model.6.m.4.cv1.4.conv,depthwise,2880,46.3052591483096,39.17371410613749,35.30948704796525
model.6.m.5.cv1.0.conv,depthwise,2880,45.701458024043404,35.56743361801083,35.82464044964452
model.6.m.5.cv1.1.conv,conv2d,204800,40.82989298884424,34.24386308461939,31.73724294763177
model.6.m.5.cv1.2.conv,depthwise,5760,47.649242484180625,39.6399466342491,34.04174033194365
model.6.m.5.cv1.3.conv,conv2d,204800,39.78097585184541,32.93196423671831,31.677015428862525
model.6.m.5.cv1.4.conv,depthwise,2880,47.20644361873451,38.57535224629022,34.00539740347706
model.7.cv1.conv,conv2d,409600,37.679178002340755,28.640669057631243,31.786088941164824
model.7.cv2.conv,depthwise,5760,49.23719022992713,39.80256869039992,33.68897882398868
model.8.cv1.conv,conv2d,409600,38.124801992547674,26.832022782059212,31.78235758334815
model.8.cv2.conv,conv2d,1024000,35.65896202291546,23.69806582062898,31.67164871987008
model.8.m.0.cv1.0.conv,depthwise,2880,46.292703563369514,37.78785910382743,35.2975858888676
model.8.m.0.cv1.1.conv,conv2d,204800,37.57534699235549,28.186425997012186,32.01651381380881
model.8.m.0.cv1.2.conv,depthwise,5760,46.94381525678902,39.341349708027465,34.65186373710584
model.8.m.0.cv1.3.conv,conv2d,204800,36.72894287985062,27.002730720175023,31.793229195071167
model.8.m.0.cv1.4.conv,depthwise,2880,46.30468882363337,34.53511019784051,35.43616297370814
model.8.m.1.cv1.0.conv,depthwise,2880,46.68156997884421,36.852500351148734,34.66974423757046
model.8.m.1.cv1.1.conv,conv2d,204800,36.60713880884957,27.801988470410677,32.15932993883908
model.8.m.1.cv1.2.conv,depthwise,5760,47.283973558095695,39.75437928307557,34.32708755668783
model.8.m.1.cv1.3.conv,conv2d,204800,36.636491525086214,26.98457125433666,31.89747718558033
model.8.m.1.cv1.4.conv,depthwise,2880,46.419051231583886,38.61114859765411,35.25133927780584
model.8.m.2.cv1.0.conv,depthwise,2880,47.30498498181478,36.308909175789154,34.16776801738308
model.8.m.2.cv1.1.conv,conv2d,204800,36.141685779723375,29.947612199658682,32.312692876224375
model.8.m.2.cv1.2.conv,depthwise,5760,48.608411546055294,39.156194552568444,33.68890720894083
model.8.m.2.cv1.3.conv,conv2d,204800,36.74353940015341,28.702084370899232,32.034222104958474
model.8.m.2.cv1.4.conv,depthwise,2880,48.342817888599654,38.30922477890071,33.777872838212886
model.9.cv1.conv,conv2d,204800,37.27379388909413,27.975937946603512,31.77004922024683
model.9.cv2.conv,conv2d,819200,34.73810901697443,23.8255393769964,31.76700794467402
model.10.cv1.conv,conv2d,409600,37.476948243710886,25.7970967237608,31.769463087644283
model.10.cv2.conv,conv2d,409600,38.9134573995704,30.430731045951767,31.710387274438236
model.10.attn.qkv.conv,conv2d,204800,38.85673393216954,27.207311893342663,31.88620501157175
model.10.attn.proj.conv,conv2d,102400,39.92140708031331,31.054483066521435,31.757788151998085
model.10.attn.pe.conv,depthwise,2880,44.68939217053318,39.07296202948646,39.238521319799915
model.10.ffn.0.conv,conv2d,204800,39.41335168239034,27.691851243536874,31.8150320350553
model.10.ffn.1.conv,conv2d,204800,37.547875778495346,26.11187984106746,31.755094215984478
model.13.cv1.conv,conv2d,819200,39.22635070950016,29.691635447011645,31.614128268362055
model.13.cv2.conv,conv2d,1024000,36.6585292544142,24.180892041571063,31.64162172126378
model.13.m.0.cv1.0.conv,depthwise,2880,44.9941413066178,35.22251514380998,37.11999130979238
model.13.m.0.cv1.1.conv,conv2d,204800,38.03270650504322,28.714525107941057,31.978031688288393
model.13.m.0.cv1.2.conv,depthwise,5760,45.85609329555445,35.94791836582687,35.8961107700141
model.13.m.0.cv1.3.conv,conv2d,204800,38.10981838706015,30.40430103202096,31.72770763737711
model.13.m.0.cv1.4.conv,depthwise,2880,45.5594339641852,35.08178968629413,36.216479417362855
model.13.m.1.cv1.0.conv,depthwise,2880,45.75628346785755,37.153331576176676,36.45681144295915
model.13.m.1.cv1.1.conv,conv2d,204800,38.56388362321138,30.320515722144187,31.94213064763155
model.13.m.1.cv1.2.conv,depthwise,5760,46.87181783257653,39.60949282640434,34.59601893157631
model.13.m.1.cv1.3.conv,conv2d,204800,38.20609314661736,31.35653157132232,31.707643861070764
model.13.m.1.cv1.4.conv,depthwise,2880,46.0790217941664,39.117135036017665,35.60268677893917
model.13.m.2.cv1.0.conv,depthwise,2880,45.78777444721638,37.80124444566249,35.61418607416387
model.13.m.2.cv1.1.conv,conv2d,204800,39.793465270438645,32.098706931155604,31.806529730611675
model.13.m.2.cv1.2.conv,depthwise,5760,46.95116939971228,39.624470073424305,34.50735934319562
model.13.m.2.cv1.3.conv,conv2d,204800,38.75967562826465,31.855875515944838,31.693984992688268
model.13.m.2.cv1.4.conv,depthwise,2880,46.130756470047984,39.8946854506121,35.42828866218909
model.16.cv1.conv,conv2d,307200,37.51799331739448,27.78059848124984,31.674677235731522
model.16.cv2.conv,conv2d,256000,33.92442929574089,21.871685347650313,32.01684705727689
model.16.m.0.cv1.conv,conv2d,230400,35.585624309019146,28.478179559921323,31.700030441898207
model.16.m.0.cv2.conv,conv2d,230400,35.60152570141198,29.258338183179035,31.710700990387547
model.16.m.1.cv1.conv,conv2d,230400,35.85303952794787,30.451392769781343,31.654148356556423
model.16.m.1.cv2.conv,conv2d,230400,34.96351941957748,26.773409977953236,31.779851225541186
model.16.m.2.cv1.conv,conv2d,230400,35.16785341302083,27.659331858537787,31.71636432770073
model.16.m.2.cv2.conv,conv2d,230400,33.44369419641601,26.92790236879265,31.861637941392267
model.17.conv,conv2d,921600,33.315825489893555,21.82317912891412,31.648518836908572
model.19.cv1.conv,conv2d,614400,37.00592798250852,27.330690122539714,31.723276398220328
model.19.cv2.conv,conv2d,1024000,32.48835892442068,22.41011735642893,31.868539492280657
model.19.m.0.cv1.0.conv,depthwise,2880,46.459326535998386,40.054612872709995,35.032570880718055
model.19.m.0.cv1.1.conv,conv2d,204800,38.067771556203034,29.60620700014466,31.947629524469704
model.19.m.0.cv1.2.conv,depthwise,5760,46.79506865281986,41.501195201973395,34.62466897011869
model.19.m.0.cv1.3.conv,conv2d,204800,36.877113103994915,28.338822396029162,31.813434551159663
model.19.m.0.cv1.4.conv,depthwise,2880,46.519837596365036,38.65846506778163,35.24536977817159
model.19.m.1.cv1.0.conv,depthwise,2880,46.625124567719816,37.189546704863375,35.108729091661175
model.19.m.1.cv1.1.conv,conv2d,204800,37.79522062173581,30.31930981323724,32.013649851636494
model.19.m.1.cv1.2.conv,depthwise,5760,47.063279353423184,41.29651854542578,34.36670018201147
model.19.m.1.cv1.3.conv,conv2d,204800,36.62573303329382,28.145443467895955,31.923719444537934
model.19.m.1.cv1.4.conv,depthwise,2880,46.4687750470733,39.744775691583214,35.185743092485694
model.19.m.2.cv1.0.conv,depthwise,2880,46.57733127480752,34.81772371322113,34.79173435120546
model.19.m.2.cv1.1.conv,conv2d,204800,37.92818887181369,30.287962489646997,31.964681211793987
model.19.m.2.cv1.2.conv,depthwise,5760,46.98425901028048,34.27404159657241,34.46105216129867
model.19.m.2.cv1.3.conv,conv2d,204800,35.8970839434609,28.857763720889395,31.84961970666661
model.19.m.2.cv1.4.conv,depthwise,2880,45.95208566150556,34.76300577646215,35.91102833123647
model.20.cv1.conv,conv2d,409600,36.317406788022495,25.93677762417732,31.852919903835186
model.20.cv2.conv,depthwise,5760,48.94515263288547,42.905264935088454,33.26490130356716
model.22.cv1.conv,conv2d,819200,36.54885094304113,25.039306524961557,31.6821653150763
model.22.cv2.conv,conv2d,1024000,33.005453583336575,23.17136641009445,31.821027537823756
model.22.m.0.cv1.0.conv,depthwise,2880,47.19196459466568,41.710267981389734,34.39228895285097
model.22.m.0.cv1.1.conv,conv2d,204800,37.70591820991028,31.01358548281309,32.01811738873844
model.22.m.0.cv1.2.conv,depthwise,5760,47.276494836708366,42.00042328908098,34.37277545076582
model.22.m.0.cv1.3.conv,conv2d,204800,36.90934731859209,29.129528886397722,31.79044313651793
model.22.m.0.cv1.4.conv,depthwise,2880,47.136348600931456,40.82986880664662,34.662181908081884
model.22.m.1.cv1.0.conv,depthwise,2880,47.22503134020081,40.03854335880746,34.59997827683112
model.22.m.1.cv1.1.conv,conv2d,204800,37.76741405129189,31.321024119103072,32.00568512081466
model.22.m.1.cv1.2.conv,depthwise,5760,47.56857581694622,41.3573246784479,34.05119939117329
model.22.m.1.cv1.3.conv,conv2d,204800,36.500181866329264,29.80684233381779,31.866798139635666
model.22.m.1.cv1.4.conv,depthwise,2880,47.059073546450975,40.50685080506216,34.615797576943336
model.22.m.2.cv1.0.conv,depthwise,2880,47.968624395520564,38.045282920700174,34.141685210629326
model.22.m.2.cv1.1.conv,conv2d,204800,37.61100189618728,30.062108865116315,32.01876154002922
model.22.m.2.cv1.2.conv,depthwise,5760,47.92096008939068,41.157076574168926,33.85643343355731
model.22.m.2.cv1.3.conv,conv2d,204800,36.90437781673698,29.274722269212635,31.817673500433912
model.22.m.2.cv1.4.conv,depthwise,2880,47.075465331752014,38.368639751015195,34.16987023940152
model.23.cv2.0.0.conv,conv2d,230400,28.40158413119415,17.579494964074584,31.958084948362693
model.23.cv2.0.1.conv,conv2d,57600,31.55829272950506,24.43952884676802,32.56336277969294
model.23.cv2.0.2,conv2d,5120,40.138373735164976,36.10010385767503,32.94583232411786
model.23.cv2.1.0.conv,conv2d,460800,25.63461054319337,17.164249992448937,31.879193217032835
model.23.cv2.1.1.conv,conv2d,57600,31.90893804417183,27.979129722844025,32.45501749275269
model.23.cv2.1.2,conv2d,5120,39.95721792887184,36.485991684506594,32.83840312260595
model.23.cv2.2.0.conv,conv2d,460800,28.076248176895568,16.09881700459116,31.773414975401902
model.23.cv2.2.1.conv,conv2d,57600,32.878823424328026,27.246752869767686,32.00649652907549
model.23.cv2.2.2,conv2d,5120,40.20204761758488,37.57529982721805,32.55172734635197
model.23.cv3.0.0.0.conv,depthwise,2880,47.081791136373226,34.16594802771198,33.832919502135674
model.23.cv3.0.0.1.conv,conv2d,102400,37.30103033577127,26.393235856535348,32.05923813696322
model.23.cv3.0.1.0.conv,depthwise,2880,45.99511440105467,32.120072385765305,36.04727502017972
model.23.cv3.0.1.1.conv,conv2d,102400,40.9451059758976,31.316719672986917,31.71551369541914
model.23.cv3.0.2,conv2d,25600,44.303699206062845,38.42941181570802,31.552990694509194
model.23.cv3.1.0.0.conv,depthwise,5760,47.299371478360975,33.6951055007342,34.36322041651
model.23.cv3.1.0.1.conv,conv2d,204800,35.82080350197031,23.059610327104522,31.889641966932295
model.23.cv3.1.1.0.conv,depthwise,2880,46.2281993381947,32.232478486352186,36.029532921691604
model.23.cv3.1.1.1.conv,conv2d,102400,40.66055931154975,33.468851532369115,31.756241974321263
model.23.cv3.1.2,conv2d,25600,45.48958223709092,39.87590095574618,31.48156027432617
model.23.cv3.2.0.0.conv,depthwise,5760,47.39025150072158,34.437104885026486,34.09684733472273
model.23.cv3.2.0.1.conv,conv2d,204800,36.66331923459496,24.394168964195412,31.820163791347365
model.23.cv3.2.1.0.conv,depthwise,2880,47.13735966105666,33.97842139344811,34.63900751302737
model.23.cv3.2.1.1.conv,conv2d,102400,39.12372929567064,32.34492129994302,31.842937504216433
model.23.cv3.2.2,conv2d,25600,45.128930468920075,38.87547806105873,31.689527857594832
model.23.dfl.conv,conv2d,16,48.53871095731931,48.53871095731931,33.82887575033466
model.23.one2one_cv2.0.0.conv,conv2d,230400,31.753028425521663,25.87080816024152,31.59426113165384
model.23.one2one_cv2.0.1.conv,conv2d,57600,32.48166650089004,24.4281164040871,32.15986486515873
model.23.one2one_cv2.0.2,conv2d,5120,39.9131531788711,35.09753566454846,32.89142146980792
model.23.one2one_cv2.1.0.conv,conv2d,460800,28.21055234872486,21.726759522397757,31.717983424052882
model.23.one2one_cv2.1.1.conv,conv2d,57600,33.150910221864116,26.491528831260325,32.3999077079544
model.23.one2one_cv2.1.2,conv2d,5120,39.76677348681147,36.27357144545498,32.9122454541799
model.23.one2one_cv2.2.0.conv,conv2d,460800,32.336560132711504,26.284474799320748,31.596736914842136
model.23.one2one_cv2.2.1.conv,conv2d,57600,34.09017887296894,27.87280973407404,32.16223495120713
model.23.one2one_cv2.2.2,conv2d,5120,40.089657038722855,36.352920048083,32.62754586380086
model.23.one2one_cv3.0.0.0.conv,depthwise,2880,46.42457744462356,35.097063278202526,34.71235018735504
model.23.one2one_cv3.0.0.1.conv,conv2d,102400,38.047519159334584,30.71306839430967,32.00086888027248
model.23.one2one_cv3.0.1.0.conv,depthwise,2880,46.21162808645881,31.628110977248696,36.1174670863455
model.23.one2one_cv3.0.1.1.conv,conv2d,102400,37.670988044815196,20.39674163010997,31.78347497400408
model.23.one2one_cv3.0.2,conv2d,25600,43.29049442066646,35.080398528070546,31.673760622820183
model.23.one2one_cv3.1.0.0.conv,depthwise,5760,47.51832008055368,34.649148035809844,34.00520804154216
model.23.one2one_cv3.1.0.1.conv,conv2d,204800,36.64916792343669,26.868737467259436,31.84028602552084
model.23.one2one_cv3.1.1.0.conv,depthwise,2880,46.46747553747947,28.337491290966426,35.323710530579135
model.23.one2one_cv3.1.1.1.conv,conv2d,102400,38.25147792787767,27.27062186225635,31.934687626559718
model.23.one2one_cv3.1.2,conv2d,25600,45.43395850920369,39.779297465018985,31.524157451651092
model.23.one2one_cv3.2.0.0.conv,depthwise,5760,47.78983542816236,35.16933074181584,33.85975268088619
model.23.one2one_cv3.2.0.1.conv,conv2d,204800,37.26857135067497,29.77259971631308,31.855466246938065
model.23.one2one_cv3.2.1.0.conv,depthwise,2880,46.91875308867621,31.549733296603094,34.70081214516027
model.23.one2one_cv3.2.1.1.conv,conv2d,102400,37.3393800205882,26.797963663963237,32.08917786664492
model.23.one2one_cv3.2.2,conv2d,25600,45.11217927471339,39.01857732591837,31.594804989885624
