image,mre_proj,mre_elem,rel_l2,sqnr_db,n_fp32,n_gt,vanished,shifted,missed_gt,error,n_quant,appeared,mean_matched_iou,vanished_tol,shifted_tol,missed_gt_tol,error_tol
323496,0.05680306379993757,0.18634680410226187,0.26854425380739644,11.419682720652425,8,16,1,0,1,1,8,1,0.9510374580110822,1,0,1,1
479155,0.04373258724808693,0.12200261900822322,0.20468787762957016,13.77815754191149,7,19,1,0,1,1,6,0,0.9759206076463064,0,0,0,0
68078,0.06489458431800206,0.21493285397688547,0.33656180258289964,9.458703499158613,3,4,0,0,0,0,3,0,0.9710753560066223,0,0,0,0
340451,0.05913489684462547,0.18716458479563394,0.26908966074384155,11.402059777029685,2,2,0,0,0,0,2,0,0.9706232845783234,0,0,0,0
378605,0.053273929903904595,0.15067850550015768,0.31227116284989176,10.109362389902163,3,4,2,0,2,1,1,0,0.9840619564056396,0,0,0,0
156071,0.051200912023584046,0.14273994167645773,0.1856306493170972,14.627006324157882,6,16,1,0,1,1,5,0,0.9758835554122924,0,0,0,0
555050,0.06207682564854622,0.20021945238113403,0.30866583853418306,10.21022866445977,6,18,2,0,3,1,4,0,0.9619316160678864,0,0,1,1
228144,0.05754665409525236,0.16546735167503357,0.2403358112999264,12.383630244248511,3,4,0,0,0,0,3,0,0.9792019923528036,0,0,0,0
410878,0.05739321559667587,0.20647841691970825,0.3252823544603318,9.75478990364426,1,3,0,0,0,0,1,0,0.9915329217910767,0,0,0,0
173091,0.045865446949998535,0.10394880423943202,0.179623240302323,14.912749468954981,2,4,2,0,2,1,0,0,,1,0,1,1
382111,0.05757243062059084,0.16930078466733298,0.262801348987691,11.607448196521643,7,14,1,0,1,1,7,1,0.9743005931377411,0,0,0,0
563349,0.1021511120100816,0.32501348853111267,0.43544791459518795,7.22127569977138,2,2,0,0,0,0,2,0,0.969659298658371,0,0,0,0
111207,0.05671419886251291,0.1645742580294609,0.2492338061647035,12.0678610030972,4,6,1,0,1,1,3,0,0.968396266301473,0,0,0,0
550939,0.06748305944104989,0.2153142442305883,0.3509500165658401,9.095094655036629,1,0,1,0,0,1,0,0,,1,0,0,1
166277,0.04699239693582058,0.1211892341574033,0.2246028378223522,12.971695215916668,3,4,0,1,1,1,2,0,0.9843807518482208,0,1,1,1
17714,0.049122678115963936,0.13305381933848062,0.18957532108158515,14.444363995622133,5,17,0,0,0,0,6,1,0.9583286762237548,0,0,0,0
519208,0.05041450882951418,0.14754848927259445,0.23498356095992334,12.579250383000737,2,2,0,0,0,0,2,0,0.9185292720794678,0,0,0,0
140583,0.06195534331103166,0.22093351185321808,0.2763990217295404,11.169269968229887,10,21,0,1,1,1,9,0,0.9612028201421102,0,0,0,0
98392,0.06858053182562192,0.210579181710879,0.37534062947264607,8.511488439917338,5,11,0,0,0,0,5,0,0.9604841709136963,0,0,0,0
531135,0.06030756235122681,0.20212002595265707,0.26324007316297615,11.592959943349326,7,17,1,0,0,1,6,0,0.94203053911527,0,0,0,0
