tensor,op,order,sqnr_db,mre_proj,tag,k
/model.0/act/Mul_output_0,Mul,2,33.33112335205078,0.00278162257745862,pepai_k1,1
/model.0/act/Sigmoid_output_0,Sigmoid,1,34.67061424255371,0.00023386950488202274,pepai_k1,1
/model.0/conv/Conv_output_0,Conv,0,33.19828414916992,0.0026808568509295583,pepai_k1,1
/model.1/act/Mul_output_0,Mul,5,32.14386558532715,0.012210463173687458,pepai_k1,1
/model.1/act/Sigmoid_output_0,Sigmoid,4,36.274099349975586,0.0006965267821215093,pepai_k1,1
/model.1/conv/Conv_output_0,Conv,3,32.136451721191406,0.011384230572730303,pepai_k1,1
/model.10/Add_1_output_0,Add,144,9.863930702209473,0.04998452588915825,pepai_k1,1
/model.10/Add_output_0,Add,139,10.809035778045654,0.0420208927243948,pepai_k1,1
/model.10/Concat_output_0,Concat,145,10.439893245697021,0.048104044049978256,pepai_k1,1
/model.10/Split_output_0,Split,113,12.155609130859375,0.060887157917022705,pepai_k1,1
/model.10/Split_output_1,Split,113,11.9195876121521,0.039230456575751305,pepai_k1,1
/model.10/attn/Add_output_0,Add,137,9.6281099319458,0.06498084217309952,pepai_k1,1
/model.10/attn/Concat_1_output_0,Concat,124,348.217529296875,,pepai_k1,1
/model.10/attn/Concat_output_0,Concat,125,352.46502685546875,,pepai_k1,1
/model.10/attn/Mul_1_output_0,Mul,128,13.238046646118164,0.08576260507106781,pepai_k1,1
/model.10/attn/Mul_output_0,Mul,119,352.04119873046875,,pepai_k1,1
/model.10/attn/Split_output_0,Split,127,13.238046646118164,0.08576304093003273,pepai_k1,1
/model.10/attn/Split_output_1,Split,127,12.641119480133057,0.10246974974870682,pepai_k1,1
/model.10/attn/Split_output_2,Split,127,10.805797100067139,0.12953483313322067,pepai_k1,1
/model.10/attn/pe/conv/Conv_output_0,Conv,131,11.367722988128662,0.04936584644019604,pepai_k1,1
/model.10/attn/proj/conv/Conv_output_0,Conv,138,9.311486721038818,0.06669794768095016,pepai_k1,1
/model.10/attn/qkv/conv/Conv_output_0,Conv,115,11.677749633789062,0.04175743833184242,pepai_k1,1
/model.10/cv1/act/Mul_output_0,Mul,112,11.943489074707031,0.03969516232609749,pepai_k1,1
/model.10/cv1/act/Sigmoid_output_0,Sigmoid,111,18.904311180114746,0.0016159845981746912,pepai_k1,1
/model.10/cv1/conv/Conv_output_0,Conv,110,13.274653434753418,0.03802727349102497,pepai_k1,1
/model.10/cv2/act/Mul_output_0,Mul,148,9.616740703582764,0.06744213402271271,pepai_k1,1
/model.10/cv2/act/Sigmoid_output_0,Sigmoid,147,17.56553554534912,0.0078235799446702,pepai_k1,1
/model.10/cv2/conv/Conv_output_0,Conv,146,13.145235538482666,0.058377705514431,pepai_k1,1
/model.10/ffn/ffn.0/act/Mul_output_0,Mul,142,8.595073699951172,0.06722573190927505,pepai_k1,1
/model.10/ffn/ffn.0/act/Sigmoid_output_0,Sigmoid,141,18.19441032409668,0.007648905972018838,pepai_k1,1
/model.10/ffn/ffn.0/conv/Conv_output_0,Conv,140,10.60630750656128,0.05870569869875908,pepai_k1,1
/model.10/ffn/ffn.1/conv/Conv_output_0,Conv,143,8.618710994720459,0.07088550552725792,pepai_k1,1
/model.11/Resize_output_0,Resize,149,9.420730590820312,0.07077312842011452,pepai_k1,1
/model.12/Concat_output_0,Concat,150,10.893230438232422,0.06161662004888058,pepai_k1,1
/model.13/Concat_output_0,Concat,161,10.559642791748047,0.044568756595253944,pepai_k1,1
/model.13/Split_output_0,Split,154,9.840258598327637,0.08672228828072548,pepai_k1,1
/model.13/Split_output_1,Split,154,13.638673305511475,0.028858989477157593,pepai_k1,1
/model.13/cv1/act/Mul_output_0,Mul,153,11.21496868133545,0.03768332488834858,pepai_k1,1
/model.13/cv1/act/Sigmoid_output_0,Sigmoid,152,18.780179977416992,0.005891626235097647,pepai_k1,1
/model.13/cv1/conv/Conv_output_0,Conv,151,13.306463718414307,0.031123585999011993,pepai_k1,1
/model.13/cv2/act/Mul_output_0,Mul,164,9.611228942871094,0.06931157410144806,pepai_k1,1
/model.13/cv2/act/Sigmoid_output_0,Sigmoid,163,18.515931129455566,0.011158616282045841,pepai_k1,1
/model.13/cv2/conv/Conv_output_0,Conv,162,11.634426593780518,0.057475728914141655,pepai_k1,1
/model.13/m.0/cv1/act/Mul_output_0,Mul,157,10.943262577056885,0.07376640662550926,pepai_k1,1
/model.13/m.0/cv1/act/Sigmoid_output_0,Sigmoid,156,18.542755126953125,0.01407312462106347,pepai_k1,1
/model.13/m.0/cv1/conv/Conv_output_0,Conv,155,14.279793739318848,0.0591417271643877,pepai_k1,1
/model.13/m.0/cv2/act/Mul_output_0,Mul,160,10.35610818862915,0.07269367948174477,pepai_k1,1
/model.13/m.0/cv2/act/Sigmoid_output_0,Sigmoid,159,18.31490993499756,0.013342616148293018,pepai_k1,1
/model.13/m.0/cv2/conv/Conv_output_0,Conv,158,11.862627506256104,0.059504544362425804,pepai_k1,1
/model.14/Resize_output_0,Resize,165,9.515259265899658,0.06963326036930084,pepai_k1,1
/model.15/Concat_output_0,Concat,166,11.344637393951416,0.052807824686169624,pepai_k1,1
/model.16/Concat_output_0,Concat,177,14.678897857666016,0.020132025703787804,pepai_k1,1
/model.16/Split_output_0,Split,170,12.19687271118164,0.07031644135713577,pepai_k1,1
/model.16/Split_output_1,Split,170,18.872774124145508,0.01505881454795599,pepai_k1,1
/model.16/cv1/act/Mul_output_0,Mul,169,15.650568008422852,0.015911085531115532,pepai_k1,1
/model.16/cv1/act/Sigmoid_output_0,Sigmoid,168,23.236562728881836,0.002925062784925103,pepai_k1,1
/model.16/cv1/conv/Conv_output_0,Conv,167,15.07307767868042,0.01295402692630887,pepai_k1,1
/model.16/cv2/act/Mul_output_0,Mul,180,13.635167598724365,0.02889816276729107,pepai_k1,1
/model.16/cv2/act/Sigmoid_output_0,Sigmoid,179,23.10868549346924,0.005854605697095394,pepai_k1,1
/model.16/cv2/conv/Conv_output_0,Conv,178,14.268164157867432,0.022944179363548756,pepai_k1,1
/model.16/m.0/cv1/act/Mul_output_0,Mul,173,14.296809673309326,0.0665898360311985,pepai_k1,1
/model.16/m.0/cv1/act/Sigmoid_output_0,Sigmoid,172,21.217997550964355,0.013299008831381798,pepai_k1,1
/model.16/m.0/cv1/conv/Conv_output_0,Conv,171,15.963512897491455,0.05313066951930523,pepai_k1,1
/model.16/m.0/cv2/act/Mul_output_0,Mul,176,13.296781539916992,0.06531092897057533,pepai_k1,1
/model.16/m.0/cv2/act/Sigmoid_output_0,Sigmoid,175,22.09643268585205,0.012856204994022846,pepai_k1,1
/model.16/m.0/cv2/conv/Conv_output_0,Conv,174,13.97422742843628,0.051998307928442955,pepai_k1,1
/model.17/act/Mul_output_0,Mul,191,10.630985736846924,0.06823263689875603,pepai_k1,1
/model.17/act/Sigmoid_output_0,Sigmoid,185,19.552749633789062,0.011477048974484205,pepai_k1,1
/model.17/conv/Conv_output_0,Conv,181,11.718341827392578,0.056068746373057365,pepai_k1,1
/model.18/Concat_output_0,Concat,198,10.047903537750244,0.06070214696228504,pepai_k1,1
/model.19/Concat_output_0,Concat,245,9.764041900634766,0.06653336063027382,pepai_k1,1
/model.19/Split_output_0,Split,224,9.10043716430664,0.08251343294978142,pepai_k1,1
/model.19/Split_output_1,Split,224,10.22005844116211,0.08134564384818077,pepai_k1,1
/model.19/cv1/act/Mul_output_0,Mul,220,9.418172836303711,0.0725201889872551,pepai_k1,1
/model.19/cv1/act/Sigmoid_output_0,Sigmoid,212,18.85211944580078,0.011847959365695715,pepai_k1,1
/model.19/cv1/conv/Conv_output_0,Conv,206,11.212657928466797,0.05921946093440056,pepai_k1,1
/model.19/cv2/act/Mul_output_0,Mul,248,9.783361911773682,0.06846439093351364,pepai_k1,1
/model.19/cv2/act/Sigmoid_output_0,Sigmoid,247,19.412700653076172,0.011627029161900282,pepai_k1,1
/model.19/cv2/conv/Conv_output_0,Conv,246,10.885985851287842,0.056977927684783936,pepai_k1,1
/model.19/m.0/cv1/act/Mul_output_0,Mul,236,9.727052211761475,0.09237149357795715,pepai_k1,1
/model.19/m.0/cv1/act/Sigmoid_output_0,Sigmoid,233,18.803956985473633,0.018434032797813416,pepai_k1,1
/model.19/m.0/cv1/conv/Conv_output_0,Conv,229,12.955694675445557,0.07341471314430237,pepai_k1,1
/model.19/m.0/cv2/act/Mul_output_0,Mul,243,10.24292802810669,0.07890057563781738,pepai_k1,1
/model.19/m.0/cv2/act/Sigmoid_output_0,Sigmoid,241,17.651416778564453,0.012536104302853346,pepai_k1,1
/model.19/m.0/cv2/conv/Conv_output_0,Conv,239,10.637943744659424,0.06630496308207512,pepai_k1,1
/model.2/Concat_output_0,Concat,17,20.477909088134766,0.03427194431424141,pepai_k1,1
/model.2/Split_output_0,Split,9,21.307147979736328,0.05068984255194664,pepai_k1,1
/model.2/Split_output_1,Split,9,24.359732627868652,0.011282241903245449,pepai_k1,1
/model.2/cv1/act/Mul_output_0,Mul,8,22.633238792419434,0.011282241903245449,pepai_k1,1
/model.2/cv1/act/Sigmoid_output_0,Sigmoid,7,29.230070114135742,0.0013938061892986298,pepai_k1,1
/model.2/cv1/conv/Conv_output_0,Conv,6,23.81830596923828,0.009902240708470345,pepai_k1,1
/model.2/cv2/act/Mul_output_0,Mul,20,18.359750747680664,0.03921031579375267,pepai_k1,1
/model.2/cv2/act/Sigmoid_output_0,Sigmoid,19,25.27114772796631,0.006550864316523075,pepai_k1,1
/model.2/cv2/conv/Conv_output_0,Conv,18,18.85485076904297,0.03166741505265236,pepai_k1,1
/model.2/m.0/Add_output_0,Add,16,19.731069564819336,0.03427194431424141,pepai_k1,1
/model.2/m.0/cv1/act/Mul_output_0,Mul,12,17.226131439208984,0.01929920818656683,pepai_k1,1
/model.2/m.0/cv1/act/Sigmoid_output_0,Sigmoid,11,25.32069683074951,0.001872158027254045,pepai_k1,1
/model.2/m.0/cv1/conv/Conv_output_0,Conv,10,18.42771053314209,0.017326446250081062,pepai_k1,1
/model.2/m.0/cv2/act/Mul_output_0,Mul,15,17.106910705566406,0.032543618232011795,pepai_k1,1
/model.2/m.0/cv2/act/Sigmoid_output_0,Sigmoid,14,21.92709445953369,0.004576909821480513,pepai_k1,1
/model.2/m.0/cv2/conv/Conv_output_0,Conv,13,16.435450553894043,0.027053408324718475,pepai_k1,1
/model.20/cv1/act/Mul_output_0,Mul,258,8.526397705078125,0.07662508636713028,pepai_k1,1
/model.20/cv1/act/Sigmoid_output_0,Sigmoid,253,19.616934776306152,0.013540710788220167,pepai_k1,1
/model.20/cv1/conv/Conv_output_0,Conv,249,9.492145538330078,0.0629254262894392,pepai_k1,1
/model.20/cv2/conv/Conv_output_0,Conv,264,8.822123050689697,0.07204851135611534,pepai_k1,1
/model.21/Concat_output_0,Concat,270,9.095802783966064,0.06571531668305397,pepai_k1,1
/model.22/Concat_output_0,Concat,320,9.766824722290039,0.06602195650339127,pepai_k1,1
/model.22/Split_output_0,Split,293,9.302749156951904,0.07396502047777176,pepai_k1,1
/model.22/Split_output_1,Split,293,10.138322353363037,0.06645945832133293,pepai_k1,1
/model.22/cv1/act/Mul_output_0,Mul,288,9.142665386199951,0.06847045570611954,pepai_k1,1
/model.22/cv1/act/Sigmoid_output_0,Sigmoid,284,20.258414268493652,0.010109744034707546,pepai_k1,1
/model.22/cv1/conv/Conv_output_0,Conv,276,9.66059684753418,0.056166231632232666,pepai_k1,1
/model.22/cv2/act/Mul_output_0,Mul,323,11.023394107818604,0.06340271979570389,pepai_k1,1
/model.22/cv2/act/Sigmoid_output_0,Sigmoid,322,22.220131874084473,0.01105978898704052,pepai_k1,1
/model.22/cv2/conv/Conv_output_0,Conv,321,12.190186023712158,0.05329137481749058,pepai_k1,1
/model.22/m.0/Add_output_0,Add,319,10.89680528640747,0.06567088514566422,pepai_k1,1
/model.22/m.0/cv1/cv1.0/act/Mul_output_0,Mul,303,10.483657360076904,0.07146480306982994,pepai_k1,1
/model.22/m.0/cv1/cv1.0/act/Sigmoid_output_0,Sigmoid,300,24.173056602478027,0.013099051546305418,pepai_k1,1
/model.22/m.0/cv1/cv1.0/conv/Conv_output_0,Conv,297,10.771620273590088,0.05773042142391205,pepai_k1,1
/model.22/m.0/cv1/cv1.1/act/Mul_output_0,Mul,309,12.370846271514893,0.06010493077337742,pepai_k1,1
/model.22/m.0/cv1/cv1.1/act/Sigmoid_output_0,Sigmoid,307,24.243942260742188,0.011392856948077679,pepai_k1,1
/model.22/m.0/cv1/cv1.1/conv/Conv_output_0,Conv,305,11.781562805175781,0.04813062958419323,pepai_k1,1
/model.22/m.0/cv1/cv1.2/act/Mul_output_0,Mul,312,14.24957275390625,0.06461841613054276,pepai_k1,1
/model.22/m.0/cv1/cv1.2/act/Sigmoid_output_0,Sigmoid,311,24.325254440307617,0.007455089362338185,pepai_k1,1
/model.22/m.0/cv1/cv1.2/conv/Conv_output_0,Conv,310,14.197874069213867,0.057126615196466446,pepai_k1,1
/model.22/m.0/cv1/cv1.3/act/Mul_output_0,Mul,315,13.8891282081604,0.05891101621091366,pepai_k1,1
/model.22/m.0/cv1/cv1.3/act/Sigmoid_output_0,Sigmoid,314,24.150776863098145,0.011203335598111153,pepai_k1,1
/model.22/m.0/cv1/cv1.3/conv/Conv_output_0,Conv,313,14.490827083587646,0.04729752615094185,pepai_k1,1
/model.22/m.0/cv1/cv1.4/act/Mul_output_0,Mul,318,14.171555042266846,0.057479022070765495,pepai_k1,1
/model.22/m.0/cv1/cv1.4/act/Sigmoid_output_0,Sigmoid,317,24.494064331054688,0.008292062673717737,pepai_k1,1
/model.22/m.0/cv1/cv1.4/conv/Conv_output_0,Conv,316,13.703667163848877,0.050279147922992706,pepai_k1,1
/model.23/Add_7_output_0,Add,393,40.692365646362305,,pepai_k1,1
/model.23/Concat_11_output_0,Concat,235,374.3625183105469,,pepai_k1,1
/model.23/Concat_12_output_0,Concat,209,376.1236267089844,,pepai_k1,1
/model.23/Concat_13_output_0,Concat,287,335.051513671875,,pepai_k1,1
/model.23/Concat_16_output_0,Concat,299,362.3208312988281,,pepai_k1,1
/model.23/Concat_17_output_0,Concat,273,364.0823974609375,,pepai_k1,1
/model.23/Concat_18_output_0,Concat,356,329.0308837890625,,pepai_k1,1
/model.23/Concat_21_output_0,Concat,368,350.2775573730469,,pepai_k1,1
/model.23/Concat_22_output_0,Concat,343,352.04119873046875,,pepai_k1,1
/model.23/Concat_23_output_0,Concat,376,374.6417236328125,,pepai_k1,1
/model.23/Concat_24_output_0,Concat,355,360.8948059082031,,pepai_k1,1
/model.23/Concat_25_output_0,Concat,394,40.065420150756836,,pepai_k1,1
/model.23/Concat_26_output_0,Concat,396,37.315547943115234,,pepai_k1,1
/model.23/Concat_3_output_0,Concat,362,19.503396034240723,,pepai_k1,1
/model.23/Concat_4_output_0,Concat,202,338.06317138671875,,pepai_k1,1
/model.23/Concat_7_output_0,Concat,384,29.280454635620117,,pepai_k1,1
/model.23/Concat_8_output_0,Concat,223,341.0721130371094,,pepai_k1,1
/model.23/Concat_output_0,Concat,200,336.125732421875,,pepai_k1,1
/model.23/Mul_1_output_0,Mul,261,364.0823974609375,,pepai_k1,1
/model.23/Mul_2_output_0,Mul,333,352.04119873046875,,pepai_k1,1
/model.23/Mul_5_output_0,Mul,395,37.31554985046387,,pepai_k1,1
/model.23/Mul_output_0,Mul,195,376.1236267089844,,pepai_k1,1
/model.23/Reshape_11_output_0,Add,275,343.2899475097656,,pepai_k1,1
/model.23/Reshape_12_output_0,Add,274,343.2899475097656,,pepai_k1,1
/model.23/Reshape_16_output_0,Add,345,334.25701904296875,,pepai_k1,1
/model.23/Reshape_17_output_0,Add,344,334.25701904296875,,pepai_k1,1
/model.23/Reshape_6_output_0,Add,211,352.32135009765625,,pepai_k1,1
/model.23/Reshape_7_output_0,Add,210,352.32135009765625,,pepai_k1,1
/model.23/Sigmoid_output_0,Sigmoid,387,13.839826107025146,,pepai_k1,1
/model.23/Split_output_0,Split,398,,,pepai_k1,1
/model.23/Split_output_1,Split,398,13.839827537536621,,pepai_k1,1
/model.23/dfl/Concat_1_output_0,Concat,379,378.485595703125,,pepai_k1,1
/model.23/dfl/Concat_output_0,Concat,378,378.485595703125,,pepai_k1,1
/model.23/dfl/conv/Conv_output_0,Conv,388,18.235721588134766,0.05419331230223179,pepai_k1,1
/model.23/one2one_cv2.0/one2one_cv2.0.0/act/Mul_output_0,Mul,192,14.579419612884521,0.027349053882062435,pepai_k1,1
/model.23/one2one_cv2.0/one2one_cv2.0.0/act/Sigmoid_output_0,Sigmoid,187,22.338723182678223,0.004798040725290775,pepai_k1,1
/model.23/one2one_cv2.0/one2one_cv2.0.0/conv/Conv_output_0,Conv,183,14.323047161102295,0.0224177623167634,pepai_k1,1
/model.23/one2one_cv2.0/one2one_cv2.0.1/act/Mul_output_0,Mul,213,12.691672801971436,0.08916028961539268,pepai_k1,1
/model.23/one2one_cv2.0/one2one_cv2.0.1/act/Sigmoid_output_0,Sigmoid,207,17.18401527404785,0.005105979274958372,pepai_k1,1
/model.23/one2one_cv2.0/one2one_cv2.0.1/conv/Conv_output_0,Conv,199,11.461684226989746,0.08133905380964279,pepai_k1,1
/model.23/one2one_cv2.0/one2one_cv2.0.2/Conv_output_0,Conv,221,19.53838348388672,0.03928038850426674,pepai_k1,1
/model.23/one2one_cv2.1/one2one_cv2.1.0/act/Mul_output_0,Mul,259,12.289244174957275,0.06976322457194328,pepai_k1,1
/model.23/one2one_cv2.1/one2one_cv2.1.0/act/Sigmoid_output_0,Sigmoid,254,20.184632301330566,0.012539003044366837,pepai_k1,1
/model.23/one2one_cv2.1/one2one_cv2.1.0/conv/Conv_output_0,Conv,250,12.333600997924805,0.056517863646149635,pepai_k1,1
/model.23/one2one_cv2.1/one2one_cv2.1.1/act/Mul_output_0,Mul,277,12.929922580718994,0.1002582460641861,pepai_k1,1
/model.23/one2one_cv2.1/one2one_cv2.1.1/act/Sigmoid_output_0,Sigmoid,271,17.032959938049316,0.008200755808502436,pepai_k1,1
/model.23/one2one_cv2.1/one2one_cv2.1.1/conv/Conv_output_0,Conv,265,11.852280616760254,0.08805513009428978,pepai_k1,1
/model.23/one2one_cv2.1/one2one_cv2.1.2/Conv_output_0,Conv,285,19.25565528869629,0.04290316626429558,pepai_k1,1
/model.23/one2one_cv2.2/one2one_cv2.2.0/act/Mul_output_0,Mul,331,13.482317924499512,0.06485464796423912,pepai_k1,1
/model.23/one2one_cv2.2/one2one_cv2.2.0/act/Sigmoid_output_0,Sigmoid,327,22.648849487304688,0.01111490186303854,pepai_k1,1
/model.23/one2one_cv2.2/one2one_cv2.2.0/conv/Conv_output_0,Conv,324,14.09007978439331,0.0527044553309679,pepai_k1,1
/model.23/one2one_cv2.2/one2one_cv2.2.1/act/Mul_output_0,Mul,346,14.01243782043457,0.09267958626151085,pepai_k1,1
/model.23/one2one_cv2.2/one2one_cv2.2.1/act/Sigmoid_output_0,Sigmoid,341,18.617645263671875,0.0023297653533518314,pepai_k1,1
/model.23/one2one_cv2.2/one2one_cv2.2.1/conv/Conv_output_0,Conv,336,13.471080303192139,0.08519220352172852,pepai_k1,1
/model.23/one2one_cv2.2/one2one_cv2.2.2/Conv_output_0,Conv,353,19.898168563842773,0.03828149288892746,pepai_k1,1
/model.23/one2one_cv3.0/one2one_cv3.0.0/one2one_cv3.0.0.0/act/Mul_output_0,Mul,194,19.48623561859131,0.0324625950306654,pepai_k1,1
/model.23/one2one_cv3.0/one2one_cv3.0.0/one2one_cv3.0.0.0/act/Sigmoid_output_0,Sigmoid,188,30.54838275909424,0.005063313292339444,pepai_k1,1
/model.23/one2one_cv3.0/one2one_cv3.0.0/one2one_cv3.0.0.0/conv/Conv_output_0,Conv,184,19.702716827392578,0.02722760569304228,pepai_k1,1
/model.23/one2one_cv3.0/one2one_cv3.0.0/one2one_cv3.0.0.1/act/Mul_output_0,Mul,214,13.611961364746094,0.03837067447602749,pepai_k1,1
/model.23/one2one_cv3.0/one2one_cv3.0.0/one2one_cv3.0.0.1/act/Sigmoid_output_0,Sigmoid,208,24.060800552368164,0.006858082953840494,pepai_k1,1
/model.23/one2one_cv3.0/one2one_cv3.0.0/one2one_cv3.0.0.1/conv/Conv_output_0,Conv,201,14.009703159332275,0.030947557650506496,pepai_k1,1
/model.23/one2one_cv3.0/one2one_cv3.0.1/one2one_cv3.0.1.0/act/Mul_output_0,Mul,230,14.939122200012207,0.03007340431213379,pepai_k1,1
/model.23/one2one_cv3.0/one2one_cv3.0.1/one2one_cv3.0.1.0/act/Sigmoid_output_0,Sigmoid,226,24.83741283416748,0.004656345583498478,pepai_k1,1
/model.23/one2one_cv3.0/one2one_cv3.0.1/one2one_cv3.0.1.0/conv/Conv_output_0,Conv,222,14.269379138946533,0.02493015769869089,pepai_k1,1
/model.23/one2one_cv3.0/one2one_cv3.0.1/one2one_cv3.0.1.1/act/Mul_output_0,Mul,240,11.866809368133545,0.12516817450523376,pepai_k1,1
/model.23/one2one_cv3.0/one2one_cv3.0.1/one2one_cv3.0.1.1/act/Sigmoid_output_0,Sigmoid,237,16.69623565673828,0.0003491547831799835,pepai_k1,1
/model.23/one2one_cv3.0/one2one_cv3.0.1/one2one_cv3.0.1.1/conv/Conv_output_0,Conv,234,11.435723304748535,0.12439079210162163,pepai_k1,1
/model.23/one2one_cv3.0/one2one_cv3.0.2/Conv_output_0,Conv,242,30.295034408569336,0.028668741695582867,pepai_k1,1
/model.23/one2one_cv3.1/one2one_cv3.1.0/one2one_cv3.1.0.0/act/Mul_output_0,Mul,260,11.249552726745605,0.07803627848625183,pepai_k1,1
/model.23/one2one_cv3.1/one2one_cv3.1.0/one2one_cv3.1.0.0/act/Sigmoid_output_0,Sigmoid,255,23.446667671203613,0.005908479914069176,pepai_k1,1
/model.23/one2one_cv3.1/one2one_cv3.1.0/one2one_cv3.1.0.0/conv/Conv_output_0,Conv,251,10.835345268249512,0.0697859637439251,pepai_k1,1
/model.23/one2one_cv3.1/one2one_cv3.1.0/one2one_cv3.1.0.1/act/Mul_output_0,Mul,278,12.351773738861084,0.0668339841067791,pepai_k1,1
/model.23/one2one_cv3.1/one2one_cv3.1.0/one2one_cv3.1.0.1/act/Sigmoid_output_0,Sigmoid,272,21.20290470123291,0.012870091944932938,pepai_k1,1
/model.23/one2one_cv3.1/one2one_cv3.1.0/one2one_cv3.1.0.1/conv/Conv_output_0,Conv,266,12.384068489074707,0.053727077320218086,pepai_k1,1
/model.23/one2one_cv3.1/one2one_cv3.1.1/one2one_cv3.1.1.0/act/Mul_output_0,Mul,294,13.771604061126709,0.03453940339386463,pepai_k1,1
/model.23/one2one_cv3.1/one2one_cv3.1.1/one2one_cv3.1.1.0/act/Sigmoid_output_0,Sigmoid,290,22.195056915283203,0.005784517386928201,pepai_k1,1
/model.23/one2one_cv3.1/one2one_cv3.1.1/one2one_cv3.1.1.0/conv/Conv_output_0,Conv,286,12.30956745147705,0.028316128998994827,pepai_k1,1
/model.23/one2one_cv3.1/one2one_cv3.1.1/one2one_cv3.1.1.1/act/Mul_output_0,Mul,304,10.89979076385498,0.12772490829229355,pepai_k1,1
/model.23/one2one_cv3.1/one2one_cv3.1.1/one2one_cv3.1.1.1/act/Sigmoid_output_0,Sigmoid,301,17.740327835083008,0.0017051216564141214,pepai_k1,1
/model.23/one2one_cv3.1/one2one_cv3.1.1/one2one_cv3.1.1.1/conv/Conv_output_0,Conv,298,10.500220775604248,0.1250481717288494,pepai_k1,1
/model.23/one2one_cv3.1/one2one_cv3.1.2/Conv_output_0,Conv,306,26.619288444519043,0.035538312047719955,pepai_k1,1
/model.23/one2one_cv3.2/one2one_cv3.2.0/one2one_cv3.2.0.0/act/Mul_output_0,Mul,332,12.216094970703125,0.06949584931135178,pepai_k1,1
/model.23/one2one_cv3.2/one2one_cv3.2.0/one2one_cv3.2.0.0/act/Sigmoid_output_0,Sigmoid,328,24.373422622680664,0.010722070932388306,pepai_k1,1
/model.23/one2one_cv3.2/one2one_cv3.2.0/one2one_cv3.2.0.0/conv/Conv_output_0,Conv,325,11.999345302581787,0.05954491347074509,pepai_k1,1
/model.23/one2one_cv3.2/one2one_cv3.2.0/one2one_cv3.2.0.1/act/Mul_output_0,Mul,347,12.794396877288818,0.05531313829123974,pepai_k1,1
/model.23/one2one_cv3.2/one2one_cv3.2.0/one2one_cv3.2.0.1/act/Sigmoid_output_0,Sigmoid,342,21.62836265563965,0.010325411334633827,pepai_k1,1
/model.23/one2one_cv3.2/one2one_cv3.2.0/one2one_cv3.2.0.1/conv/Conv_output_0,Conv,337,12.978898525238037,0.04595145024359226,pepai_k1,1
/model.23/one2one_cv3.2/one2one_cv3.2.1/one2one_cv3.2.1.0/act/Mul_output_0,Mul,363,14.761338233947754,0.05841755494475365,pepai_k1,1
/model.23/one2one_cv3.2/one2one_cv3.2.1/one2one_cv3.2.1.0/act/Sigmoid_output_0,Sigmoid,358,22.58447265625,0.008293868973851204,pepai_k1,1
/model.23/one2one_cv3.2/one2one_cv3.2.1/one2one_cv3.2.1.0/conv/Conv_output_0,Conv,354,13.618206024169922,0.04924246296286583,pepai_k1,1
/model.23/one2one_cv3.2/one2one_cv3.2.1/one2one_cv3.2.1.1/act/Mul_output_0,Mul,373,12.552461624145508,0.07340807840228081,pepai_k1,1
/model.23/one2one_cv3.2/one2one_cv3.2.1/one2one_cv3.2.1.1/act/Sigmoid_output_0,Sigmoid,369,18.93025493621826,0.0014138883561827242,pepai_k1,1
/model.23/one2one_cv3.2/one2one_cv3.2.1/one2one_cv3.2.1.1/conv/Conv_output_0,Conv,366,12.00495719909668,0.07153413817286491,pepai_k1,1
/model.23/one2one_cv3.2/one2one_cv3.2.2/Conv_output_0,Conv,377,29.94583225250244,0.02347753755748272,pepai_k1,1
/model.3/act/Mul_output_0,Mul,23,17.8880672454834,0.044917067512869835,pepai_k1,1
/model.3/act/Sigmoid_output_0,Sigmoid,22,25.35862922668457,0.0074964105151593685,pepai_k1,1
/model.3/conv/Conv_output_0,Conv,21,17.711472511291504,0.0375774372369051,pepai_k1,1
/model.4/Concat_output_0,Concat,42,18.85536766052246,0.031914155930280685,pepai_k1,1
/model.4/Split_output_0,Split,27,15.63986349105835,0.061535030603408813,pepai_k1,1
/model.4/Split_output_1,Split,27,20.03764820098877,0.03260083682835102,pepai_k1,1
/model.4/cv1/act/Mul_output_0,Mul,26,16.980015754699707,0.050346922129392624,pepai_k1,1
/model.4/cv1/act/Sigmoid_output_0,Sigmoid,25,27.43756103515625,0.009338822681456804,pepai_k1,1
/model.4/cv1/conv/Conv_output_0,Conv,24,17.58884334564209,0.04162714257836342,pepai_k1,1
/model.4/cv2/act/Mul_output_0,Mul,45,16.223570823669434,0.0448460653424263,pepai_k1,1
/model.4/cv2/act/Sigmoid_output_0,Sigmoid,44,24.705275535583496,0.007378062698990107,pepai_k1,1
/model.4/cv2/conv/Conv_output_0,Conv,43,16.214990615844727,0.0369530413299799,pepai_k1,1
/model.4/m.0/Add_output_0,Add,34,20.13166618347168,0.029637287370860577,pepai_k1,1
/model.4/m.0/cv1/act/Mul_output_0,Mul,30,16.012500286102295,0.06743661686778069,pepai_k1,1
/model.4/m.0/cv1/act/Sigmoid_output_0,Sigmoid,29,23.817901611328125,0.013087334111332893,pepai_k1,1
/model.4/m.0/cv1/conv/Conv_output_0,Conv,28,17.624303817749023,0.05365268513560295,pepai_k1,1
/model.4/m.0/cv2/act/Mul_output_0,Mul,33,18.30010986328125,0.04347993992269039,pepai_k1,1
/model.4/m.0/cv2/act/Sigmoid_output_0,Sigmoid,32,26.894639015197754,0.008514369372278452,pepai_k1,1
/model.4/m.0/cv2/conv/Conv_output_0,Conv,31,18.712783813476562,0.03492237068712711,pepai_k1,1
/model.4/m.1/Add_output_0,Add,41,19.87380599975586,0.03249377757310867,pepai_k1,1
/model.4/m.1/cv1/act/Mul_output_0,Mul,37,17.7656307220459,0.07067924365401268,pepai_k1,1
/model.4/m.1/cv1/act/Sigmoid_output_0,Sigmoid,36,24.23394012451172,0.013701817486435175,pepai_k1,1
/model.4/m.1/cv1/conv/Conv_output_0,Conv,35,19.987545013427734,0.05644170381128788,pepai_k1,1
/model.4/m.1/cv2/act/Mul_output_0,Mul,40,17.89512825012207,0.03885182365775108,pepai_k1,1
/model.4/m.1/cv2/act/Sigmoid_output_0,Sigmoid,39,26.716232299804688,0.005795939359813929,pepai_k1,1
/model.4/m.1/cv2/conv/Conv_output_0,Conv,38,18.016435623168945,0.03266212157905102,pepai_k1,1
/model.5/cv1/act/Mul_output_0,Mul,48,16.37268829345703,0.055398037657141685,pepai_k1,1
/model.5/cv1/act/Sigmoid_output_0,Sigmoid,47,22.776517868041992,0.009958574082702398,pepai_k1,1
/model.5/cv1/conv/Conv_output_0,Conv,46,18.64717197418213,0.04586457461118698,pepai_k1,1
/model.5/cv2/conv/Conv_output_0,Conv,49,14.714406967163086,0.05968315713107586,pepai_k1,1
/model.6/Concat_output_0,Concat,68,15.42095422744751,0.06879011914134026,pepai_k1,1
/model.6/Split_output_0,Split,53,15.458191394805908,0.05860130302608013,pepai_k1,1
/model.6/Split_output_1,Split,53,18.023622512817383,0.024580782279372215,pepai_k1,1
/model.6/cv1/act/Mul_output_0,Mul,52,16.130035400390625,0.05086616612970829,pepai_k1,1
/model.6/cv1/act/Sigmoid_output_0,Sigmoid,51,23.897456169128418,0.0074536611791700125,pepai_k1,1
/model.6/cv1/conv/Conv_output_0,Conv,50,15.677928447723389,0.04322653077542782,pepai_k1,1
/model.6/cv2/act/Mul_output_0,Mul,71,14.539564609527588,0.06178585812449455,pepai_k1,1
/model.6/cv2/act/Sigmoid_output_0,Sigmoid,70,22.255867958068848,0.009112974163144827,pepai_k1,1
/model.6/cv2/conv/Conv_output_0,Conv,69,16.276177406311035,0.05255376175045967,pepai_k1,1
/model.6/m.0/Add_output_0,Add,60,16.266201972961426,0.03794650174677372,pepai_k1,1
/model.6/m.0/cv1/act/Mul_output_0,Mul,56,16.481853485107422,0.06888841465115547,pepai_k1,1
/model.6/m.0/cv1/act/Sigmoid_output_0,Sigmoid,55,22.30093002319336,0.013128847349435091,pepai_k1,1
/model.6/m.0/cv1/conv/Conv_output_0,Conv,54,19.22186851501465,0.056482432410120964,pepai_k1,1
/model.6/m.0/cv2/act/Mul_output_0,Mul,59,16.197851181030273,0.06803146377205849,pepai_k1,1
/model.6/m.0/cv2/act/Sigmoid_output_0,Sigmoid,58,25.705965995788574,0.013766917865723372,pepai_k1,1
/model.6/m.0/cv2/conv/Conv_output_0,Conv,57,18.26586151123047,0.054400485008955,pepai_k1,1
/model.6/m.1/Add_output_0,Add,67,15.003889083862305,0.07999775186181068,pepai_k1,1
/model.6/m.1/cv1/act/Mul_output_0,Mul,63,14.903455257415771,0.11066067591309547,pepai_k1,1
/model.6/m.1/cv1/act/Sigmoid_output_0,Sigmoid,62,21.917983055114746,0.022299367003142834,pepai_k1,1
/model.6/m.1/cv1/conv/Conv_output_0,Conv,61,19.367859840393066,0.08986381813883781,pepai_k1,1
/model.6/m.1/cv2/act/Mul_output_0,Mul,66,14.607665061950684,0.09837852418422699,pepai_k1,1
/model.6/m.1/cv2/act/Sigmoid_output_0,Sigmoid,65,22.5252742767334,0.012827042490243912,pepai_k1,1
/model.6/m.1/cv2/conv/Conv_output_0,Conv,64,14.614808082580566,0.08533783257007599,pepai_k1,1
/model.7/cv1/act/Mul_output_0,Mul,74,14.336912631988525,0.05561637133359909,pepai_k1,1
/model.7/cv1/act/Sigmoid_output_0,Sigmoid,73,21.683107376098633,0.00842900201678276,pepai_k1,1
/model.7/cv1/conv/Conv_output_0,Conv,72,16.659086227416992,0.04695056937634945,pepai_k1,1
/model.7/cv2/conv/Conv_output_0,Conv,75,13.711305618286133,0.05653708428144455,pepai_k1,1
/model.8/Concat_output_0,Concat,96,13.583211898803711,0.0628519132733345,pepai_k1,1
/model.8/Split_output_0,Split,79,13.598816394805908,0.06974884122610092,pepai_k1,1
/model.8/Split_output_1,Split,79,14.783582210540771,0.0697021558880806,pepai_k1,1
/model.8/cv1/act/Mul_output_0,Mul,78,13.804816246032715,0.06832033768296242,pepai_k1,1
/model.8/cv1/act/Sigmoid_output_0,Sigmoid,77,22.312602996826172,0.008151913061738014,pepai_k1,1
/model.8/cv1/conv/Conv_output_0,Conv,76,14.33838176727295,0.06044059805572033,pepai_k1,1
/model.8/cv2/act/Mul_output_0,Mul,99,11.962395668029785,0.06364070996642113,pepai_k1,1
/model.8/cv2/act/Sigmoid_output_0,Sigmoid,98,19.868123054504395,0.006699501071125269,pepai_k1,1
/model.8/cv2/conv/Conv_output_0,Conv,97,13.773239612579346,0.05724571645259857,pepai_k1,1
/model.8/m.0/Add_output_0,Add,95,13.652002811431885,0.06724570319056511,pepai_k1,1
/model.8/m.0/cv1/cv1.0/act/Mul_output_0,Mul,82,13.627642154693604,0.0721290148794651,pepai_k1,1
/model.8/m.0/cv1/cv1.0/act/Sigmoid_output_0,Sigmoid,81,24.413613319396973,0.011286790482699871,pepai_k1,1
/model.8/m.0/cv1/cv1.0/conv/Conv_output_0,Conv,80,13.98646593093872,0.06111006438732147,pepai_k1,1
/model.8/m.0/cv1/cv1.1/act/Mul_output_0,Mul,85,13.851635932922363,0.06926404312252998,pepai_k1,1
/model.8/m.0/cv1/cv1.1/act/Sigmoid_output_0,Sigmoid,84,23.67780876159668,0.010762573685497046,pepai_k1,1
/model.8/m.0/cv1/cv1.1/conv/Conv_output_0,Conv,83,14.021900177001953,0.058291636407375336,pepai_k1,1
/model.8/m.0/cv1/cv1.2/act/Mul_output_0,Mul,88,14.104832172393799,0.0733986645936966,pepai_k1,1
/model.8/m.0/cv1/cv1.2/act/Sigmoid_output_0,Sigmoid,87,22.194445610046387,0.0033872954081743956,pepai_k1,1
/model.8/m.0/cv1/cv1.2/conv/Conv_output_0,Conv,86,14.91960859298706,0.06794014945626259,pepai_k1,1
/model.8/m.0/cv1/cv1.3/act/Mul_output_0,Mul,91,14.73795747756958,0.051942531019449234,pepai_k1,1
/model.8/m.0/cv1/cv1.3/act/Sigmoid_output_0,Sigmoid,90,23.15736961364746,0.006421083118766546,pepai_k1,1
/model.8/m.0/cv1/cv1.3/conv/Conv_output_0,Conv,89,14.777307510375977,0.04470958188176155,pepai_k1,1
/model.8/m.0/cv1/cv1.4/act/Mul_output_0,Mul,94,14.16125774383545,0.055769775062799454,pepai_k1,1
/model.8/m.0/cv1/cv1.4/act/Sigmoid_output_0,Sigmoid,93,23.44278335571289,0.003890608553774655,pepai_k1,1
/model.8/m.0/cv1/cv1.4/conv/Conv_output_0,Conv,92,14.452087879180908,0.049706652760505676,pepai_k1,1
/model.9/Concat_output_0,Concat,106,21.666260719299316,0.03953568823635578,pepai_k1,1
/model.9/cv1/act/Mul_output_0,Mul,102,13.100757122039795,0.030896016396582127,pepai_k1,1
/model.9/cv1/act/Sigmoid_output_0,Sigmoid,101,20.262642860412598,0.003104504430666566,pepai_k1,1
/model.9/cv1/conv/Conv_output_0,Conv,100,11.83995771408081,0.02753853239119053,pepai_k1,1
/model.9/cv2/act/Mul_output_0,Mul,109,12.527502536773682,0.05127116106450558,pepai_k1,1
/model.9/cv2/act/Sigmoid_output_0,Sigmoid,108,19.281908988952637,0.004401649348437786,pepai_k1,1
/model.9/cv2/conv/Conv_output_0,Conv,107,14.548136234283447,0.04596584662795067,pepai_k1,1
/model.9/m/MaxPool_output_0,MaxPool,103,20.188583374023438,0.029739837162196636,pepai_k1,1
/model.9/m_1/MaxPool_output_0,MaxPool,104,23.802666664123535,0.03421245515346527,pepai_k1,1
/model.9/m_2/MaxPool_output_0,MaxPool,105,25.885175704956055,0.03953568823635578,pepai_k1,1
