model,precision,metric,value,ci_lo,ci_hi,delta,delta_lo,delta_hi
frcnn_r50_fpn,fp32,mAP,0.3695212673294448,0.3654981746820744,0.37968970957175635,0.0,0.0,0.0
frcnn_r50_fpn,fp16,mAP,0.3693911313524602,0.36533834402257775,0.37947586938864136,-0.00013013597698458002,-0.00042584313482339347,0.00020452442678833412
frcnn_r50_fpn,int8,mAP,0.3670599148308755,0.3629969595891003,0.3772092600834754,-0.002461352498569269,-0.003616198811959094,-0.0013212941209512334
frcnn_r50_fpn,int8fp32,mAP,0.36655416455612555,0.3624350085587385,0.3768672932889378,-0.002967102773319241,-0.004169925611932806,-0.0016676620192726573
frcnn_r50_fpn,fp8,mAP,0.3657765434609059,0.3616331429385975,0.375701951824544,-0.003744723868538913,-0.00494477449099182,-0.002499239604300169
yolov10s,fp32,mAP,0.46031514503425236,0.45406776053041653,0.4725578477514248,0.0,0.0,0.0
yolov10s,fp16,mAP,0.46036652583805476,0.4539681708991595,0.47254517162833615,5.1380803802403285e-05,-0.00026357283866535185,0.00028174008153804134
yolov10s,int8,mAP,0.4379215752169204,0.43253000423482746,0.45070781316382436,-0.022393569817331982,-0.025636798878302003,-0.01827179911810908
yolov10s,int8fp32,mAP,0.43825467583539324,0.43256097485499223,0.45081434458159275,-0.022060469198859123,-0.025344608447462048,-0.01785679309740459
yolov10s,fp8,mAP,0.4562216449548509,0.44968112924374687,0.4684272098657154,-0.0040935000794014575,-0.0052769684276096325,-0.002758830716821624
yolov10x,fp32,mAP,0.5400226260859899,0.5330952234817409,0.553312659014157,0.0,0.0,0.0
yolov10x,fp16,mAP,0.5398814912634298,0.5326572728214075,0.5529812681039753,-0.00014113482256017384,-0.0006795510171580032,0.00021317862230469097
yolov10x,int8,mAP,0.4778993493868548,0.4730245190152601,0.4908475401866121,-0.062123276699135144,-0.06521001803664724,-0.05743297858938199
yolov10x,int8fp32,mAP,0.47898653715960243,0.47414322686341825,0.4919066034235102,-0.06103608892638751,-0.0639568868320801,-0.056199780253292295
yolov10x,fp8,mAP,0.5385378276214651,0.5310467967955688,0.5516277736465808,-0.0014847984645248724,-0.0030695350914317298,-6.861060440681023e-05
efficientnet_b0,fp32,top1,0.6578888888888889,0.6473333333333333,0.6678888888888889,0.0,0.0,0.0
efficientnet_b0,fp16,top1,0.6576666666666666,0.6472194444444445,0.6675583333333334,-0.00022222222222223476,-0.0012222222222221274,0.0005555555555556424
efficientnet_b0,int8,top1,0.24822222222222223,0.23899722222222222,0.25722500000000004,-0.4096666666666666,-0.42066944444444443,-0.39766666666666667
efficientnet_b0,int8fp32,top1,0.24744444444444444,0.23832777777777778,0.25633611111111115,-0.4104444444444444,-0.42155555555555557,-0.398
efficientnet_b0,fp8,top1,0.654,0.6442194444444445,0.6637805555555556,-0.0038888888888888307,-0.007888888888888834,2.7777777777740205e-06
densenet121,fp32,top1,0.6203333333333333,0.6103305555555555,0.6306666666666667,0.0,0.0,0.0
densenet121,fp16,top1,0.6201111111111111,0.6102194444444444,0.6305583333333333,-0.00022222222222223476,-0.0011111111111110628,0.0006666666666667043
densenet121,int8,top1,0.5735555555555556,0.5626611111111111,0.5842222222222222,-0.046777777777777696,-0.053669444444444415,-0.0397777777777778
densenet121,int8fp32,top1,0.574,0.5633222222222223,0.5851111111111111,-0.04633333333333334,-0.05278055555555559,-0.03933333333333333
densenet121,fp8,top1,0.6171111111111112,0.6067666666666667,0.6270027777777778,-0.0032222222222221264,-0.006444444444444475,0.00022222222222223476
