model,precision,n_images,top1,top1_agreement_with_fp32,mAP,mAP50,mAP75,mAP_small,mAP_medium,mAP_large
frcnn_r50_fpn,fp32,5000,,,0.3695212673294448,0.5853910211570956,0.3983587914004265,0.210739126579087,0.4031627553819004,0.4820555097119394
frcnn_r50_fpn,fp16,5000,,,0.3693911313524602,0.5851723834574485,0.3982739981291797,0.2104542683877407,0.4032784664013997,0.4816736731697145
frcnn_r50_fpn,int8,5000,,,0.3670599148308755,0.5820623999827637,0.3957783217366863,0.2092806934282619,0.401542716946992,0.4780170890173734
frcnn_r50_fpn,int8fp32,5000,,,0.3665541645561255,0.5821274935968173,0.3947826007918465,0.2080796431900737,0.402050562216895,0.4774834458969358
frcnn_r50_fpn,fp8,5000,,,0.3657765434609059,0.5817153613217685,0.3944959181080276,0.2069712971319537,0.4002413930825103,0.4756647547265711
yolov10s,fp32,5000,,,0.46031514503425236,0.6283785129162602,0.5007093276033768,0.2664201889755031,0.5056571291454968,0.6317145051508585
yolov10s,fp16,5000,,,0.46036652583805476,0.6281864895658087,0.5006376591737486,0.2663631395583504,0.5056555810029343,0.6318775733493048
yolov10s,int8,5000,,,0.4379215752169204,0.6089192665938069,0.47983697568241634,0.2599735189430668,0.4870271674040705,0.5547165194609417
yolov10s,int8fp32,5000,,,0.43825467583539324,0.608372585414244,0.4785128297753135,0.2649228660970444,0.48640433200593847,0.55270387232619
yolov10s,fp8,5000,,,0.4562216449548509,0.6246326185765718,0.496925216849047,0.26253117127659853,0.5011235171580939,0.6313462959097841
yolov10x,fp32,5000,,,0.5400226260859899,0.7086275688149692,0.5889913521792813,0.36386286518103717,0.5953870650478021,0.7046378034914917
yolov10x,fp16,5000,,,0.5398814912634298,0.7088505245408194,0.5890430251942748,0.3638073710961743,0.5954960268347645,0.7041970709450668
yolov10x,int8,5000,,,0.4778993493868548,0.6295374958408754,0.5232690378430527,0.3550584213720001,0.5425357869111006,0.5718126929666811
yolov10x,int8fp32,5000,,,0.47898653715960243,0.6310332278275638,0.5253150454003865,0.3564643009850589,0.541750228904807,0.5744811859265625
yolov10x,fp8,5000,,,0.5385378276214651,0.708523400494592,0.5888845013921097,0.3599716431165192,0.5945287587120667,0.7041766798088223
efficientnet_b0,fp32,9000,0.6578888888888889,1.0,,,,,,
efficientnet_b0,fp16,9000,0.6576666666666666,0.9965555555555555,,,,,,
efficientnet_b0,int8,9000,0.24822222222222223,0.2812222222222222,,,,,,
efficientnet_b0,int8fp32,9000,0.24744444444444444,0.2802222222222222,,,,,,
efficientnet_b0,fp8,9000,0.654,0.9233333333333333,,,,,,
densenet121,fp32,9000,0.6203333333333333,1.0,,,,,,
densenet121,fp16,9000,0.6201111111111111,0.997,,,,,,
densenet121,int8,9000,0.5735555555555556,0.7606666666666667,,,,,,
densenet121,int8fp32,9000,0.574,0.7621111111111111,,,,,,
densenet121,fp8,9000,0.6171111111111112,0.9392222222222222,,,,,,
