model,precision,energy_basis,inferences_per_year,energy_mj_per_img,kwh_per_year,critical_per_image,eur_per_year_low,tco2_per_year_low,eur_per_year_ref,tco2_per_year_ref,eur_per_year_high,tco2_per_year_high,kwh_saved,eur_saved_ref,eur_saved_low,eur_saved_high,tco2_saved_ref,tco2_saved_low,tco2_saved_high,critical_per_year,breakeven_eur_per_error
densenet121,fp16,energy_j_per_img,1261440000000,78.9249440715883,27655.30040268454,0.003,2765.5300402684543,2.7655300402684544,5080.278683973151,6.692582697449659,8296.590120805362,11.062120161073818,31449.265470331335,5777.230066899865,3144.926547033134,9434.779641099401,7.610722243820183,3.1449265470331333,12.579706188132533,3784320000.0,1.5266230305312091e-06
densenet121,fp32,energy_j_per_img,1261440000000,168.67741402116403,59104.565873015876,0.0,5910.456587301588,5.910456587301588,10857.508750873016,14.303304941269841,17731.369761904763,23.64182634920635,0.0,0.0,0.0,0.0,0.0,0.0,0.0,0.0,
densenet121,fp8,energy_j_per_img,1261440000000,45.4447418375094,15923.837539863294,0.0607777777777777,1592.3837539863296,1.5923837539863295,2925.2089560728873,3.853568684646917,4777.1512619589885,6.369535015945318,43180.72833315258,7932.299794800128,4318.072833315258,12954.218499945775,10.449736256622923,4.3180728333152585,17.272291333261034,76667519999.99991,1.0346362833700813e-07
densenet121,int8,energy_j_per_img,1261440000000,46.5042012161415,16295.072106135984,0.2393333333333333,1629.5072106135985,1.6295072106135984,2993.4047458971804,3.943407449684908,4888.521631840795,6.5180288424543935,42809.493766879896,7864.104004975836,4280.94937668799,12842.848130063969,10.359897491584933,4.280949376687989,17.123797506751956,301904639999.99994,2.6048304540718014e-08
densenet121,fp16,energy_net_j_per_img,1261440000000,35.628825943051,12484.340610445071,0.003,1248.4340610445072,1.2484340610445073,2293.3733701387596,3.021210427727707,3745.3021831335213,4.993736244178029,19607.298544588804,3601.860742640963,1960.7298544588805,5882.189563376642,4.74496624779049,1.9607298544588803,7.842919417835521,3784320000.0,9.517854575302731e-07
densenet121,fp32,energy_net_j_per_img,1261440000000,91.5857281821743,32091.639155033874,0.0,3209.1639155033877,3.2091639155033875,5895.234112779723,7.766176675518198,9627.491746510163,12.83665566201355,0.0,0.0,0.0,0.0,0.0,0.0,0.0,0.0,
densenet121,fp8,energy_net_j_per_img,1261440000000,23.473617196384097,8225.155465612988,0.0607777777777777,822.5155465612988,0.8225155465612989,1510.961059033106,1.9904876226783432,2467.5466396838965,3.2900621862451955,23866.483689420886,4384.273053746617,2386.648368942089,7159.945106826266,5.775689052839854,2.3866483689420885,9.546593475768354,76667519999.99991,5.718553376640619e-08
densenet121,int8,energy_net_j_per_img,1261440000000,14.613069712383,5120.419627219003,0.2393333333333333,512.0419627219003,0.5120419627219003,940.6210855201308,1.2391415497869986,1536.1258881657009,2.048167850887601,26971.219527814872,4954.613027259592,2697.1219527814874,8091.365858344461,6.527035125731199,2.697121952781487,10.788487811125949,301904639999.99994,1.6411185423515163e-08
efficientnet_b0,fp16,energy_j_per_img,1261440000000,23.0561157517899,8078.862959427181,0.0034444444444444,807.8862959427181,0.807886295942718,1484.087125646773,1.9550848361813777,2423.658887828154,3.231545183770872,9353.042279658053,1718.1538667731843,935.3042279658055,2805.9126838974157,2.2634362316772494,0.9353042279658055,3.741216911863222,4344959999.999944,3.954360608091229e-07
efficientnet_b0,fp32,energy_j_per_img,1261440000000,49.748588011088,17431.905239085234,0.0,1743.1905239085236,1.7431905239085235,3202.2409924199574,4.218521067858627,5229.57157172557,6.972762095634094,0.0,0.0,0.0,0.0,0.0,0.0,0.0,0.0,
efficientnet_b0,fp8,energy_j_per_img,1261440000000,30.4477786438035,10668.901636788745,0.0766666666666666,1066.8901636788746,1.0668901636788746,1959.8772306780925,2.581874196102876,3200.6704910366234,4.267560654715498,6763.003602296489,1242.363761741865,676.300360229649,2028.9010806889464,1.636646871755751,0.6763003602296489,2.7052014409185956,96710399999.99992,1.2846227104239728e-08
efficientnet_b0,int8,energy_j_per_img,1261440000000,14.7100112107623,5154.38792825111,0.7187777777777777,515.438792825111,0.515438792825111,946.8610624197289,1.2473618786367686,1546.3163784753328,2.061755171300444,12277.517310834124,2255.3799300002283,1227.7517310834126,3683.255193250237,2.9711591892218587,1.2277517310834125,4.91100692433365,906695040000.0,2.487473550092684e-09
efficientnet_b0,fp16,energy_net_j_per_img,1261440000000,11.3840607643528,3988.974891829221,0.0034444444444444,398.89748918292213,0.3988974891829221,732.774687629028,0.9653319238226715,1196.6924675487662,1.5955899567316885,6344.582891103768,1165.499877095762,634.4582891103769,1903.3748673311302,1.5353890596471116,0.6344582891103768,2.5378331564415073,4344959999.999944,2.6824179672442946e-07
efficientnet_b0,fp32,energy_net_j_per_img,1261440000000,29.4907470974115,10333.557782932989,0.0,1033.355778293299,1.033355778293299,1898.27456472479,2.500720983469783,3100.0673348798964,4.133423113173196,0.0,0.0,0.0,0.0,0.0,0.0,0.0,0.0,
efficientnet_b0,fp8,energy_net_j_per_img,1261440000000,15.1559200844204,5310.634397580908,0.0766666666666666,531.0634397580908,0.5310634397580908,975.5635388356128,1.2851735242145796,1593.1903192742723,2.124253759032363,5022.923385352081,922.7110258891772,502.29233853520816,1506.8770156056241,1.2155474592552036,0.5022923385352082,2.0091693541408326,96710399999.99992,9.5409700082843e-09
efficientnet_b0,int8,energy_net_j_per_img,1261440000000,5.9530030055126,2085.932253131615,0.7187777777777777,208.59322531316153,0.20859322531316152,383.18575490027774,0.5047956052578509,625.7796759394845,0.8343729012526461,8247.625529801373,1515.0888098245123,824.7625529801375,2474.287658940412,1.9959253782119322,0.8247625529801375,3.29905021192055,906695040000.0,1.6710015418464319e-09
frcnn_r50_fpn,fp16,energy_j_per_img,1261440000000,458.6803689064558,160721.60126482212,0.0016,16072.160126482213,16.072160126482213,29524.558152347825,38.894627506086955,48216.480379446635,64.28864050592885,975435.3563109355,179187.47495431884,97543.53563109355,292630.6068932806,236.0553562272464,97.54353563109353,390.17414252437413,2018304000.0,8.878121182652308e-05
frcnn_r50_fpn,fp32,energy_j_per_img,1261440000000,3242.45707070707,1136156.9575757575,0.0,113615.69575757576,113.61569575757575,208712.03310666667,274.94998373333334,340847.0872727272,454.462783030303,0.0,0.0,0.0,0.0,0.0,0.0,0.0,0.0,
frcnn_r50_fpn,fp8,energy_j_per_img,1261440000000,412.1791369047619,144427.56957142855,0.0444,14442.756957142856,14.442756957142857,26531.344530271424,34.95147183628571,43328.27087142856,57.77102782857143,991729.3880043289,182180.68857639525,99172.9388004329,297518.8164012987,239.99851189704762,99.17293880043289,396.69175520173155,56007936000.0,3.252765618365141e-06
frcnn_r50_fpn,int8,energy_j_per_img,1261440000000,282.7565886134068,99077.90865013773,0.0384,9907.790865013774,9.907790865013773,18200.611819030302,23.97685389333333,29723.372595041317,39.63116346005509,1037079.0489256198,190511.42128763636,103707.90489256199,311123.71467768593,250.97312984,103.70790489256197,414.8316195702479,48439295999.99999,3.9329931898191995e-06
frcnn_r50_fpn,fp16,energy_net_j_per_img,1261440000000,376.7769265488307,132022.6350627103,0.0016,13202.26350627103,13.202263506271029,24252.55806101988,31.949477685175893,39606.79051881309,52.809054025084116,779134.2780368921,143126.96687537705,77913.4278036892,233740.2834110676,188.55049528492788,77.9134278036892,311.6537112147568,2018304000.0,7.091447417008391e-05
frcnn_r50_fpn,fp32,energy_net_j_per_img,1261440000000,2600.333656106171,911156.9130996023,0.0,91115.69130996024,91.11569130996023,167379.52493639695,220.49997297010378,273347.0739298807,364.4627652398409,0.0,0.0,0.0,0.0,0.0,0.0,0.0,0.0,
frcnn_r50_fpn,fp8,energy_net_j_per_img,1261440000000,337.6993000331016,118329.83473159879,0.0444,11832.98347315988,11.83298347315988,21737.190640194698,28.63582000504691,35498.95041947964,47.33193389263952,792827.0783680035,145642.33429620226,79282.70783680036,237848.12351040106,191.86415296505686,79.28270783680034,317.13083134720137,56007936000.0,2.600387457523917e-06
frcnn_r50_fpn,int8,energy_net_j_per_img,1261440000000,224.8423728548496,78784.7674483393,0.0384,7878.476744833931,7.878476744833931,14472.76178025993,19.065913722498113,23635.43023450179,31.513906979335722,832372.1456512631,152906.76315613702,83237.21456512631,249711.6436953789,201.43405924760566,83.2372145651263,332.9488582605052,48439295999.99999,3.1566677425728288e-06
yolov10s,fp16,energy_j_per_img,1261440000000,111.9065858111632,39212.06766823158,0.0,3921.2067668231584,3.921206766823158,7203.256830654142,9.489320375712042,11763.620300469474,15.684827067292632,106532.0931398492,19569.945509790297,10653.20931398492,31959.627941954757,25.780766539843512,10.65320931398492,42.61283725593968,0.0,
yolov10s,fp32,energy_j_per_img,1261440000000,415.9365319865319,145744.16080808078,0.0,14574.416080808078,14.574416080808078,26773.20234044444,35.27008691555555,43723.24824242423,58.29766432323231,0.0,0.0,0.0,0.0,0.0,0.0,0.0,0.0,
yolov10s,fp8,energy_j_per_img,1261440000000,97.8560460139111,34288.758523274446,0.0046,3428.8758523274446,3.4288758523274447,6298.844940725516,8.297879562632415,10286.627556982334,13.715503409309779,111455.40228480633,20474.357399718923,11145.540228480633,33436.6206854419,26.972207352923135,11.145540228480634,44.582160913922536,5802624000.0,3.5284652942735775e-06
yolov10s,int8,energy_j_per_img,1261440000000,67.0249010554089,23485.52532981528,0.0096,2348.5525329815277,2.348552532981528,4314.291003087067,5.683497129815297,7045.657598944584,9.394210131926112,122258.6354782655,22458.911337357375,12225.86354782655,36677.59064347965,29.586589785740255,12.225863547826549,48.903454191306196,12109823999.999998,1.8546026215870172e-06
yolov10s,fp16,energy_net_j_per_img,1261440000000,80.6584215223374,28262.710901427028,0.0,2826.271090142703,2.826271090142703,5191.859992592145,6.839576038145341,8478.813270428109,11.305084360570811,81639.33433064425,14997.145716539351,8163.933433064425,24491.800299193274,19.756718908015905,8.163933433064425,32.6557337322577,0.0,
yolov10s,fp32,energy_net_j_per_img,1261440000000,313.647389360934,109902.04523207128,0.0,10990.204523207129,10.990204523207128,20189.005709131496,26.596294946161247,32970.61356962138,43.96081809282851,0.0,0.0,0.0,0.0,0.0,0.0,0.0,0.0,
yolov10s,fp8,energy_net_j_per_img,1261440000000,66.2971799311916,23230.531847889535,0.0046,2323.053184788954,2.3230531847889537,4267.4487004573075,5.621788707189268,6969.15955436686,9.292212739155815,86671.51338418174,15921.557008674188,8667.151338418174,26001.454015254523,20.97450623897198,8.667151338418174,34.668605353672696,5802624000.0,2.743854678275585e-06
yolov10s,int8,energy_net_j_per_img,1261440000000,40.9838786131883,14360.75106606118,0.0096,1436.0751066061182,1.4360751066061181,2638.069970835439,3.4753017579868057,4308.225319818354,5.744300426424473,95541.2941660101,17550.935738296055,9554.12941660101,28662.38824980303,23.12099318817444,9.55412941660101,38.21651766640404,12109823999.999998,1.4493138577650721e-06
yolov10x,fp16,energy_j_per_img,1261440000000,596.7397579143388,209097.61117318433,0.0002,20909.761117318434,20.909761117318432,38411.23117251396,50.601621903910605,62729.283351955295,83.63904446927373,675961.1048268157,124174.05495668606,67596.11048268157,202788.3314480447,163.5825873680894,67.59611048268155,270.3844419307262,252288000.0,0.0004921916815571333
yolov10x,fp32,energy_j_per_img,1261440000000,2525.8525,885058.716,0.0,88505.87160000001,88.50587159999999,162585.28612920002,214.184209272,265517.6148,354.02348639999997,0.0,0.0,0.0,0.0,0.0,0.0,0.0,0.0,
yolov10x,fp8,energy_j_per_img,1261440000000,436.5532625786164,152968.26320754716,0.0028,15296.826320754717,15.296826320754716,28100.269951226415,37.01831969622641,45890.47896226415,61.187305283018866,732090.4527924529,134485.0161779736,73209.0452792453,219627.13583773584,177.16588957577358,73.20904527924527,292.8361811169811,3532032000.0,3.8075820428006765e-05
yolov10x,int8,energy_j_per_img,1261440000000,295.80372983870967,103649.62693548387,0.0128,10364.962693548388,10.364962693548387,19040.43646804839,25.083209718387096,31094.88808064516,41.45985077419355,781409.0890645161,143544.84966115162,78140.90890645163,234422.72671935483,189.1009995536129,78.1409089064516,312.5636356258064,16146432000.0,8.890190084171637e-06
yolov10x,fp16,energy_net_j_per_img,1261440000000,484.6873056026982,169834.43188318546,0.0002,16983.443188318546,16.983443188318546,31198.58513694117,41.09993251573088,50950.32956495564,67.93377275327418,531966.8513668738,97722.31059609473,53196.68513668739,159590.05541006217,128.73597803078349,53.19668513668739,212.78674054674957,252288000.0,0.00038734426764687474
yolov10x,fp32,energy_net_j_per_img,1261440000000,2002.8575435218593,701801.2832500594,0.0,70180.12832500594,70.18012832500594,128920.8957330359,169.83591054651436,210540.3849750178,280.72051330002375,0.0,0.0,0.0,0.0,0.0,0.0,0.0,0.0,
yolov10x,fp8,energy_net_j_per_img,1261440000000,341.6109111349796,119700.46326169684,0.0028,11970.046326169686,11.970046326169685,21988.97510117371,28.967512109330634,35910.13897850905,47.88018530467874,582100.8199883625,106931.92063186219,58210.08199883625,174630.24599650875,140.8683984371837,58.21008199883625,232.840327995345,3532032000.0,3.027490142554263e-05
yolov10x,int8,energy_net_j_per_img,1261440000000,214.784351515169,75260.43677091523,0.0128,7526.043677091523,7.526043677091523,13825.342234817128,18.213025698561484,22578.131031274566,30.10417470836609,626540.8464791442,115095.55349821877,62654.08464791441,187962.25394374324,151.62288484795286,62.65408464791442,250.61633859165767,16146432000.0,7.128234491571808e-06
