model,precision,batch,repeat,engine_mb,activation_mem_mb,graph_mean_ms,graph_p50_ms,graph_p99_ms,graph_max_ms,graph_std_ms,graph_jitter_p99_p50_ms,graph_throughput_img_s
frcnn_r50_fpn,fp32,1,0,132.074876,201.937408,6.288900906244914,6.289744138717651,6.318136267662048,6.327199935913086,0.014756896411564234,0.02839212894439669,159.0102968560046
frcnn_r50_fpn,fp16,1,0,65.355212,94.874112,0.9109257590770722,0.91075199842453,0.9161308598518372,0.9316160082817078,0.0022290652066499304,0.005378861427307147,1097.7843035344347
frcnn_r50_fpn,int8,1,0,28.373444,67.021312,0.7378539743026098,0.7376959919929504,0.7418252515792847,0.7529600262641907,0.001576037933676283,0.004129259586334255,1355.2817153897697
frcnn_r50_fpn,fp8,1,0,28.7769,80.077312,0.9093068806330363,0.9094559848308563,0.9199046337604523,0.9368000030517578,0.005518042231237762,0.01044864892959596,1099.7387365020547
frcnn_r50_fpn,fp32,8,0,126.619804,1545.8304,41.24001717885335,41.23644828796387,41.31926494598389,41.34096145629883,0.03769569534066882,0.0828166580200218,193.98634014396487
frcnn_r50_fpn,fp16,8,0,138.646916,758.989312,5.074869871139526,4.984528064727783,5.7940252161026,5.807583808898926,0.21027664479053385,0.809497151374817,1576.3951003937084
frcnn_r50_fpn,int8,8,0,28.68818,536.166912,3.4640313537915546,3.463263988494873,3.4779715228080748,3.483167886734009,0.006457712709981841,0.014707534313201709,2309.447918606049
frcnn_r50_fpn,fp8,8,0,28.5385,640.614912,4.508001389503479,4.433488130569458,5.236428270339966,5.291071891784668,0.19385089358212054,0.8029401397705076,1774.6223456424304
yolov10s,fp32,1,0,113.1873,40.96,1.7814086417357127,1.781599998474121,1.788229742050171,1.7895359992980957,0.0027892368332942358,0.00662974357604984,561.3535134901174
yolov10s,fp16,1,0,167.165308,18.6368,0.811487894654274,0.8114080131053925,0.8149766170978546,0.8617280125617981,0.0033086796982113673,0.0035686039924621715,1232.3042729134484
yolov10s,int8,1,0,9.127972,9.1136,0.6677804774045945,0.6674719750881195,0.6690572786331177,0.7474560141563416,0.00464637012589448,0.0015853035449981956,1497.4981057946093
yolov10s,fp8,1,0,10.409468,20.3392,0.6694909878571829,0.6684160232543945,0.6805808264017105,0.7547839879989624,0.005968555791842111,0.012164803147315939,1493.6720854162147
yolov10s,fp32,8,0,37.832236,321.1264,6.318946250279745,6.318703889846802,6.337991442680359,6.356991767883301,0.00743912313923108,0.019287552833556987,1266.0338738671553
yolov10s,fp16,8,0,143.291164,149.0944,1.8335195724169413,1.833296000957489,1.840516517162323,1.8996479511260986,0.004935813941771123,0.007220516204833993,4363.193128860042
yolov10s,int8,8,0,9.794516,74.9568,1.4832315711180368,1.48334401845932,1.4882610976696014,1.5028159618377686,0.0024710824435557202,0.004917079210281283,5393.6284500536385
yolov10s,fp8,8,0,16.601636,106.496,1.8540802137056986,1.8536959886550903,1.8620818984508514,1.886080026626587,0.003789971025790218,0.008385909795761037,4314.807925170951
yolov10x,fp32,1,0,340.711236,121.2416,5.886541326840718,5.88643217086792,5.899686217308044,5.927487850189209,0.006406817792853316,0.013254046440124512,169.8790417796482
yolov10x,fp16,1,0,234.061436,57.344,1.8515059200922648,1.8507040143013,1.8599104499816894,2.019360065460205,0.010419314687286603,0.009206435680389369,540.1008925481414
yolov10x,int8,1,0,33.886068,36.352,1.5753587198257446,1.5746560096740723,1.5797818076610566,1.7181119918823242,0.00853120196336271,0.005125797986984315,634.7760592016865
yolov10x,fp8,1,0,33.917132,35.0208,1.7838921610514322,1.7829440236091614,1.7902426087856294,1.9800959825515747,0.011698294509807607,0.0072985851764679754,560.572001959242
yolov10x,fp32,8,0,209.861708,983.04,33.294261868794756,33.29635238647461,33.34007396697998,33.345279693603516,0.025533959813157554,0.04372158050536967,240.2816446727731
yolov10x,fp16,8,0,63.480244,458.752,6.732007795969645,6.73198390007019,6.747308015823364,6.77455997467041,0.007288869471136717,0.015324115753173828,1188.3527533627462
yolov10x,int8,8,0,34.190676,290.816,4.798017595609029,4.798304080963135,4.812292928695679,4.835968017578125,0.006094191970803192,0.013988847732544052,1667.3552859250262
yolov10x,fp8,8,0,40.043564,282.2144,5.79685333887736,5.796703815460205,5.8097477149963375,5.851679801940918,0.00678400239794863,0.013043899536132386,1380.0590652081787
efficientnet_b0,fp32,1,0,60.078812,10.0608,0.5612951467434565,0.5605440139770508,0.5664659267663956,0.6343039870262146,0.004664389314248262,0.005921912789344841,1781.5938830076084
efficientnet_b0,fp16,1,0,12.151516,3.525632,0.4196631475289663,0.41942399740219116,0.4201929631829262,0.47779199481010437,0.0033773075536945286,0.0007689657807350425,2382.8635082402066
efficientnet_b0,int8,1,0,11.331588,1.831936,0.3735157321890195,0.3733760118484497,0.3748163205385208,0.41075199842453003,0.0022005299217274714,0.0014403086900711126,2677.26340237242
efficientnet_b0,fp8,1,0,9.824636,6.836736,0.5243275743722916,0.5239999890327454,0.5250886523723602,0.6184960007667542,0.005461611105887503,0.0010886633396148815,1907.2046729511953
efficientnet_b0,fp32,8,0,24.916012,80.482304,1.0674091724554697,1.067199945449829,1.0717155373096465,1.137887954711914,0.004530648717663237,0.004515591859817425,7494.782887799987
efficientnet_b0,fp16,8,0,12.99318,28.199936,0.6638763729731242,0.663567990064621,0.666850243806839,0.7181119918823242,0.0033210003055679973,0.003282253742218022,12050.436384974142
efficientnet_b0,int8,8,0,26.645188,14.651904,0.48379914730787277,0.48364800214767456,0.48640288800001147,0.5212479829788208,0.002404103291929645,0.002754885852336908,16535.787722066987
efficientnet_b0,fp8,8,0,11.489884,55.293952,0.8339124266306559,0.8333599865436554,0.8372585868835449,0.9287999868392944,0.0057296252785077745,0.0038986003398895352,9593.33347786079
densenet121,fp32,1,0,33.357812,9.985024,2.5226878992716473,2.5223679542541504,2.528611283302307,2.585983991622925,0.004339042675247548,0.0062433290481567205,396.40258324809855
densenet121,fp16,1,0,17.495356,4.616704,1.5980627191066743,1.5971839427947998,1.5981763219833374,1.8725440502166748,0.015880568636533594,0.0009923791885375621,625.75766773347
densenet121,int8,1,0,11.618764,2.788352,1.4111905086040497,1.4105279445648193,1.4111366713047027,1.611807942390442,0.011605300736884865,0.0006087267398833252,708.6215460655277
densenet121,fp8,1,0,10.863452,3.311616,0.7091013336181641,0.70865598320961,0.7101449435949325,0.8261439800262451,0.006795004546388896,0.0014889603853225353,1410.2356780201442
densenet121,fp32,8,0,40.278724,75.364352,4.20694454352061,4.206767797470093,4.219076027870178,4.221663951873779,0.005100873097308168,0.012308230400085662,1901.6176508248302
densenet121,fp16,8,0,18.793212,36.930048,2.4000810678799946,2.398751974105835,2.406564104557037,2.68176007270813,0.016553395809355522,0.007812130451202215,3333.2207428586757
densenet121,int8,8,0,11.866588,22.278144,1.8940028782685598,1.893664002418518,1.898759014606476,2.034111976623535,0.008425670058842902,0.005095012187957826,4223.858417424031
densenet121,fp8,8,0,12.062724,26.492928,1.2287766393025716,1.2282240390777588,1.2337919473648071,1.351807951927185,0.007398451811523337,0.00556790828704834,6510.540438448305
