model,precision,batch,repeat,engine_mb,activation_mem_mb,graph_mean_ms,graph_p50_ms,graph_p99_ms,graph_max_ms,graph_std_ms,graph_jitter_p99_p50_ms,graph_throughput_img_s,mean_ms,p50_ms,p99_ms,max_ms,std_ms,jitter_p99_p50_ms,throughput_img_s,energy_j_per_img,energy_net_j_per_img,avg_power_w,idle_power_w,sustained_img_s,sm_clock_mhz,temp_c_max
frcnn_r50_fpn,fp32,1,0,132.075868,201.937408,6.290943502426147,6.291039943695068,6.3190094757080075,6.333439826965332,0.013711865961351356,0.02796953201293917,158.95866806216634,6.401815470933914,6.402223825454712,6.43171630859375,6.448095798492432,0.014029833259717479,0.029492483139038406,156.2056895485801,3.2455213375796177,2.478825757014444,506.31218086335457,119.60707420390705,156.0033437465989,1980.0,49.0
frcnn_r50_fpn,fp32,1,1,132.075868,201.937408,6.294490127801895,6.294303894042969,6.318432817459106,6.333792209625244,0.01129114102595557,0.024128923416137482,158.86910292910588,6.409625939369201,6.409632205963135,6.435296058654785,6.444736003875732,0.011732588609395888,0.02566385269165039,156.0153446487104,3.2543147435897435,2.4728327818221283,507.4153112585444,121.8492813746235,155.92078555340618,1980.0,50.0
frcnn_r50_fpn,fp32,1,2,132.075868,201.937408,6.296153569459915,6.296031951904297,6.32154182434082,6.337152004241943,0.011405331587223524,0.025509872436523473,158.82712976547998,6.409503757238388,6.409231901168823,6.435332489013672,6.447423934936523,0.011623003589470018,0.02610058784484881,156.0183187147178,3.239708917197452,2.4641730617386655,505.53946121787345,121.01827310551626,156.04471702204538,1980.0,49.0
frcnn_r50_fpn,fp16,1,0,65.465316,94.874112,0.9105900164544583,0.9104959964752197,0.9158732581138611,0.936896026134491,0.002328803403592699,0.005377261638641384,1098.189066352468,0.9996482067406177,0.9995520114898682,1.0054409563541413,1.0257279872894287,0.002447054107146349,0.00588894486427316,1000.3519170614323,0.5144348454636092,0.3943413753173081,515.5088966940461,120.3442045989057,1002.0878275255033,1980.0,48.0
frcnn_r50_fpn,fp16,1,1,65.465316,94.874112,0.9106368323266506,0.9105280041694641,0.9153618943691254,0.9394879937171936,0.002161642491441213,0.004833890199661295,1098.1326084132015,0.9956465764939785,0.9956480264663696,1.0022083139419555,1.0351680517196655,0.0028958991889147653,0.006560287475585902,1004.3724586703762,0.5129787265547878,0.3938972970881116,519.1981232147082,120.5251826017382,1012.1240830037736,1980.0,48.0
frcnn_r50_fpn,fp16,1,2,65.465316,94.874112,0.9095214881002903,0.9094399809837341,0.9147199988365173,0.9391679763793945,0.0022483630744992793,0.005280017852783203,1099.479246046942,0.9859958882331848,0.9859840273857117,0.9916166508197785,1.012287974357605,0.002597870536235013,0.005632623434066786,1014.2030123390365,0.5109387128712871,0.3921130794049526,515.9865400183957,119.99957320367206,1009.8795159183409,1980.0,49.0
frcnn_r50_fpn,int8,1,0,28.4597,67.021312,0.7362317435145378,0.7362560033798218,0.7399043065309524,0.7576000094413757,0.0016539895128681122,0.0036483031511306274,1358.2679758228244,0.809120495557785,0.8087040185928345,0.8169283485412597,0.8425279855728149,0.003214927818844546,0.008224329948425257,1235.9098619923452,0.31328521703521706,0.2157760520172853,382.5064553035591,119.05408567818297,1220.9527756318,1980.0,43.0
frcnn_r50_fpn,int8,1,1,28.4597,67.021312,0.7379224955737591,0.7378559708595276,0.7421126210689545,0.760640025138855,0.0018928190222565716,0.004256650209426893,1355.1558679918912,0.8178368317186833,0.8178560137748718,0.824288010597229,0.8421120047569275,0.0029177222510511783,0.006431996822357178,1222.7377897599708,0.3131847256347256,0.21489169375371608,382.3442719760496,119.99875676790093,1220.8266900665722,1980.0,43.0
frcnn_r50_fpn,int8,1,2,28.4597,67.021312,0.7373151837289333,0.7372480034828186,0.7414399981498718,0.7725120186805725,0.001973271470943836,0.004191994667053223,1356.2720829137843,0.811287695467472,0.8112000226974487,0.8180803281068801,0.8379520177841187,0.0029579226064639134,0.006880305409431409,1232.608365179001,0.3083109805510535,0.21233964186831514,380.3011992680723,118.38052323395593,1233.498718042246,1980.0,42.0
frcnn_r50_fpn,int8fp32,1,0,28.59826,53.094912,0.650363744199276,0.6502240002155304,0.6544643265008926,0.6664639711380005,0.0017265918030430665,0.004240326285362195,1537.6010869597199,0.7194121918380261,0.7194880247116089,0.7255363088846206,0.7425600290298462,0.0027355529061375045,0.006048284173011731,1390.0237045539918,0.28043583213773315,0.19568051378862633,390.64774912504726,118.06435036159726,1393.0022641799378,1980.0,43.0
frcnn_r50_fpn,int8fp32,1,1,28.59826,53.094912,0.6498919685184955,0.6498240232467651,0.6538562995195388,0.7268480062484741,0.0024010690758221715,0.004032276272773694,1538.7172767800416,0.7247530718743801,0.7247040271759033,0.7304003453254699,0.7451840043067932,0.0022902470772668843,0.005696318149566615,1379.780284909683,0.2820539407086045,0.1958566602196497,389.9259753339467,119.16358474322189,1382.451790442407,1980.0,42.0
frcnn_r50_fpn,int8fp32,1,2,28.59826,53.094912,0.6499016488492488,0.6498559713363647,0.6540480256080627,0.6699519753456116,0.0017375905928466218,0.004192054271697998,1538.694357478019,0.7231268966495991,0.7230719923973083,0.7289286690950394,0.7443199753761292,0.002564894738963558,0.005856676697731045,1382.8831490478544,0.28047961234745156,0.19531748198960833,390.58178294347454,118.59249389301729,1392.5496390790465,1980.0,43.0
frcnn_r50_fpn,fp8,1,0,28.6827,80.077312,0.9118097924292088,0.911760002374649,0.9214086377620697,0.944320023059845,0.0044767343881415185,0.009648635387420668,1096.7199610083571,1.0283505909442903,1.0281920433044434,1.048192983865738,1.061792016029358,0.00871618889328158,0.020000940561294644,972.4310063183246,0.4347502042900919,0.3125088134698484,425.25475699621563,119.57149746031024,978.1588433997829,1980.0,44.0
frcnn_r50_fpn,fp8,1,1,28.6827,80.077312,0.9102628165185451,0.9101759791374207,0.9197139269113541,0.9333760142326355,0.004359323985973085,0.009537947773933464,1098.5838176106874,1.0248369433879851,1.0247039794921875,1.0443231868743896,1.0565119981765747,0.00868025594178472,0.01961920738220213,975.7649804212978,0.435778496868476,0.3114322291804641,417.46137506879995,119.11960839448582,957.9668984786912,1980.0,44.0
frcnn_r50_fpn,fp8,1,2,28.6827,80.077312,0.91082260710001,0.9108480215072632,0.9207062470912933,0.9505599737167358,0.004387346304113395,0.009858225584030156,1097.9086291939152,1.0431814873814582,1.0431679487228394,1.062976642847061,1.0715199708938599,0.008202978309627145,0.019808694124221704,958.605968468775,0.43561436058700215,0.31104209620019296,415.1690175597907,118.72552720938292,953.0654981170484,1980.0,43.0
frcnn_r50_fpn,fp32,8,0,126.586588,1545.8304,40.69272166061401,40.690975189208984,40.75980888366699,40.78460693359375,0.03423223684574652,0.06883369445800724,196.59535350625373,40.8238565120697,40.821584701538086,40.891968727111816,40.92041778564453,0.03360893520780357,0.07038402557373047,195.96384769858219,3.1596267499999997,2.538029248476168,619.25738879965,121.82731573532683,195.9906779494287,1980.0,54.0
frcnn_r50_fpn,fp32,8,1,126.586588,1545.8304,40.6916056842804,40.690176010131836,40.756161041259766,40.77859115600586,0.032257831751452685,0.06598503112792997,196.60074517753634,40.82422205352783,40.822975158691406,40.891275787353514,40.91404724121094,0.034239144197935584,0.06830062866210795,195.9620930316951,3.1596930000000003,2.535869281629397,619.2305605917708,122.25577321501535,195.9780778043217,1980.0,54.0
frcnn_r50_fpn,fp32,8,2,126.586588,1545.8304,40.69267262840271,40.69078254699707,40.75399887084961,40.778785705566406,0.03203944365204369,0.0632163238525365,196.5955903917737,40.83551402282715,40.83420944213867,40.898531913757324,40.91737747192383,0.032969141873108,0.06432247161865234,195.90790495567123,3.17899025,2.5474479718142975,622.808871367575,123.72800875930471,195.91405521535492,1980.0,54.0
frcnn_r50_fpn,fp16,8,0,138.484212,758.989312,5.093023311376571,5.08185601234436,5.530364050865173,6.031583786010742,0.09974942022584266,0.44850803852081267,1570.7762385712927,5.118907269477845,5.115999937057495,5.211336350440979,5.302080154418945,0.03726446540614024,0.09533641338348353,1562.8335460775093,0.4427178571428571,0.3651169064727962,692.4865756259946,121.38118155349689,1564.1713214259203,1734.642857142857,55.0
frcnn_r50_fpn,fp16,8,1,138.484212,758.989312,5.090983506202698,5.085216045379639,5.166758904457092,5.276735782623291,0.030678698807173135,0.0815428590774534,1571.4056017374728,5.120998641729355,5.117599964141846,5.20371262550354,5.277344226837158,0.035633086300147984,0.08611266136169426,1562.1952981612997,0.4449427295918367,0.3652359477098783,696.4368121376829,124.75928560636767,1565.227985130921,1732.8061224489795,56.0
frcnn_r50_fpn,fp16,8,2,138.484212,758.989312,5.096887278079986,5.097919940948486,5.162318325042724,5.182015895843506,0.02737871596830929,0.06439838409423793,1569.5854280327787,5.120850802659988,5.115423917770386,5.223243632316589,5.2915520668029785,0.03620618861456595,0.10781971454620365,1562.2403987721061,0.4442577168367347,0.36638355396105926,694.5374252662721,121.74582123987003,1563.3660349483935,1736.1734693877552,54.0
frcnn_r50_fpn,int8,8,0,28.584236,536.166912,3.461236576080322,3.4609920978546143,3.475265991687775,3.4850881099700928,0.006023130774072457,0.014273893833160578,2311.31268382111,3.5299786095619203,3.529855966567993,3.5443207454681396,3.683199882507324,0.006982990979114611,0.014464778900146413,2266.30268476126,0.2771252860915493,0.22358053015658255,627.9202104544104,121.32358937577162,2265.8351365561593,1980.0,53.0
frcnn_r50_fpn,int8,8,1,28.584236,536.166912,3.4604278557300567,3.460319995880127,3.4744981288909913,3.4971840381622314,0.006042702817525768,0.014178133010864347,2311.852849858711,3.5297242555618284,3.5295040607452393,3.544385921955109,3.5705599784851074,0.006274400569749947,0.014881861209869562,2266.4659958619445,0.2768138204225352,0.22177878421462288,626.7631155334628,124.61058015281073,2264.2045638355653,1980.0,53.0
frcnn_r50_fpn,int8,8,2,28.584236,536.166912,3.457855535030365,3.4576799869537354,3.472864234447479,3.4827520847320557,0.006102815442649336,0.015184247493743808,2313.5726518805386,3.5274955675601958,3.527408003807068,3.5418250608444213,3.558176040649414,0.006226690514508882,0.014417057037353409,2267.8979595524274,0.27713094190140847,0.2228392490703943,627.9257671893484,123.01460327389645,2265.808945335083,1980.0,53.0
frcnn_r50_fpn,int8fp32,8,0,28.871532,424.755712,2.9023610730171203,2.901792049407959,2.915105192661285,2.9259519577026367,0.004270719342494125,0.01331314325332622,2756.376549553044,2.9621897602081297,2.962000012397766,2.976800606250763,2.9993600845336914,0.006377582053964375,0.014800593852996702,2700.7047649229276,0.2487655325443787,0.20370179295394839,671.3063223986701,121.60677159962418,2698.5503800809383,1980.0,55.0
frcnn_r50_fpn,int8fp32,8,1,28.871532,424.755712,2.9026997420787812,2.902143955230713,2.9162243223190307,2.9554240703582764,0.004511937567923769,0.014080367088317836,2756.0549525769293,2.958151790857315,2.9577600955963135,2.9736008715629576,2.994719982147217,0.006111925334407809,0.015840775966644127,2704.3913110630083,0.24813790680473374,0.20148582510802204,670.2883624885591,126.02003397964839,2701.2735422807714,1980.0,55.0
frcnn_r50_fpn,int8fp32,8,2,28.871532,424.755712,2.9026955522298814,2.9021599292755127,2.9152003145217895,2.9311039447784424,0.00443158301608672,0.01304038524627682,2756.0589307598298,2.9514007841348646,2.951103925704956,2.9656322813034057,2.9909119606018066,0.006027410439588483,0.014528355598449672,2710.577310612532,0.2474940634218289,0.20224704219194523,670.2807678773394,122.54115397684225,2708.270083775354,1980.0,54.0
frcnn_r50_fpn,fp8,8,0,28.461732,640.614912,4.5209225866794585,4.516960144042969,4.905061120986939,5.333407878875732,0.0918688605224909,0.38810097694396983,1769.5503177982673,4.542887830495834,4.542127847671509,4.620323519706726,4.670720100402832,0.02860276510199829,0.07819567203521682,1760.9943935434653,0.39384157239819,0.32293879755647775,694.8383205143558,125.09081936381504,1764.2584460632959,1890.3393665158371,57.0
frcnn_r50_fpn,fp8,8,1,28.461732,640.614912,4.525007056713104,4.522784233093262,4.593248209953308,4.628640174865723,0.02742781572522654,0.07046397686004635,1767.9530439917319,4.554911872386932,4.554880142211914,4.654721803665161,4.73356819152832,0.03195236071905078,0.09984166145324735,1756.3457261375556,0.3922935520361991,0.3227530696244468,691.4256441169344,122.56656423277482,1762.5210522275747,1896.8552036199094,54.0
frcnn_r50_fpn,fp8,8,2,28.461732,640.614912,4.5169547457695005,4.517471790313721,4.6008732128143315,4.652160167694092,0.031492374771757634,0.08340142250061078,1771.1047487231654,4.549912428379058,4.547935962677002,4.644982967376709,4.74889612197876,0.02771748204255226,0.09704700469970717,1758.2755989108261,0.3940002545248869,0.32299419307061905,695.9321530359452,125.4197190457651,1766.3241204631936,1892.3076923076924,55.0
yolov10s,fp32,1,0,112.757332,40.96,1.7783020487427712,1.77839994430542,1.7843522655963897,1.7877119779586792,0.00245237086501503,0.0059523212909697865,562.3341662947432,1.874868623316288,1.8748799562454224,1.8826562988758087,1.9563519954681396,0.0037871191619611843,0.00777634263038629,533.3707053197088,0.5550424953095685,0.32568462911525803,295.4363550897793,122.08191728062853,532.2770014663528,1980.0,40.0
yolov10s,fp32,1,1,112.757332,40.96,1.7798070406317712,1.7798399925231934,1.7862083530426025,1.788383960723877,0.002661731719285993,0.006368360519409144,561.8586606135875,1.8961269751191139,1.8961600065231323,1.9038079977035522,1.9344960451126099,0.0034973377976568487,0.007647991180419922,527.3908409731793,0.5555468809073724,0.3320455398072595,293.3401196510663,118.01328095551342,528.0204600770238,1980.0,38.0
yolov10s,fp32,1,2,112.757332,40.96,1.7069596810340881,1.7069439888000488,1.7132799625396729,1.7583039999008179,0.0028126148804489964,0.0063359737396240234,585.8369187690438,1.8660937589406967,1.8659839630126953,1.8736646616458892,1.894368052482605,0.0033147407920423298,0.007680698633193872,535.8787548636667,0.5533024390243902,0.33299369871280143,294.81843434190245,117.38802020288267,532.8341491892584,1980.0,39.0
yolov10s,fp16,1,0,167.169476,18.6368,0.8107618073523044,0.8106560111045837,0.8138883334398269,0.8858240246772766,0.002125333598425587,0.0032323223352431762,1233.4078775438234,0.9187638231813907,0.9189760088920593,0.9233926379680634,0.9463679790496826,0.0022079370569707372,0.004416629076004042,1088.4189981896695,0.2035140221402214,0.09510685983089262,220.60675484699263,117.51206146746256,1083.987985333975,1980.0,35.0
yolov10s,fp16,1,1,167.169476,18.6368,0.8106455041468144,0.8102719783782959,0.8139200210571289,0.9735040068626404,0.003862879646198841,0.003648042678833008,1233.584834412271,0.9185359675586223,0.9186879992485046,0.9225919842720032,0.9473919868469238,0.0021596053345980847,0.003903985023498535,1088.6889956611074,0.20106763619575255,0.09400880650584247,217.62656812237077,115.87566320185687,1082.3550335594389,1980.0,34.0
yolov10s,fp16,1,2,167.169476,18.6368,0.813655264109373,0.8136640191078186,0.8162879943847656,0.9240639805793762,0.0027415737017411805,0.0026239752769470215,1229.0217296075627,0.9441331996917725,0.9440640211105347,0.9479043108224868,0.971231997013092,0.0016548948747429134,0.0038402897119521606,1059.1725831974409,0.20264301125703565,0.09495172661277582,215.8494986335206,114.70965444832821,1065.1711958609499,1980.0,33.0
yolov10s,int8,1,0,26.700428,9.1136,0.6812913431823253,0.6813120245933533,0.6845120191574097,0.7749760150909424,0.0025494946091333026,0.0031999945640563965,1467.8008314753865,0.832929214924574,0.8323839902877808,0.8373123031854629,0.8580480217933655,0.0021375109382489083,0.004928312897682141,1200.5822128481293,0.1476746317512275,0.05377203704612099,180.4162102112161,114.72214330105686,1221.7143057796482,1980.0,32.0
yolov10s,int8,1,1,26.700428,9.1136,0.6870547363162041,0.6869120001792908,0.6900799870491028,0.762336015701294,0.002093571960500368,0.0031679868698120117,1455.4881105422855,0.8157042880356312,0.8158079981803894,0.8187203031778335,0.839136004447937,0.0017246694132637352,0.002912304997444104,1225.9344650598655,0.1470450980392157,0.05353683796590838,179.93275108074624,114.42202907897651,1223.6569153278383,1980.0,32.0
yolov10s,int8,1,2,26.700428,9.1136,0.6903112964630127,0.6902400255203247,0.6942399740219116,0.7684800028800964,0.0024749244593621727,0.003999948501586914,1448.6218103683902,0.8136961914300919,0.8134080171585083,0.8177279829978943,0.8390399813652039,0.0016729320935683664,0.004319965839385986,1228.9599122277743,0.14956033333333332,0.05378748680132132,179.43020551494251,114.90039606751768,1199.7178764976177,1980.0,32.0
yolov10s,int8fp32,1,0,11.588436,12.6976,0.7373994072079658,0.7374079823493958,0.7407363277673721,0.8126720190048218,0.0022604469450308866,0.0033283454179763305,1356.117173712311,0.875850016951561,0.8758080005645752,0.8781443452835083,0.9018239974975586,0.001071997494008317,0.00233634471893307,1141.7479941149618,0.15573025394045534,0.055674088721589104,177.8328534932472,114.25701121161835,1141.9287453370684,1980.0,31.0
yolov10s,int8fp32,1,1,11.588436,12.6976,0.7381542564332485,0.7380480170249939,0.7410243374109268,0.8154240250587463,0.0021579772965806677,0.0029763203859328735,1354.7303849902412,0.8609035206437111,0.8608959913253784,0.8628479838371277,0.8889279961585999,0.0010553732600126948,0.0019519925117492676,1161.5703455972446,0.15420489690721648,0.05590947249340878,179.441663048038,114.38219395483371,1163.657358793257,1980.0,31.0
yolov10s,int8fp32,1,2,11.588436,12.6976,0.7370847363770008,0.7370560169219971,0.7396483045816421,0.8086720108985901,0.0019510106942480015,0.0025922876596450317,1356.6961173491518,0.8603397926688194,0.8602880239486694,0.8621760010719299,0.8866879940032959,0.0009879756421141206,0.001887977123260498,1162.3314515046982,0.15376840068787617,0.05598915762267525,178.80166249925728,113.69755515286015,1162.798479397561,1980.0,31.0
yolov10s,fp8,1,0,10.308372,20.3392,0.6831303033530712,0.6826559901237488,0.6938886487483978,0.7846720218658447,0.003848338829565324,0.011232658624649061,1463.8495688035036,0.9232640323936939,0.9241920113563538,0.9442905753850936,0.9589440226554871,0.010204598744764534,0.020098564028739885,1083.1137842631615,0.18036972602739726,0.07536005485316032,197.40270854747297,114.92612407874485,1094.433710663221,1980.0,33.0
yolov10s,fp8,1,1,10.308372,20.3392,0.6825328639149666,0.6822080016136169,0.6923215895891189,0.7717120051383972,0.003408513198464011,0.010113587975501992,1465.1309158420027,0.9184413760900497,0.9182080030441284,0.9349452543258667,0.9455680251121521,0.0073356587420109615,0.016737251281738308,1088.8011211528365,0.1793957960644007,0.07644652479716234,200.4896387368032,115.05432489162784,1117.5827033585003,1980.0,33.0
yolov10s,fp8,1,2,10.308372,20.3392,0.6819730875194072,0.6812800168991089,0.6924163323640823,0.7860159873962402,0.0037746551870773094,0.0111363154649734,1466.3335229801755,0.9004902721643447,0.9000959992408752,0.9191062200069428,0.9285119771957397,0.007648537115284921,0.01901022076606751,1110.5061663758809,0.1799419090909091,0.07578297266714373,197.79674182697983,114.49416292663518,1099.2255379876526,1980.0,32.0
yolov10s,fp32,8,0,37.757372,321.1264,6.3051613299846645,6.30460786819458,6.327041153907776,6.358687877655029,0.009214914962151391,0.022433285713195694,1268.801792898685,6.485123708248138,6.485119819641113,6.507137150764465,6.541632175445557,0.009163484173211897,0.022017331123351802,1233.5925049240245,0.4027568181818182,0.30589085899305385,494.91571215106126,119.0308469302212,1228.8201957331964,1980.0,47.0
yolov10s,fp32,8,1,37.757372,321.1264,6.308350636959076,6.307839870452881,6.325153522491455,6.3638081550598145,0.006565456632983217,0.017313652038573935,1268.160325954294,6.501952797889709,6.501984119415283,6.5200961446762085,6.629471778869629,0.008378768419106241,0.018112025260925257,1230.3995812760286,0.4046995535714286,0.3062420513522053,497.8585732066309,121.12173374982403,1230.1930378056618,1980.0,49.0
yolov10s,fp32,8,2,37.757372,321.1264,6.3058230509758,6.305840015411377,6.3221127223968505,6.358496189117432,0.006599640716497192,0.016272706985473562,1268.6686472691354,6.486546929359436,6.486112117767334,6.506308588981629,6.549056053161621,0.007696645748389213,0.020196471214294576,1233.321840899719,0.40412197580645165,0.3060289186935547,498.34301287173093,120.96345299185639,1233.149996055659,1980.0,48.0
yolov10s,fp16,8,0,143.140292,149.0944,1.8301261923909187,1.8301440477371216,1.837216339111328,1.9497599601745605,0.004135064142000616,0.0070722913742065074,4371.28326629139,2.012706035256386,2.0125439167022705,2.020992999076843,2.0394558906555176,0.0037282697534205844,0.008449082374572647,3974.7483536416835,0.10839165411646587,0.07853189703377483,431.3863988504964,118.83842149518331,3979.885742743399,1980.0,44.0
yolov10s,fp16,8,1,143.140292,149.0944,1.8309606887698173,1.8308160305023193,1.8389763450622558,1.9484479427337646,0.0045996140365140705,0.008160314559936488,4369.290967888025,2.036756753921509,2.0366721153259277,2.0470080375671387,2.084991931915283,0.00459477468449205,0.010335922241210938,3927.8131689496286,0.10871559959349594,0.07814341209264114,427.2861590722217,120.1582166728679,3930.3113874173464,1980.0,44.0
yolov10s,fp16,8,2,143.140292,149.0944,1.8306303527355194,1.8305599689483643,1.8386243200302124,1.944383978843689,0.004452066711608128,0.008064351081848109,4370.0794035483805,2.0317921912670136,2.0316479206085205,2.041217176914215,2.0642879009246826,0.004242047210659763,0.009569256305694385,3937.4105454216,0.10892167174796748,0.07850387800420154,427.88839576588896,119.49340070609568,3928.404594780501,1980.0,45.0
yolov10s,int8,8,0,150.991116,74.9568,1.4725572165250778,1.4725760221481323,1.478559970855713,1.5087679624557495,0.0029465585791845768,0.005983948707580566,5432.726083729569,1.640199104309082,1.6400959491729736,1.6511686289310454,1.6763839721679688,0.004729025742949043,0.011072679758071802,4877.456632540915,0.06482227011494253,0.040645928107910456,315.5815815116328,117.70041734447932,4868.412984488897,1980.0,39.0
yolov10s,int8,8,1,150.991116,74.9568,1.4731963520050049,1.4733760356903076,1.4791056418418884,1.5082240104675293,0.002918328863812099,0.005729606151580802,5430.369135188316,1.6384744945764542,1.6386879682540894,1.649568922519684,1.6740800142288208,0.004943188017617835,0.010880954265594545,4882.590498955555,0.06493945507487521,0.04028316917845114,311.76558438824014,118.3715103934747,4800.865421934544,1980.0,39.0
yolov10s,int8,8,2,150.991116,74.9568,1.4742944312691688,1.47433602809906,1.4807065105438233,1.499616026878357,0.0030292432363011232,0.006370482444763237,5426.324505012935,1.6468161761760711,1.6468479633331299,1.6559685909748076,1.6886399984359741,0.004419949681827553,0.009120627641677759,4857.858524669162,0.06476296258223684,0.040446831528932206,315.00305615621954,118.27216190055827,4863.938331360685,1980.0,39.0
yolov10s,int8fp32,8,0,10.00302,101.5808,1.6570545426011085,1.6570240259170532,1.66592129945755,1.6951040029525757,0.0035837735840907265,0.008897273540496853,4827.843498405463,1.822648672103882,1.8226879835128784,1.8324483251571655,1.848479986190796,0.004514612865503251,0.009760341644287074,4389.216705579142,0.07449835766423357,0.0476754943535387,326.3554935383103,117.50311105281091,4380.707223227722,1980.0,39.0
yolov10s,int8fp32,8,1,10.00302,101.5808,1.655978671848774,1.6558719873428345,1.663522539138794,1.6897599697113037,0.003362156527898663,0.007650551795959526,4830.980094126822,1.8223000161647798,1.822335958480835,1.8323839902877808,1.8564159870147705,0.004310559949733946,0.0100480318069458,4390.0564830355615,0.07447745209854015,0.047397377018788045,326.29135722498563,118.63985948171313,4381.075721995347,1980.0,40.0
yolov10s,int8fp32,8,2,10.00302,101.5808,1.655733167409897,1.6558079719543457,1.662977306842804,1.6843839883804321,0.0033760734963100497,0.007169334888458279,4831.696409461068,1.8429292001724242,1.8430399894714355,1.8534406852722167,1.8706560134887695,0.004794748770851292,0.010400695800781179,4340.9155377491015,0.07494900646950092,0.0476226941473125,323.8740366089369,118.0840613414289,4321.258571195754,1980.0,40.0
yolov10s,fp8,8,0,16.743956,106.496,1.861870447397232,1.861680030822754,1.8718090116977693,1.8945599794387817,0.004001291484926298,0.010128980875015348,4296.754380082381,1.9911743827462196,1.9909759759902954,2.0018242239952087,2.0354559421539307,0.0043989516162960375,0.010848248004913241,4017.729471271337,0.09728911852589642,0.06770062680746333,390.45149772273663,118.74782176943913,4013.3110838989282,1980.0,42.0
yolov10s,fp8,8,1,16.743956,106.496,1.861594479382038,1.8614399433135986,1.871168336868286,1.9029439687728882,0.003944153515175867,0.009728393554687464,4297.391343068241,1.9804558244347572,1.9804160594940186,1.9916160106658936,2.0109119415283203,0.004760833442816728,0.011199951171875,4039.4740954564254,0.09684294713438735,0.06774996363369336,391.39314526759483,117.58000612841322,4041.524518295226,1980.0,42.0
yolov10s,fp8,8,2,16.743956,106.496,1.8588203685283662,1.8585920333862305,1.8691232013702392,1.8897279500961304,0.004101675012087258,0.010531167984008771,4303.804786867934,1.9827643522024154,1.982591986656189,1.993120275735855,2.020224094390869,0.0045096013154575015,0.010528289079666076,4034.770945480111,0.09688985148514852,0.06765016807823833,391.2354503284382,118.06810032025858,4037.940448163528,1980.0,42.0
yolov10x,fp32,1,0,340.70322,121.2416,6.056930575370789,6.056191921234131,6.075264616012573,6.077663898468018,0.008969248937639016,0.019072694778442312,165.10012580733314,6.281792992115021,6.281023979187012,6.301572189331055,6.354432106018066,0.008696566780395088,0.02054821014404329,159.1902186613299,2.6426365625,1.887508349237766,421.21394106482524,120.36105729821688,159.3915512416684,1980.0,46.0
yolov10x,fp32,1,1,340.70322,121.2416,6.058356464147567,6.058192014694214,6.071136956214905,6.0747199058532715,0.005664928895645002,0.012944941520690811,165.06126800524993,6.274065242528915,6.274112224578857,6.287971038818359,6.301919937133789,0.006283551447266821,0.013858814239501527,159.3862928331497,2.6344816770186337,1.8837544442718868,421.9001924099299,120.22553305501185,160.14542674192447,1980.0,45.0
yolov10x,fp32,1,2,340.70322,121.2416,6.056638661146164,6.055808067321777,6.0740170526504516,6.0845441818237305,0.008485403583674283,0.01820898532867421,165.10808320382102,6.242618254899979,6.241600036621094,6.262756857872009,6.277760028839111,0.00844130131895821,0.02115682125091567,160.18919613017763,2.6288394409937887,1.8900237291713686,420.8588994110216,118.27925376363402,160.09304062020726,1980.0,44.0
yolov10x,fp16,1,0,233.95294,57.344,1.9896133441925048,1.9892799854278564,1.9979523050785064,2.1916799545288086,0.005791354980540994,0.008672319650649962,502.6102196785654,2.2356417742967607,2.2355198860168457,2.2459205842018126,2.311840057373047,0.0048824945856673525,0.010400698184966917,447.29885239085684,0.7538776169265033,0.4893098684557834,338.14402347523304,118.66913268283761,448.53967790397894,1980.0,40.0
yolov10x,fp16,1,1,233.95294,57.344,1.991506719648838,1.9911359548568726,1.9999056351184845,2.2007999420166016,0.005922959841401996,0.008769680261611956,502.1323755193403,2.207855887770653,2.207871913909912,2.217505304813385,2.2556800842285156,0.004437004520139139,0.009633390903472705,452.9281125362462,0.7559339601769911,0.4957194790074172,341.40770053776134,117.522471992038,451.6369398959475,1980.0,41.0
yolov10x,fp16,1,2,233.95294,57.344,1.989907041311264,1.990015983581543,1.9981440305709839,2.185472011566162,0.005743606816320677,0.008128046989440918,502.5360377342263,2.198643855690956,2.198496103286743,2.2088642930984497,2.221791982650757,0.004287658474505896,0.010368189811706507,454.82582247761786,0.7514888520971302,0.4899993389764566,340.3442389291175,118.42683904444442,452.8932637913941,1980.0,41.0
yolov10x,int8,1,0,33.834524,36.7616,1.567242494404316,1.5669759511947632,1.5711040496826172,1.7260799407958984,0.004001819612070619,0.004128098487854004,638.0633523978586,1.7917736328840255,1.7917439937591553,1.7969922649860381,1.8201600313186646,0.002159617356826669,0.005248271226882872,558.1062147847367,0.45035912343470486,0.23869010710529115,251.35371167357363,118.1363719134384,558.1183961737062,1980.0,36.0
yolov10x,int8,1,1,33.834524,36.7616,1.5669570709466933,1.5668480396270752,1.5711043691635131,1.725119948387146,0.004009173071737771,0.004256329536437953,638.179576544391,1.8271574715971948,1.8270399570465088,1.8331203091144561,1.8626559972763062,0.0027378710614655265,0.0060803520679473255,547.2982025604275,0.4512038181818182,0.23970120134389977,248.0393641983682,116.26890662886315,549.7279814649477,1980.0,34.0
yolov10x,int8,1,2,33.834524,36.7616,1.5675930562615394,1.5674879550933838,1.5720640420913696,1.7366080284118652,0.004216685360130886,0.00457608699798584,637.9206618743523,1.8213532482385635,1.8212480545043945,1.8272000551223755,1.8440959453582764,0.00264196850731257,0.005952000617980957,549.0423128885641,0.4478872987477639,0.23911873268669184,250.3431042421711,116.68955793575398,558.9421824242364,1980.0,34.0
yolov10x,int8fp32,1,0,36.785892,36.7616,1.59841656011343,1.5982719659805298,1.6027519702911377,1.763584017753601,0.004115943858415348,0.00448000431060791,625.6191439414492,1.810278079867363,1.810271978378296,1.8152639865875244,1.8366719484329224,0.0022787787612788017,0.004992008209228516,552.4013195106847,0.449784664246824,0.23834062400588166,247.5726543315156,116.3840531839554,550.4248455115347,1980.0,34.0
yolov10x,int8fp32,1,1,36.785892,36.7616,1.6003039997816086,1.5998719930648804,1.6050560474395752,1.7762240171432495,0.004423897675242444,0.005184054374694824,624.8812726434907,1.8147972312569618,1.8148159980773926,1.8204483604431152,1.8391679525375366,0.0024905723551651203,0.005632362365722621,551.0257469961984,0.45353046296296295,0.23744091059146563,244.79360313115558,116.63459115498748,539.7511812809504,1980.0,35.0
yolov10x,int8fp32,1,2,36.785892,36.7616,1.599257134437561,1.5993599891662598,1.6035203552246093,1.7783360481262207,0.004481007433883758,0.004160366058349574,625.2903166517294,1.8497350065112115,1.8497920036315918,1.855679988861084,1.8827519416809082,0.0026084286836500774,0.0058879852294921875,540.6179785103931,0.4534273062730627,0.2376765881603066,245.45392853371158,116.79239563233041,541.3302753008317,1980.0,36.0
yolov10x,fp8,1,0,33.80958,35.0208,1.7853414251804351,1.784991979598999,1.7923843479156494,1.9756799936294556,0.005089105975438893,0.007392368316650355,560.116953483525,1.9518599677085877,1.951807975769043,1.959392272233963,1.977120041847229,0.00330344701161035,0.007584296464919982,512.3318355537377,0.5767583820662768,0.3475391911947288,295.625492664497,117.48946931086287,512.5638427748518,1980.0,38.0
yolov10x,fp8,1,1,33.80958,35.0208,1.7878971036076545,1.7877119779586792,1.7942399978637695,2.0044798851013184,0.0055733564887625086,0.006528019905090332,559.3163040435493,1.952311407148838,1.952191948890686,1.9605120420455933,1.985152006149292,0.0036270960304669903,0.008320093154907227,512.2133673645861,0.5768835282651072,0.3473330065377089,295.41746085268835,117.55099416697901,512.0920365695189,1980.0,38.0
yolov10x,fp8,1,2,33.80958,35.0208,1.788589137017727,1.788383960723877,1.7948169767856599,2.005376100540161,0.005577351082871044,0.006433016061782926,559.0998957241732,1.9754363514184952,1.9753919839859009,1.9831692862510681,2.0034239292144775,0.003453743144725293,0.007777302265167263,506.2172715825206,0.578571819960861,0.3498085370354106,295.5961823629682,116.87667937604905,510.9066362460663,1980.0,38.0
yolov10x,fp32,8,0,209.899676,983.04,33.45873738288879,33.45844841003418,33.5246134185791,33.55446243286133,0.023902874646982958,0.06616500854492102,239.10047496566017,33.877712553024296,33.877662658691406,33.923681297302245,33.99808120727539,0.022986991034219445,0.04601863861083899,236.1434523502335,2.487109375,1.9729508287991222,587.3876025859671,121.43026713572651,236.1728070708459,1980.0,53.0
yolov10x,fp32,8,1,209.899676,983.04,33.45543739128113,33.45563316345215,33.49699375152588,33.50649642944336,0.02109522857015032,0.04136058807372933,239.12405945961095,33.87463504600525,33.874128341674805,33.92150913238525,33.955360412597656,0.02381023527009474,0.04738079071044865,236.16490595795864,2.484153958333333,1.9670948342634251,586.7241318735742,122.12248950172358,236.1867024808795,1980.0,53.0
yolov10x,fp32,8,2,209.899676,983.04,33.46212453079224,33.46246528625488,33.50726318359375,33.523582458496094,0.02235200780626078,0.04479789733886719,239.07627241773923,33.85760513305664,33.85767936706543,33.904163398742675,33.96419143676758,0.02328790956117689,0.04648403167724524,236.28369368007236,2.4928733333333333,1.9699009384217072,587.9491335552224,123.34407944042756,235.85198882489917,1980.0,52.0
yolov10x,fp16,8,0,63.410964,458.752,6.892335073232651,6.892207860946655,6.909089093208313,6.932831764221191,0.007518427586968983,0.016881232261657608,1160.709674587517,7.286956081867218,7.286639928817749,7.3102081632614135,7.349952220916748,0.010159451806435354,0.023568234443664515,1097.8520949106737,0.5787245923913044,0.4688463718428649,635.1773265649348,120.59648975221036,1097.5468036365387,1980.0,54.0
yolov10x,fp16,8,1,63.410964,458.752,6.896139026403427,6.896031856536865,6.914179825782776,6.931807994842529,0.007633378274155213,0.018147969245911,1160.0694199131126,7.246251759529113,7.245952129364014,7.268608093261719,7.301087856292725,0.00976757603513273,0.022655963897705078,1104.019052261009,0.580494964028777,0.46701442184192055,641.4571997569492,125.39800571719123,1105.0176823328136,1980.0,55.0
yolov10x,fp16,8,2,63.410964,458.752,6.898181023836136,6.898176193237305,6.917920751571655,6.939040184020996,0.008225038338363492,0.019744558334350515,1159.7260165189364,7.246121377468109,7.24560022354126,7.26864068031311,7.350751876831055,0.010130692647506804,0.023040456771850515,1104.038917271809,0.5793676630434783,0.46720793699364765,639.4413886836791,123.78939239193016,1103.6884339119433,1980.0,54.0
yolov10x,int8,8,0,34.42034,290.816,4.825471092700958,4.825439929962158,4.840896768569946,4.855199813842773,0.00649352409230276,0.015456838607788015,1657.8692207069391,5.1206474740505215,5.120512008666992,5.13693064212799,5.1802239418029785,0.0073158443518562275,0.016418633460998144,1562.3024315852504,0.2932799744897959,0.21679517331052253,457.7299756278522,119.3718945202241,1560.7270030084442,1980.0,47.0
yolov10x,int8,8,1,34.42034,290.816,4.82584742641449,4.825695991516113,4.840288162231445,4.866847991943359,0.00633550373538045,0.014592170715332031,1657.7399352104762,5.113186816930771,5.112800121307373,5.129443354606629,5.160160064697266,0.007168061706531492,0.016643233299255655,1564.581988968293,0.2941608737244898,0.21627102729125908,460.04298599098206,121.81320064028392,1563.9163025530613,1980.0,46.0
yolov10x,int8,8,2,34.42034,290.816,4.831438316822052,4.83139181137085,4.848639965057373,4.87116813659668,0.0075708816623507435,0.017248153686523438,1655.8216157175564,5.08222688126564,5.082127809524536,5.09929769039154,5.153759956359863,0.007618681134781568,0.017169880867004217,1574.1131175174412,0.29325675761421316,0.21692332140625134,461.0920994585293,120.02023293974717,1572.3153430793495,1980.0,46.0
yolov10x,int8fp32,8,0,34.417716,290.816,4.858963582754135,4.8587517738342285,4.87424024105072,4.895359992980957,0.006786688301358721,0.015488467216491664,1646.441646196796,5.111303917884826,5.110976219177246,5.130368552207947,5.178912162780762,0.007766844058646637,0.019392333030700648,1565.158348735127,0.29626262886597937,0.21967846024858007,459.65510747791296,118.82127824114392,1551.5122823197778,1980.0,46.0
yolov10x,int8fp32,8,1,34.417716,290.816,4.855147074460984,4.854976177215576,4.870402193069458,4.897119998931885,0.006850535976177996,0.01542601585388148,1647.735872324353,5.123861138105393,5.123807907104492,5.141186413764953,5.1711039543151855,0.007374192560867496,0.017378506660461035,1561.3225621016913,0.2965834183673469,0.21867222737871142,463.0620843443505,121.64442196921013,1561.3215563211422,1980.0,46.0
yolov10x,int8fp32,8,2,34.417716,290.816,4.8559776647090915,4.85587215423584,4.87011194229126,4.911968231201172,0.006018119015105917,0.014239788055419922,1647.4540354952926,5.114379037857056,5.1142401695251465,5.130560879707336,5.184256076812744,0.007161663459435143,0.016320710182189835,1564.2172668046971,0.2962656568877551,0.22033481661869306,462.7395972180227,118.59696061850221,1561.9076543635258,1980.0,46.0
yolov10x,fp8,8,0,40.03998,282.2144,5.819204948186874,5.819295883178711,5.83132791519165,5.887328147888184,0.005402546615459447,0.012032032012939453,1374.7582481164561,6.059456253290176,6.059328079223633,6.073376817703247,6.117728233337402,0.006040209499435129,0.014048738479614187,1320.2504755531725,0.4340756439393939,0.3418134722472608,572.9630329066728,121.78249218392347,1319.961257689617,1980.0,50.0
yolov10x,fp8,8,1,40.03998,282.2144,5.816064083337784,5.815920114517212,5.827776274681091,5.891071796417236,0.005399155460285848,0.011856160163879359,1375.5006625389308,6.092375503063202,6.092351913452148,6.105632147789001,6.1835198402404785,0.005875026820111928,0.013280234336852992,1313.116697415919,0.4319027057926829,0.3383107551434777,566.3496538859984,122.72617917364029,1311.2898953632653,1980.0,50.0
yolov10x,fp8,8,2,40.03998,282.2144,5.821353375911713,5.821311950683594,5.833377213478088,5.885312080383301,0.005399834582561337,0.01206526279449438,1374.2508800622463,6.088880661725998,6.088640213012695,6.103360495567322,6.174911975860596,0.006052485515007112,0.01472028255462643,1313.8703884093309,0.4322089015151515,0.3402347096725384,567.2049216913354,120.70138791411364,1312.3397498361135,1980.0,52.0
efficientnet_b0,fp32,1,0,60.0937,10.0608,0.594061920106411,0.5935680270195007,0.5980173033475876,1.0038080215454102,0.009259761041736128,0.004449276328086893,1683.32620919529,0.8191783202290535,0.6813919842243195,1.6535276937484742,2.115391969680786,0.26245123243890517,0.9721357095241547,1220.7354312311224,0.11575105442176871,0.03513982516368812,170.08256817563682,118.44872571139972,1469.3824520673245,1980.0,35.0
efficientnet_b0,fp32,1,1,60.0937,10.0608,0.5947942719459534,0.5943999886512756,0.5985283470153808,0.681984007358551,0.002308018676392158,0.004128358364105189,1681.2535815591482,0.6835803835988045,0.6833599805831909,0.6871680021286011,0.714464008808136,0.0013506552422573998,0.0038080215454101562,1462.8857468603185,0.11485480245231608,0.035635227038364796,168.54161644970827,116.24934273227402,1467.432034630691,1980.0,31.0
efficientnet_b0,fp32,1,2,60.0937,10.0608,0.5938904324173927,0.5935680270195007,0.5973446214199066,0.6945919990539551,0.0025669653034347995,0.003776594400405897,1683.8122748156836,0.6968092631697654,0.6965920031070709,0.7000319957733154,0.7314559817314148,0.0013873125501144118,0.003439992666244507,1435.1129539395452,0.11623990953375088,0.036104604126504444,167.0349426487133,115.15318788982722,1436.984451542556,1980.0,30.0
efficientnet_b0,fp16,1,0,38.037364,3.525632,0.4191708960235119,0.4190399944782257,0.42051199078559875,0.4949760138988495,0.0017701578529586114,0.0014719963073730469,2385.6618135623344,0.52028700786829,0.5202879905700684,0.5221760272979736,0.5499200224876404,0.0010521163617002623,0.0018880367279052734,1922.0160889605547,0.07515195035460992,0.016677495467783764,148.3370126759776,115.4185076347249,1973.8278511208114,1980.0,29.0
efficientnet_b0,fp16,1,1,38.037364,3.525632,0.41973931215703486,0.4196479916572571,0.42108832985162736,0.49318400025367737,0.001734603823474291,0.001440338194370283,2382.431121023697,0.5064269925057888,0.5063999891281128,0.5080962997674942,0.5341759920120239,0.0009595660797636328,0.0016963106393813598,1974.6182861462885,0.07502556962025317,0.01691763123329267,148.15622861550827,114.74825246392228,1974.7431357790513,1980.0,29.0
efficientnet_b0,fp16,1,2,38.037364,3.525632,0.41942958387732504,0.4192639887332916,0.4208959937095642,0.496288001537323,0.001812620096081482,0.001632004976272583,2384.190430144957,0.5231594881713391,0.5232319831848145,0.5251839756965637,0.561024010181427,0.001340412787492248,0.0019519925117492676,1911.462990942624,0.07655664589823469,0.016758800560813004,147.44318739589247,115.16681292014866,1925.9358304684083,1980.0,29.0
efficientnet_b0,int8,1,0,11.354036,1.831936,0.3754916956871748,0.3754560053348541,0.3763200044631958,0.42847999930381775,0.0012444763076888104,0.0008639991283416748,2663.174742573024,0.46330385610461233,0.46326398849487305,0.46508800983428955,0.49379199743270874,0.001044422150576514,0.001824021339416504,2158.41069920688,0.06219667896678967,0.008988878872767253,134.78670283567303,115.30686298608121,2167.1044993840155,1980.0,29.0
efficientnet_b0,int8,1,1,11.354036,1.831936,0.37533238373696803,0.3752959966659546,0.37615999579429626,0.4313279986381531,0.00130464987118238,0.0008639991283416748,2664.3051421344912,0.4639087838679552,0.4639360010623932,0.4652479887008667,0.4886080026626587,0.0008647879211305786,0.0013119876384735107,2155.5961748821624,0.06238882707464071,0.00898176570795172,134.55294460767803,115.18212004745159,2156.683350477188,1980.0,29.0
efficientnet_b0,int8,1,2,11.354036,1.831936,0.37501592057943345,0.3749760091304779,0.3758080005645752,0.43779200315475464,0.0014488824547869504,0.00083199143409729,2666.5534584636025,0.4634686239808798,0.46348801255226135,0.4647040069103241,0.48998400568962097,0.0008213385361326481,0.0012159943580627441,2157.6433619404074,0.06215648960739031,0.009012751936945035,134.51798848252383,115.0127482588921,2164.1825227293702,1980.0,29.0
efficientnet_b0,int8fp32,1,0,11.798892,1.831936,0.3724998245537281,0.37244799733161926,0.3731839954853058,0.42800000309944153,0.0012765257978025382,0.0007359981536865234,2684.565022810537,0.47499316804111,0.4749760031700134,0.4767040014266968,0.5008959770202637,0.0009518117699537645,0.0017279982566833496,2105.2934384804694,0.06358483066792098,0.00944418079801211,135.12255517711202,115.05295952706297,2125.0753325554165,1980.0,29.0
efficientnet_b0,int8fp32,1,1,11.798892,1.831936,0.372129311800003,0.3720960021018982,0.3728640079498291,0.42956799268722534,0.0013253235775624328,0.0007680058479309082,2687.2379258784094,0.47351243236660956,0.473471999168396,0.4752640128135681,0.49644801020622253,0.0009006303835138832,0.0017920136451721191,2111.876968049206,0.062284594222833556,0.00943431383270126,135.82212618440647,115.24900405304828,2180.6696805068696,1980.0,30.0
efficientnet_b0,int8fp32,1,2,11.798892,1.831936,0.372769120618701,0.37273600697517395,0.3735043326020241,0.43241599202156067,0.0013733234999398782,0.0007683256268501415,2682.6256379290667,0.4589038395136595,0.4588800072669983,0.46060800552368164,0.48127999901771545,0.000880916296865184,0.0017279982566833496,2179.105760064652,0.0625826694139194,0.0096743336159625,136.65450077480125,115.529782973547,2183.5837629579773,1980.0,30.0
efficientnet_b0,fp8,1,0,9.736316,6.912512,0.5230079044699669,0.5229439735412598,0.523904025554657,0.640608012676239,0.002659368544929396,0.0009600520133972168,1912.0169914323421,0.6067693278491497,0.606656014919281,0.6092479825019836,0.6461120247840881,0.0014713996891057065,0.0025919675827026367,1648.0727586293094,0.09094687693259122,0.01963988852939609,147.05893723447886,115.30170452953028,1616.9762194635584,1980.0,30.0
efficientnet_b0,fp8,1,1,9.736316,6.912512,0.5233144009411335,0.5232639908790588,0.5241280198097229,0.6397119760513306,0.0026301078462105036,0.0008640289306640625,1910.8971551357859,0.6178834890723228,0.6178240180015564,0.620352349281311,0.6475840210914612,0.0015033788499064864,0.002528331279754603,1618.4280979920322,0.09055388409371147,0.019375399873927536,146.7906266573924,115.38250852202802,1621.0307059328702,1980.0,29.0
efficientnet_b0,fp8,1,2,9.736316,6.912512,0.5228595679104329,0.5227839946746826,0.5236799716949463,0.6538559794425964,0.0029534065597031497,0.0008959770202636719,1912.5594354071425,0.6071843516230583,0.6071040034294128,0.609279990196228,0.6384639739990234,0.0012560172085998142,0.0021759867668151855,1646.9462648813499,0.08912904300423986,0.019344778522581964,147.09649751445312,115.17032541666384,1650.37671847835,1980.0,29.0
efficientnet_b0,fp32,8,0,24.895188,80.482304,1.1275732494592667,1.1275520324707031,1.1319683408737182,1.2133760452270508,0.0026896812434649845,0.004416308403015101,7094.882752704925,1.2117676003575324,1.2117760181427002,1.2176003086566924,1.2365440130233765,0.0024636481088594333,0.005824290513992247,6601.925977918206,0.04652407687651332,0.02900733484045455,307.3053566452133,115.70328784687237,6605.297241273148,1980.0,37.0
efficientnet_b0,fp32,8,1,24.895188,80.482304,1.1289534245729447,1.1288959980010986,1.1338243114948272,1.2186559438705444,0.0028779985100085147,0.0049283134937285755,7086.209072819991,1.2247153449058532,1.2246719598770142,1.2303683376312256,1.2482240200042725,0.002431900383889415,0.00569637775421139,6532.130125808932,0.04680047843256379,0.028912727449265496,308.06562712905964,117.74668569977618,6582.531577598306,1980.0,38.0
efficientnet_b0,fp32,8,2,24.895188,80.482304,1.129103471636772,1.129088044166565,1.1334722864627838,1.2248320579528809,0.002888592908820188,0.00438424229621881,7085.267383336473,1.2164743213653564,1.216480016708374,1.22297660946846,1.2441279888153076,0.002942348848164759,0.006496592760085962,6576.382139345856,0.04680555976941748,0.02904473085271543,308.48242495524966,117.05668301865832,6590.721838921593,1980.0,39.0
efficientnet_b0,fp16,8,0,17.02418,28.199936,0.6629228152930736,0.6628479957580566,0.6658883315324783,0.7282559871673584,0.0019313215854319609,0.003040335774421643,12067.769905404832,0.7436021440327167,0.743615984916687,0.7477762919664382,0.7653759717941284,0.0019185108444614333,0.004160307049751233,10758.441276963315,0.021804081915680472,0.010925885648410254,235.69080219793852,117.58765237694818,10809.480679323662,1980.0,35.0
efficientnet_b0,fp16,8,1,17.02418,28.199936,0.6618504799604416,0.661728024482727,0.6642240285873413,0.7379199862480164,0.002075620473343373,0.002496004104614258,12087.322200745637,0.7412302407622338,0.7412480115890503,0.7448319792747498,0.7705919742584229,0.0017208449736368385,0.003583967685699463,10792.86780282104,0.021912150943396227,0.01094108188064727,232.15565338090897,116.23668133397747,10594.836352698403,1980.0,34.0
efficientnet_b0,fp16,8,2,17.02418,28.199936,0.6615702229738235,0.6615999937057495,0.663968026638031,0.7351999878883362,0.0019442012734897456,0.002368032932281494,12092.442679840107,0.7539927991330624,0.7539839744567871,0.7585600018501282,0.7806400060653687,0.0020356785660547716,0.0045760273933410645,10610.180905173584,0.021854028925619832,0.010856758402081678,232.5886500080003,117.0420481069244,10642.827041165523,1980.0,34.0
efficientnet_b0,int8,8,0,26.631108,14.651904,0.48313411208987234,0.4830400049686432,0.48486431658267976,0.5304639935493469,0.0013111184274142307,0.0018243116140365667,16558.549271950073,0.5785670408010483,0.578495979309082,0.5816966140270233,0.5985599756240845,0.0012625832626558054,0.0032006347179412975,13827.265357051265,0.014202140162507254,0.005743838997694796,195.7430797882337,116.57777636553791,13782.64666792847,1980.0,33.0
efficientnet_b0,int8,8,1,26.631108,14.651904,0.4825964480191469,0.48256000876426697,0.48435231268405915,0.5389760136604309,0.0014728307751131673,0.001792303919792182,16576.99726725424,0.5818068803548813,0.581824004650116,0.5858240127563477,0.6016640067100525,0.0018505321338456594,0.0040000081062316895,13750.26709055123,0.014171018465089441,0.0058011993586765025,196.39535161341652,115.99685445292276,13858.94401995453,1980.0,33.0
efficientnet_b0,int8,8,2,26.631108,14.651904,0.482984528362751,0.48291200399398804,0.4849603098630905,0.5313599705696106,0.0013579262772640066,0.0020483058691024847,16563.67757186522,0.5923808792829514,0.5923200249671936,0.5950083357095718,0.6117119789123535,0.0011924021351927847,0.002688310742378186,13504.824817579554,0.014310611749116608,0.005731615734414871,194.31883598889044,116.49121286747781,13578.653337505695,1980.0,33.0
efficientnet_b0,int8fp32,8,0,11.95134,14.651904,0.4902478396892548,0.4902079999446869,0.49203231155872346,0.5381439924240112,0.001314421784503863,0.0018243116140365667,16318.276904740318,0.5989676001667976,0.5989440083503723,0.6011203151941299,0.6190400123596191,0.001044935725017506,0.0021763068437575805,13356.315095795162,0.01447168504171633,0.005816325489021887,194.17561756790215,116.13435350285648,13417.623242087438,1980.0,32.0
efficientnet_b0,int8fp32,8,1,11.95134,14.651904,0.4899616157859564,0.4899519979953766,0.4918723323941231,0.546239972114563,0.0014789537565267899,0.0019203343987465038,16327.809653348158,0.58720507183671,0.5871359705924988,0.5899843198060989,0.6054080128669739,0.001182199248978886,0.00284834921360011,13623.86052793604,0.014281958235981308,0.005837040881087725,195.50730961232162,115.60340988773414,13689.110861546247,1980.0,32.0
efficientnet_b0,int8fp32,8,2,11.95134,14.651904,0.490695232078433,0.4906879961490631,0.4923839867115021,0.5399360060691833,0.0013390119297137346,0.0016959905624389648,16303.39868214019,0.5877261753976345,0.5877119898796082,0.5902079939842224,0.6053760051727295,0.0011084266982425745,0.002496004104614258,13611.781021302117,0.014531579934013196,0.0058779357587471085,193.7922091237644,115.4044384238315,13335.93525299796,1980.0,32.0
efficientnet_b0,fp8,8,0,11.493524,54.685184,0.8334647520184517,0.8333119750022888,0.8397123432159423,0.9463040232658386,0.003264154934065021,0.006400368213653529,9598.486295462308,0.922589247494936,0.9225280284881592,0.9271683317422866,0.9630079865455627,0.002103312206827017,0.004640303254127454,8671.247818812142,0.027275390984360624,0.013816725779529908,237.07276895136604,116.98028557420572,8691.819269879601,1980.0,35.0
efficientnet_b0,fp8,8,1,11.493524,54.685184,0.8323927359580994,0.832319974899292,0.8361283165216445,0.9480640292167664,0.003038068125180649,0.0038083416223525512,9610.847925999562,0.9236953276395797,0.9236800074577332,0.9281603318452835,0.9503999948501587,0.0019811920055822197,0.004480324387550305,8660.864422085235,0.027323666053357863,0.013931751768353241,237.59931253295272,116.45251487862829,8695.73329102204,1980.0,35.0
efficientnet_b0,fp8,8,2,11.493524,54.685184,0.8341621122062206,0.833728015422821,0.8458902585506439,0.9481599926948547,0.0037808889756013875,0.01216224312782288,9590.461953302249,0.9234843679368496,0.9234880208969116,0.9286080002784729,0.9455680251121521,0.002104762673544298,0.005119979381561279,8662.842899953734,0.027411815227483753,0.013658090043402174,236.03654852457595,118.43001986060567,8610.7595051903,1980.0,34.0
densenet121,fp32,1,0,33.346636,9.985024,2.548774432182312,2.548736095428467,2.5533446502685546,2.7918078899383545,0.005831339852431991,0.00460855484008782,392.3454297773145,3.3525122240781786,3.3524160385131836,3.3589439392089844,3.374527931213379,0.002884824875487339,0.006527900695800781,298.2837744238097,0.5129337248322148,0.11998821054345933,152.6891503266503,116.97128458660958,297.6781266948206,1980.0,30.0
densenet121,fp32,1,1,33.346636,9.985024,2.7919509001970293,2.7918078899383545,2.797919988632202,2.9482879638671875,0.004330005267011739,0.006112098693847656,358.17248789347605,3.3423589247465135,3.342303991317749,3.349376924037933,3.369663953781128,0.002850681137613317,0.007072932720184166,299.1898902885903,0.5096993333333333,0.12355769701727377,152.64245400682378,115.6399530209845,299.4754829451555,1980.0,30.0
densenet121,fp32,1,2,33.346636,9.985024,2.7788856937885282,2.7785279750823975,2.7855683183670044,2.9305601119995117,0.004344897977716695,0.007040343284606898,359.85647133138235,3.2362768640518187,3.2363200187683105,3.2421441078186035,3.262847900390625,0.002627445637936401,0.005824089050292969,308.99704877165544,0.4992370550161812,0.12433912989369834,154.0619001232465,115.69150590146052,308.59468177548047,1980.0,31.0
densenet121,fp16,1,0,17.470052,4.616704,1.5874707999229432,1.5873279571533203,1.5882879495620728,1.8653759956359863,0.006230091911947393,0.0009599924087524414,629.9328466693943,2.1621112637519837,2.1600000858306885,2.1622406673431396,3.34118390083313,0.04057152635548973,0.002240581512451101,462.51088774435533,0.2953185622317597,0.04666568697114647,137.462228272083,115.74070400884642,465.4710060663426,1980.0,30.0
densenet121,fp16,1,1,17.470052,4.616704,1.5873330872058868,1.5871679782867432,1.5881919860839844,1.8869760036468506,0.006715126520156874,0.001024007797241211,629.9874979360862,2.2399374706745148,2.2397758960723877,2.2432007026672363,2.8410239219665527,0.013612602034689014,0.0034248065948485618,446.44103377531735,0.3028339643652561,0.04530963313383364,135.7502815026037,115.43949679392757,448.266368625917,1980.0,29.0
densenet121,fp16,1,2,17.470052,4.616704,1.5858528341054916,1.5856959819793701,1.5866880416870117,1.8695039749145508,0.006358125159984349,0.0009920597076416016,630.5755354430823,2.2344851199388502,2.2290239334106445,2.240852437019348,3.753567934036255,0.07645482956670391,0.011828503608703578,447.5303912640807,0.29376655913978494,0.04598248659152256,136.40408840384362,115.05312461672972,464.3281686086588,1980.0,29.0
densenet121,int8,1,0,11.600652,2.788352,1.39038221013546,1.390239953994751,1.3908159732818604,1.646399974822998,0.0057311151333963644,0.000576019287109375,719.2266937179623,2.0840407980680467,2.061408042907715,2.410602898597717,3.7092161178588867,0.12224389750214938,0.3491948556900022,479.8370554583302,0.2566737373737374,0.024097134290101636,127.03885080342093,115.11214463085773,494.9429267803984,1980.0,29.0
densenet121,int8,1,1,11.600652,2.788352,1.3902358725070953,1.390112042427063,1.3906563138961792,1.6456960439682007,0.005718434110976107,0.0005442714691161754,719.3024002442407,2.074201330065727,2.0691840648651123,2.1320394325256347,5.741983890533447,0.08707651062071646,0.06285536766052235,482.11327680920544,0.2601393223819302,0.023489749658747165,126.65900639574036,115.22210279723902,486.88912247485104,1980.0,29.0
densenet121,int8,1,2,11.600652,2.788352,1.391790829360485,1.3916480541229248,1.3922560214996338,1.6498559713363647,0.0057774903873155726,0.0006079673767089844,718.4987707236803,2.070046958088875,2.0573920011520386,2.3914906334877015,2.8932480812072754,0.05973718571344782,0.33409863233566295,483.0808287186045,0.2566568548387097,0.024308133576328914,127.22682353338716,115.17709034825518,495.7078727289012,1980.0,29.0
densenet121,int8fp32,1,0,13.651444,3.951616,1.4656128311753274,1.4656000137329102,1.4668480157852173,1.7219840288162231,0.005781664766508703,0.001248002052307129,682.3084369410604,2.0972884303331374,2.087519884109497,2.3152649664878844,3.3629438877105713,0.06011160704629931,0.2277450823783873,476.8061395547574,0.26396460905349795,0.02777684644663651,128.1670431094189,114.68009768618512,485.54631459493567,1980.0,28.0
densenet121,int8fp32,1,1,13.651444,3.951616,1.4652921751141548,1.4652800559997559,1.4664643621444702,1.7277120351791382,0.005907057831158939,0.00118430614471432,682.4577493714481,2.07833244740963,2.0676159858703613,2.3238841676712036,2.5023679733276367,0.04670565362938888,0.2562681818008423,481.15497655169145,0.26656278350515467,0.029122814866073127,129.0210004681881,114.92505406088358,484.01730643577696,1980.0,28.0
densenet121,int8fp32,1,2,13.651444,3.951616,1.4649912798404694,1.464959979057312,1.4661442863941192,1.7249280214309692,0.005855056557007528,0.0011843073368071888,682.5979197015392,2.1500472170114517,2.1438400745391846,2.377583975791931,3.648832082748413,0.05505641080008262,0.23374390125274624,465.1060646891243,0.27394002123142247,0.029423658297669096,128.79872845425854,114.96456958190146,470.17127280372927,1980.0,29.0
densenet121,fp8,1,0,10.808588,3.311616,0.7090118882954121,0.7089279890060425,0.7104640007019043,0.8357120156288147,0.0029029608970067965,0.0015360116958618164,1410.413586158864,0.8468231355249882,0.8467519879341125,0.8493443351984024,0.8733440041542053,0.0012387435782913036,0.002592347264289807,1180.8841280417425,0.12728712624584718,0.03141140163674591,153.157595476635,115.36198419114729,1203.2449784499072,1980.0,31.0
densenet121,fp8,1,1,10.808588,3.311616,0.7090743366777897,0.7089599967002869,0.7106563073396682,0.8561599850654602,0.0033536523969462436,0.0016963106393813598,1410.2893706254804,0.8304827190935612,0.8304960131645203,0.8322563391923904,0.8549439907073975,0.0009621764260695822,0.0017603260278701294,1204.1189744338812,0.12774892026578072,0.03171576170709402,153.72329303596234,115.55896788460274,1203.3236188309234,1980.0,30.0
densenet121,fp8,1,2,10.808588,3.311616,0.709328432559967,0.7092480063438416,0.7108482939004898,0.8439679741859436,0.0030875941809306745,0.0016002875566482055,1409.7841762679652,0.8313501117527485,0.8313279747962952,0.8333439826965332,0.8600320219993591,0.001055254390342872,0.002016007900238037,1202.8626518034432,0.12909702886247876,0.031312176650647616,152.03285436426933,115.15764790520119,1177.6634652546734,1980.0,30.0
densenet121,fp32,8,0,40.297796,74.661888,4.1842998290061955,4.184256076812744,4.193792185783386,4.197792053222656,0.004667611382426595,0.009536108970642054,1911.9088800813931,4.770863654375076,4.770751953125,4.783424220085144,4.7908477783203125,0.005561105276691289,0.012672266960144007,1676.8452380029084,0.16106080357142857,0.09168712754341707,269.5937354119767,116.12203618093517,1673.8630966311741,1980.0,35.0
densenet121,fp32,8,1,40.297796,74.661888,4.184516192674637,4.184607982635498,4.193664393424988,4.19868803024292,0.004219309083173122,0.00905641078948971,1911.8100233438463,4.689559436559677,4.689407825469971,4.702050065994262,4.710752010345459,0.005353810333247014,0.012642240524291637,1705.917177983121,0.1599429906542056,0.0912144484025636,272.815337863979,117.23052319196736,1705.7036181960716,1980.0,37.0
densenet121,fp32,8,2,40.297796,74.661888,4.192132252693177,4.191904067993164,4.2045440673828125,4.2136640548706055,0.005085964311739253,0.012639999389648438,1908.336740774462,4.699182195901871,4.699135780334473,4.713728909492493,4.726719856262207,0.00576979006226377,0.014593129158019913,1702.4238828144933,0.16004594042056075,0.09128686100787521,272.72765920049494,117.16949975566875,1704.0585877019732,1980.0,37.0
densenet121,fp16,8,0,18.80194,38.53568,2.3941100791692733,2.39353609085083,2.4008642077445983,2.6652801036834717,0.006684623375984357,0.007328116893768222,3341.53390422879,2.997870560646057,2.9977760314941406,3.004256329536438,3.0193281173706055,0.0028146265275626916,0.006480298042297328,2668.5608461614024,0.07793560495626822,0.03475530120976902,213.816593156987,118.46530791338618,2743.503348398531,1980.0,34.0
densenet121,fp16,8,1,18.80194,38.53568,2.388615936756134,2.388495922088623,2.394335985183716,2.672032117843628,0.0068312191429271574,0.0058400630950927734,3349.2198879257335,2.910434959769249,2.9102718830108643,2.917151927947998,2.933504104614258,0.002654925658918908,0.006880044937133789,2748.730038837313,0.07795975654069767,0.03574129628992153,214.2096639816753,116.00346878227359,2747.6953942236914,1980.0,33.0
densenet121,fp16,8,2,18.80194,38.53568,2.392044337272644,2.391439914703369,2.397088050842285,2.6757760047912598,0.006739530591335277,0.005648136138916016,3344.41961436276,2.919226576089859,2.9191040992736816,2.925568103790283,2.941279888153076,0.002565670560211338,0.0064640045166015625,2740.4518941847787,0.07774287790697675,0.03543793178953154,213.80078102024234,116.34288264645471,2750.1011896686628,1980.0,34.0
densenet121,int8,8,0,11.852524,22.278144,1.845761520922184,1.8457280397415161,1.8518719673156738,1.9897600412368774,0.004148492251785958,0.006143927574157715,4334.2544035716055,2.3627004178762436,2.3624958992004395,2.3684163904190063,2.5431039333343506,0.004763980623192974,0.005920491218566859,3385.9561455493144,0.049601448170731706,0.014185695144611661,162.40011392837826,115.95472588832597,3274.100251456077,1980.0,31.0
densenet121,int8,8,1,11.852524,22.278144,1.849526721596718,1.8494399785995483,1.8552010118961335,2.0042240619659424,0.00421194610771538,0.005761033296585172,4325.4308827144205,2.4407450923919676,2.440768003463745,2.4467846584320068,2.467008113861084,0.0025328931387077432,0.006016654968261648,3277.687631099517,0.049286661585365855,0.013975863656283014,161.30505613066234,115.56494310542585,3272.7933063852893,1980.0,30.0
densenet121,int8,8,2,11.852524,22.278144,1.8509531366229057,1.8509119749069214,1.8565446579456328,2.03110408782959,0.004676671727029614,0.00563268303871145,4322.097540835707,2.3590892176628113,2.358975887298584,2.3649922251701354,2.3836801052093506,0.0025694366854112772,0.006016337871551425,3391.139232930636,0.04791054411764706,0.01401743288993728,162.77595333007167,115.15176028611465,3397.4974888693832,1980.0,30.0
densenet121,int8fp32,8,0,13.902252,31.61088,2.0400214210748673,2.039936065673828,2.045408329963684,2.2491519451141357,0.005157815753630714,0.0054722642898559215,3921.5274493465263,2.5542186394929884,2.5511999130249023,2.55654438495636,4.159423828125,0.05648061594479311,0.005344471931457484,3132.073298779151,0.053156792091836734,0.016289642619200836,166.389858989455,115.4004890192968,3130.1711868163584,1980.0,30.0
densenet121,int8fp32,8,1,13.902252,31.61088,2.038625585317612,2.038464069366455,2.0443523740768432,2.2761919498443604,0.005781459999986415,0.005888304710388148,3924.2124976831506,2.645807229399681,2.6457600593566895,2.651360034942627,2.6850240230560303,0.0024960334470259,0.0055999755859375,3023.651878755791,0.054979360079575594,0.016704706355784818,165.80126943678573,115.42488245539609,3015.700240905125,1980.0,31.0
densenet121,int8fp32,8,2,13.902252,31.61088,2.042454577803612,2.0424320697784424,2.047392852306366,2.2716801166534424,0.005624087481504387,0.004960782527923424,3916.8557709630613,2.639312674164772,2.639296054840088,2.644576711654663,2.6619839668273926,0.002299967359207102,0.005280656814575124,3031.09217725848,0.05464332124010554,0.016436619217156053,165.65419282425782,115.8256899553789,3031.554251550063,1980.0,31.0
densenet121,fp8,8,0,12.111964,26.492928,1.2289674394130707,1.2289760112762451,1.2340802776813506,1.2580159902572632,0.0023542298295984184,0.005104266405105529,6509.529661600012,1.3596793265342713,1.3596800565719604,1.364993302822113,1.3808319568634033,0.0022559898194889384,0.0053132462501526145,5883.74026425146,0.042889492876526464,0.02307135013184676,252.57965957141008,116.71063032149817,5889.080113363793,1980.0,35.0
densenet121,fp8,8,1,12.111964,26.492928,1.2288093593716622,1.2288000583648682,1.2335366451740264,1.2687360048294067,0.002223094030644513,0.0047365868091582275,6510.367079308958,1.3599930716753006,1.3600000143051147,1.3657602894306182,1.3773759603500366,0.0025323164568651097,0.005760275125503478,5882.382908131466,0.04310183367768595,0.023049999748144468,250.28544236639533,116.43778691278702,5806.8397794400435,1980.0,35.0
densenet121,fp8,8,2,12.111964,26.492928,1.2300599846839906,1.2299200296401978,1.2353935742378235,1.2639360427856445,0.0022941977300823643,0.0054735445976257235,6503.747865641891,1.364430528819561,1.364400029182434,1.370018218755722,1.38864004611969,0.002361091293549761,0.005618189573287857,5863.251980239119,0.04294562329700272,0.02319174498294852,251.88130332181407,115.85889861218415,5865.121611575108,1980.0,36.0
