model,tensor,order,measured,predicted
densenet121,/features/denseblock1/denselayer1/norm1/BatchNormalization_output_0,4,3.681897072061928,3.4858974636419977
densenet121,/features/denseblock1/denselayer2/norm1/BatchNormalization_output_0,10,0.9478166167800811,4.101798579693275
densenet121,/features/denseblock1/denselayer3/norm1/BatchNormalization_output_0,16,1.1801842696037865,3.031143337928626
densenet121,/features/denseblock1/denselayer4/norm1/BatchNormalization_output_0,22,1.2981557885782058,2.197947988341926
densenet121,/features/denseblock1/denselayer5/norm1/BatchNormalization_output_0,28,1.2294857408534603,2.058430410935746
densenet121,/features/denseblock1/denselayer6/norm1/BatchNormalization_output_0,34,1.050961626621259,0.9979546368137033
densenet121,/features/transition1/norm/BatchNormalization_output_0,40,1.468056578367721,1.9683290619764577
densenet121,/features/denseblock2/denselayer1/norm1/BatchNormalization_output_0,45,0.7803021936868388,0.9582413295057198
densenet121,/features/denseblock2/denselayer2/norm1/BatchNormalization_output_0,51,1.3308432909429353,1.303551710704634
densenet121,/features/denseblock2/denselayer3/norm1/BatchNormalization_output_0,57,1.236882753553492,1.2530524179772398
densenet121,/features/denseblock2/denselayer4/norm1/BatchNormalization_output_0,63,1.3115273296050525,1.392405157510246
densenet121,/features/denseblock2/denselayer5/norm1/BatchNormalization_output_0,69,1.226772856093891,1.3360892151301242
densenet121,/features/denseblock2/denselayer6/norm1/BatchNormalization_output_0,75,1.0660090298044578,1.2937414697720397
densenet121,/features/denseblock2/denselayer7/norm1/BatchNormalization_output_0,81,1.3035087679870765,1.35368708181318
densenet121,/features/denseblock2/denselayer8/norm1/BatchNormalization_output_0,87,1.2252855389245791,1.3459397061738825
densenet121,/features/denseblock2/denselayer9/norm1/BatchNormalization_output_0,93,1.2068581058903767,1.377988963376283
densenet121,/features/denseblock2/denselayer10/norm1/BatchNormalization_output_0,99,1.327368046469797,1.4339039632327988
densenet121,/features/denseblock2/denselayer11/norm1/BatchNormalization_output_0,105,1.3171726699919257,1.4354343303954848
densenet121,/features/denseblock2/denselayer12/norm1/BatchNormalization_output_0,111,1.3210383375036732,1.4406276864931442
densenet121,/features/transition2/norm/BatchNormalization_output_0,117,1.3912396421865088,1.610671267532635
densenet121,/features/denseblock3/denselayer1/norm1/BatchNormalization_output_0,122,1.0941452323175522,1.0938383128865004
densenet121,/features/denseblock3/denselayer2/norm1/BatchNormalization_output_0,128,1.0361398246158733,1.0261327829384823
densenet121,/features/denseblock3/denselayer3/norm1/BatchNormalization_output_0,134,1.1549599075531227,1.1853097713494218
densenet121,/features/denseblock3/denselayer4/norm1/BatchNormalization_output_0,140,1.1467127727433333,1.169350787762106
densenet121,/features/denseblock3/denselayer5/norm1/BatchNormalization_output_0,146,1.061423226241178,1.0867082772036003
densenet121,/features/denseblock3/denselayer6/norm1/BatchNormalization_output_0,152,1.1527208608188015,1.1965029667274907
densenet121,/features/denseblock3/denselayer7/norm1/BatchNormalization_output_0,158,1.0783523401391086,1.1615767231848357
densenet121,/features/denseblock3/denselayer8/norm1/BatchNormalization_output_0,164,1.1855871441463175,1.223297848547043
densenet121,/features/denseblock3/denselayer9/norm1/BatchNormalization_output_0,170,1.1887462293090398,1.263571295450649
densenet121,/features/denseblock3/denselayer10/norm1/BatchNormalization_output_0,176,1.1333959485440492,1.1832741198461072
densenet121,/features/denseblock3/denselayer11/norm1/BatchNormalization_output_0,182,1.16209243072833,1.2359302080667665
densenet121,/features/denseblock3/denselayer12/norm1/BatchNormalization_output_0,188,1.194410846689921,1.2444602574314207
densenet121,/features/denseblock3/denselayer13/norm1/BatchNormalization_output_0,194,1.1291092498440047,1.2251694369824044
densenet121,/features/denseblock3/denselayer14/norm1/BatchNormalization_output_0,200,1.1223136157509752,1.2221750467697359
densenet121,/features/denseblock3/denselayer15/norm1/BatchNormalization_output_0,206,1.177053634457491,1.2538208926316945
densenet121,/features/denseblock3/denselayer16/norm1/BatchNormalization_output_0,212,1.1753740601696978,1.239359133056332
densenet121,/features/denseblock3/denselayer17/norm1/BatchNormalization_output_0,218,1.195249936308911,1.2672313124359513
densenet121,/features/denseblock3/denselayer18/norm1/BatchNormalization_output_0,224,1.1939654392423757,1.3142424999133708
densenet121,/features/denseblock3/denselayer19/norm1/BatchNormalization_output_0,230,1.1878288877998244,1.29355941325391
densenet121,/features/denseblock3/denselayer20/norm1/BatchNormalization_output_0,236,1.2262368204645882,1.317576516505974
densenet121,/features/denseblock3/denselayer21/norm1/BatchNormalization_output_0,242,1.2183285016112078,1.3251174509209471
densenet121,/features/denseblock3/denselayer22/norm1/BatchNormalization_output_0,248,1.2044071280368072,1.2913305372522434
densenet121,/features/denseblock3/denselayer23/norm1/BatchNormalization_output_0,254,1.2302316543826444,1.328810166721457
densenet121,/features/denseblock3/denselayer24/norm1/BatchNormalization_output_0,260,1.2288594620702993,1.3362558034840215
densenet121,/features/transition3/norm/BatchNormalization_output_0,266,1.207825825555269,1.336699739899192
densenet121,/features/denseblock4/denselayer1/norm1/BatchNormalization_output_0,271,1.0625881246987166,1.0729415612072968
densenet121,/features/denseblock4/denselayer2/norm1/BatchNormalization_output_0,277,1.0574032977273693,1.0617770454885564
densenet121,/features/denseblock4/denselayer3/norm1/BatchNormalization_output_0,283,1.0565262306060883,1.0596561520646965
densenet121,/features/denseblock4/denselayer4/norm1/BatchNormalization_output_0,289,1.0504141956844073,1.0491108447729711
densenet121,/features/denseblock4/denselayer5/norm1/BatchNormalization_output_0,295,1.0597283569995897,1.0330519072279796
densenet121,/features/denseblock4/denselayer6/norm1/BatchNormalization_output_0,301,1.047766320647408,1.1041388602877895
densenet121,/features/denseblock4/denselayer7/norm1/BatchNormalization_output_0,307,1.064795238115603,1.0108860822809635
densenet121,/features/denseblock4/denselayer8/norm1/BatchNormalization_output_0,313,1.051260697428845,1.0292833379054576
densenet121,/features/denseblock4/denselayer9/norm1/BatchNormalization_output_0,319,1.0454802454867385,0.9702323397456655
densenet121,/features/denseblock4/denselayer10/norm1/BatchNormalization_output_0,325,1.0515194168242303,0.9563978394846679
densenet121,/features/denseblock4/denselayer11/norm1/BatchNormalization_output_0,331,1.046307006226124,0.9336513022426365
densenet121,/features/denseblock4/denselayer12/norm1/BatchNormalization_output_0,337,1.0476151702198266,0.9330079561753987
densenet121,/features/denseblock4/denselayer13/norm1/BatchNormalization_output_0,343,1.0514466804821563,0.9358859573362589
densenet121,/features/denseblock4/denselayer14/norm1/BatchNormalization_output_0,349,1.0498853570364086,0.914253816557688
densenet121,/features/denseblock4/denselayer15/norm1/BatchNormalization_output_0,355,1.0419737759125849,0.8894024902570689
densenet121,/features/denseblock4/denselayer16/norm1/BatchNormalization_output_0,361,1.0516821935751937,0.9254395747111257
densenet121,/features/norm5/BatchNormalization_output_0,367,1.2733496474816353,2.389751556648228
