model,seed,tensor,order,consumers,scale_full,scale_half,ratio
efficientnet_b0,1,images,0,Conv:/features/features.0/features.0.0/Conv,0.020787402987480164,0.019579002633690834,0.9418686232947365
efficientnet_b0,1,/features/features.0/features.0.2/Mul_output_0,1,Conv:/features/features.1/features.1.0/block/block.0/block.0.0/Conv,0.5593066811561584,0.7738655209541321,1.3836157282342008
efficientnet_b0,1,/features/features.1/features.1.0/block/block.0/block.0.2/Mul_output_0,2,GlobalAveragePool:/features/features.1/features.1.0/block/block.1/avgpool/GlobalAveragePool;Mul:/features/features.1/features.1.0/block/block.1/Mul,0.278301864862442,0.31607571244239807,1.1357297681013627
efficientnet_b0,1,/features/features.1/features.1.0/block/block.1/avgpool/GlobalAveragePool_output_0,3,Conv:/features/features.1/features.1.0/block/block.1/fc1/Conv,0.07716191560029984,0.07872752100229263,1.0202898721449927
efficientnet_b0,1,/features/features.1/features.1.0/block/block.1/activation/Mul_output_0,4,Conv:/features/features.1/features.1.0/block/block.1/fc2/Conv,0.00219085905700922,0.00219085905700922,1.0
efficientnet_b0,1,/features/features.1/features.1.0/block/block.1/scale_activation/Sigmoid_output_0,5,Mul:/features/features.1/features.1.0/block/block.1/Mul,0.007766057271510363,0.007766057271510363,1.0
efficientnet_b0,1,/features/features.1/features.1.0/block/block.1/Mul_output_0,6,Conv:/features/features.1/features.1.0/block/block.2/block.2.0/Conv,0.17940187454223633,0.1857806295156479,1.0355556762697584
efficientnet_b0,1,/features/features.1/features.1.0/block/block.2/block.2.0/Conv_output_0,7,Conv:/features/features.2/features.2.0/block/block.0/block.0.0/Conv,0.4543812572956085,0.44938889145851135,0.9890128262182054
efficientnet_b0,1,/features/features.2/features.2.0/block/block.0/block.0.2/Mul_output_0,8,Conv:/features/features.2/features.2.0/block/block.1/block.1.0/Conv,0.6545585989952087,0.5435576438903809,0.8304186129779338
efficientnet_b0,1,/features/features.2/features.2.0/block/block.1/block.1.2/Mul_output_0,9,GlobalAveragePool:/features/features.2/features.2.0/block/block.2/avgpool/GlobalAveragePool;Mul:/features/features.2/features.2.0/block/block.2/Mul,0.8715621829032898,1.0176643133163452,1.1676324802510014
efficientnet_b0,1,/features/features.2/features.2.0/block/block.2/avgpool/GlobalAveragePool_output_0,10,Conv:/features/features.2/features.2.0/block/block.2/fc1/Conv,0.12920311093330383,0.10094568878412247,0.7812945683345954
efficientnet_b0,1,/features/features.2/features.2.0/block/block.2/activation/Mul_output_0,11,Conv:/features/features.2/features.2.0/block/block.2/fc2/Conv,0.034064434468746185,0.030458571389317513,0.8941458111469011
efficientnet_b0,1,/features/features.2/features.2.0/block/block.2/scale_activation/Sigmoid_output_0,12,Mul:/features/features.2/features.2.0/block/block.2/Mul,0.00772658409550786,0.0077436454594135284,1.0022081379940702
efficientnet_b0,1,/features/features.2/features.2.0/block/block.2/Mul_output_0,13,Conv:/features/features.2/features.2.0/block/block.3/block.3.0/Conv,0.3422897160053253,0.4510478079319,1.317736954518618
efficientnet_b0,1,/features/features.2/features.2.0/block/block.3/block.3.0/Conv_output_0,14,Conv:/features/features.2/features.2.1/block/block.0/block.0.0/Conv;Add:/features/features.2/features.2.1/Add,0.41283753514289856,0.41966354846954346,1.0165343815558878
efficientnet_b0,1,/features/features.2/features.2.1/block/block.0/block.0.2/Mul_output_0,15,Conv:/features/features.2/features.2.1/block/block.1/block.1.0/Conv,0.161795511841774,0.14291904866695404,0.8833313547456128
efficientnet_b0,1,/features/features.2/features.2.1/block/block.1/block.1.2/Mul_output_0,16,GlobalAveragePool:/features/features.2/features.2.1/block/block.2/avgpool/GlobalAveragePool;Mul:/features/features.2/features.2.1/block/block.2/Mul,0.15457357466220856,0.20286007225513458,1.312385203605772
efficientnet_b0,1,/features/features.2/features.2.1/block/block.2/avgpool/GlobalAveragePool_output_0,17,Conv:/features/features.2/features.2.1/block/block.2/fc1/Conv,0.01822485402226448,0.02373667061328888,1.3024340597894974
efficientnet_b0,1,/features/features.2/features.2.1/block/block.2/activation/Mul_output_0,18,Conv:/features/features.2/features.2.1/block/block.2/fc2/Conv,0.019370781257748604,0.023830369114875793,1.230222405476975
efficientnet_b0,1,/features/features.2/features.2.1/block/block.2/scale_activation/Sigmoid_output_0,19,Mul:/features/features.2/features.2.1/block/block.2/Mul,0.007783961016684771,0.007769640069454908,0.9981601979764332
efficientnet_b0,1,/features/features.2/features.2.1/block/block.2/Mul_output_0,20,Conv:/features/features.2/features.2.1/block/block.3/block.3.0/Conv,0.08476026356220245,0.10473410785198212,1.2356510403618741
efficientnet_b0,1,/features/features.2/features.2.1/Add_output_0,21,Conv:/features/features.3/features.3.0/block/block.0/block.0.0/Conv,0.48470282554626465,0.4085727632045746,0.8429345604579657
efficientnet_b0,1,/features/features.3/features.3.0/block/block.0/block.0.2/Mul_output_0,22,Conv:/features/features.3/features.3.0/block/block.1/block.1.0/Conv,0.19166156649589539,0.23310843110084534,1.2162502653125167
efficientnet_b0,1,/features/features.3/features.3.0/block/block.1/block.1.2/Mul_output_0,23,GlobalAveragePool:/features/features.3/features.3.0/block/block.2/avgpool/GlobalAveragePool;Mul:/features/features.3/features.3.0/block/block.2/Mul,0.5364562273025513,0.7834177017211914,1.4603571770625723
efficientnet_b0,1,/features/features.3/features.3.0/block/block.2/avgpool/GlobalAveragePool_output_0,24,Conv:/features/features.3/features.3.0/block/block.2/fc1/Conv,0.07838281989097595,0.08244948834180832,1.0518821401997118
efficientnet_b0,1,/features/features.3/features.3.0/block/block.2/activation/Mul_output_0,25,Conv:/features/features.3/features.3.0/block/block.2/fc2/Conv,0.038334231823682785,0.042159613221883774,1.0997902192430964
efficientnet_b0,1,/features/features.3/features.3.0/block/block.2/scale_activation/Sigmoid_output_0,26,Mul:/features/features.3/features.3.0/block/block.2/Mul,0.007854380644857883,0.007853287272155285,0.9998607945359366
efficientnet_b0,1,/features/features.3/features.3.0/block/block.2/Mul_output_0,27,Conv:/features/features.3/features.3.0/block/block.3/block.3.0/Conv,0.10157960653305054,0.09701327979564667,0.9550468160563494
efficientnet_b0,1,/features/features.3/features.3.0/block/block.3/block.3.0/Conv_output_0,28,Conv:/features/features.3/features.3.1/block/block.0/block.0.0/Conv;Add:/features/features.3/features.3.1/Add,0.2746172249317169,0.2526761591434479,0.9201030969789872
efficientnet_b0,1,/features/features.3/features.3.1/block/block.0/block.0.2/Mul_output_0,29,Conv:/features/features.3/features.3.1/block/block.1/block.1.0/Conv,0.12787781655788422,0.10807593166828156,0.845149960934473
efficientnet_b0,1,/features/features.3/features.3.1/block/block.1/block.1.2/Mul_output_0,30,GlobalAveragePool:/features/features.3/features.3.1/block/block.2/avgpool/GlobalAveragePool;Mul:/features/features.3/features.3.1/block/block.2/Mul,0.22218671441078186,0.2279304414987564,1.0258509024862552
efficientnet_b0,1,/features/features.3/features.3.1/block/block.2/avgpool/GlobalAveragePool_output_0,31,Conv:/features/features.3/features.3.1/block/block.2/fc1/Conv,0.02884003520011902,0.028828462585806847,0.9995987309227652
efficientnet_b0,1,/features/features.3/features.3.1/block/block.2/activation/Mul_output_0,32,Conv:/features/features.3/features.3.1/block/block.2/fc2/Conv,0.03496157377958298,0.02161252312362194,0.6181793548505338
efficientnet_b0,1,/features/features.3/features.3.1/block/block.2/scale_activation/Sigmoid_output_0,33,Mul:/features/features.3/features.3.1/block/block.2/Mul,0.007635635323822498,0.0073530711233615875,0.9629940157593257
efficientnet_b0,1,/features/features.3/features.3.1/block/block.2/Mul_output_0,34,Conv:/features/features.3/features.3.1/block/block.3/block.3.0/Conv,0.039785947650671005,0.0308385007083416,0.7751103726147264
efficientnet_b0,1,/features/features.3/features.3.1/Add_output_0,35,Conv:/features/features.4/features.4.0/block/block.0/block.0.0/Conv,0.34513020515441895,0.2906649112701416,0.8421891417475085
efficientnet_b0,1,/features/features.4/features.4.0/block/block.0/block.0.2/Mul_output_0,36,Conv:/features/features.4/features.4.0/block/block.1/block.1.0/Conv,0.11090831458568573,0.12005457282066345,1.0824668400123554
efficientnet_b0,1,/features/features.4/features.4.0/block/block.1/block.1.2/Mul_output_0,37,GlobalAveragePool:/features/features.4/features.4.0/block/block.2/avgpool/GlobalAveragePool;Mul:/features/features.4/features.4.0/block/block.2/Mul,0.12530973553657532,0.12150264531373978,0.9696185599105
efficientnet_b0,1,/features/features.4/features.4.0/block/block.2/avgpool/GlobalAveragePool_output_0,38,Conv:/features/features.4/features.4.0/block/block.2/fc1/Conv,0.04613220691680908,0.04403039067983627,0.9544392870524697
efficientnet_b0,1,/features/features.4/features.4.0/block/block.2/activation/Mul_output_0,39,Conv:/features/features.4/features.4.0/block/block.2/fc2/Conv,0.0021926069166511297,0.002192555693909526,0.9999766384292529
efficientnet_b0,1,/features/features.4/features.4.0/block/block.2/scale_activation/Sigmoid_output_0,40,Mul:/features/features.4/features.4.0/block/block.2/Mul,0.0076235258020460606,0.0076235258020460606,1.0
efficientnet_b0,1,/features/features.4/features.4.0/block/block.2/Mul_output_0,41,Conv:/features/features.4/features.4.0/block/block.3/block.3.0/Conv,0.04422355443239212,0.04425117000937462,1.000624454034438
efficientnet_b0,1,/features/features.4/features.4.0/block/block.3/block.3.0/Conv_output_0,42,Conv:/features/features.4/features.4.1/block/block.0/block.0.0/Conv;Add:/features/features.4/features.4.1/Add,0.23523159325122833,0.2376248836517334,1.0101741877756574
efficientnet_b0,1,/features/features.4/features.4.1/block/block.0/block.0.2/Mul_output_0,43,Conv:/features/features.4/features.4.1/block/block.1/block.1.0/Conv,0.0816926583647728,0.07853735983371735,0.9613759841555595
efficientnet_b0,1,/features/features.4/features.4.1/block/block.1/block.1.2/Mul_output_0,44,GlobalAveragePool:/features/features.4/features.4.1/block/block.2/avgpool/GlobalAveragePool;Mul:/features/features.4/features.4.1/block/block.2/Mul,0.23328471183776855,0.22525805234909058,0.9655928610775836
efficientnet_b0,1,/features/features.4/features.4.1/block/block.2/avgpool/GlobalAveragePool_output_0,45,Conv:/features/features.4/features.4.1/block/block.2/fc1/Conv,0.04065033048391342,0.046007562428712845,1.1317881522985267
efficientnet_b0,1,/features/features.4/features.4.1/block/block.2/activation/Mul_output_0,46,Conv:/features/features.4/features.4.1/block/block.2/fc2/Conv,0.043064020574092865,0.0382094644010067,0.8872711811770161
efficientnet_b0,1,/features/features.4/features.4.1/block/block.2/scale_activation/Sigmoid_output_0,47,Mul:/features/features.4/features.4.1/block/block.2/Mul,0.007774900179356337,0.007589518092572689,0.9761563386658174
efficientnet_b0,1,/features/features.4/features.4.1/block/block.2/Mul_output_0,48,Conv:/features/features.4/features.4.1/block/block.3/block.3.0/Conv,0.028285687789320946,0.023569483309984207,0.8332653420180468
efficientnet_b0,1,/features/features.4/features.4.1/Add_output_0,49,Conv:/features/features.4/features.4.2/block/block.0/block.0.0/Conv;Add:/features/features.4/features.4.2/Add,0.23084726929664612,0.23396046459674835,1.0134859524636683
efficientnet_b0,1,/features/features.4/features.4.2/block/block.0/block.0.2/Mul_output_0,50,Conv:/features/features.4/features.4.2/block/block.1/block.1.0/Conv,0.07199814915657043,0.08238402009010315,1.1442519155728175
efficientnet_b0,1,/features/features.4/features.4.2/block/block.1/block.1.2/Mul_output_0,51,GlobalAveragePool:/features/features.4/features.4.2/block/block.2/avgpool/GlobalAveragePool;Mul:/features/features.4/features.4.2/block/block.2/Mul,0.19136083126068115,0.21324944496154785,1.114383981072119
efficientnet_b0,1,/features/features.4/features.4.2/block/block.2/avgpool/GlobalAveragePool_output_0,52,Conv:/features/features.4/features.4.2/block/block.2/fc1/Conv,0.03867465630173683,0.027029074728488922,0.6988833854814395
efficientnet_b0,1,/features/features.4/features.4.2/block/block.2/activation/Mul_output_0,53,Conv:/features/features.4/features.4.2/block/block.2/fc2/Conv,0.03831600770354271,0.047926679253578186,1.2508265376809304
efficientnet_b0,1,/features/features.4/features.4.2/block/block.2/scale_activation/Sigmoid_output_0,54,Mul:/features/features.4/features.4.2/block/block.2/Mul,0.0076159886084496975,0.007549813482910395,0.9913110261922026
efficientnet_b0,1,/features/features.4/features.4.2/block/block.2/Mul_output_0,55,Conv:/features/features.4/features.4.2/block/block.3/block.3.0/Conv,0.019385315477848053,0.017334720119833946,0.8942191392057891
efficientnet_b0,1,/features/features.4/features.4.2/Add_output_0,56,Conv:/features/features.5/features.5.0/block/block.0/block.0.0/Conv,0.22438301146030426,0.239345520734787,1.0666828971458464
efficientnet_b0,1,/features/features.5/features.5.0/block/block.0/block.0.2/Mul_output_0,57,Conv:/features/features.5/features.5.0/block/block.1/block.1.0/Conv,0.09554868936538696,0.10739254206418991,1.1239562026174004
efficientnet_b0,1,/features/features.5/features.5.0/block/block.1/block.1.2/Mul_output_0,58,GlobalAveragePool:/features/features.5/features.5.0/block/block.2/avgpool/GlobalAveragePool;Mul:/features/features.5/features.5.0/block/block.2/Mul,0.14117467403411865,0.31856536865234375,2.2565334103435144
efficientnet_b0,1,/features/features.5/features.5.0/block/block.2/avgpool/GlobalAveragePool_output_0,59,Conv:/features/features.5/features.5.0/block/block.2/fc1/Conv,0.025971153751015663,0.01601213403046131,0.6165353370115534
efficientnet_b0,1,/features/features.5/features.5.0/block/block.2/activation/Mul_output_0,60,Conv:/features/features.5/features.5.0/block/block.2/fc2/Conv,0.037481170147657394,0.028951412066817284,0.7724255126711078
efficientnet_b0,1,/features/features.5/features.5.0/block/block.2/scale_activation/Sigmoid_output_0,61,Mul:/features/features.5/features.5.0/block/block.2/Mul,0.007811262737959623,0.007811262737959623,1.0
efficientnet_b0,1,/features/features.5/features.5.0/block/block.2/Mul_output_0,62,Conv:/features/features.5/features.5.0/block/block.3/block.3.0/Conv,0.04033932089805603,0.037242379039525986,0.9232277145578004
efficientnet_b0,1,/features/features.5/features.5.0/block/block.3/block.3.0/Conv_output_0,63,Conv:/features/features.5/features.5.1/block/block.0/block.0.0/Conv;Add:/features/features.5/features.5.1/Add,0.21724121272563934,0.17821703851222992,0.820364774603361
efficientnet_b0,1,/features/features.5/features.5.1/block/block.0/block.0.2/Mul_output_0,64,Conv:/features/features.5/features.5.1/block/block.1/block.1.0/Conv,0.06299865990877151,0.07164756953716278,1.1372872000914904
efficientnet_b0,1,/features/features.5/features.5.1/block/block.1/block.1.2/Mul_output_0,65,GlobalAveragePool:/features/features.5/features.5.1/block/block.2/avgpool/GlobalAveragePool;Mul:/features/features.5/features.5.1/block/block.2/Mul,0.23838457465171814,0.31045910716056824,1.3023456220443441
efficientnet_b0,1,/features/features.5/features.5.1/block/block.2/avgpool/GlobalAveragePool_output_0,66,Conv:/features/features.5/features.5.1/block/block.2/fc1/Conv,0.0430876649916172,0.03952253237366676,0.9172586256729381
efficientnet_b0,1,/features/features.5/features.5.1/block/block.2/activation/Mul_output_0,67,Conv:/features/features.5/features.5.1/block/block.2/fc2/Conv,0.0787726640701294,0.07397083193063736,0.9390418973869276
efficientnet_b0,1,/features/features.5/features.5.1/block/block.2/scale_activation/Sigmoid_output_0,68,Mul:/features/features.5/features.5.1/block/block.2/Mul,0.006988458801060915,0.007230594288557768,1.0346479094160352
efficientnet_b0,1,/features/features.5/features.5.1/block/block.2/Mul_output_0,69,Conv:/features/features.5/features.5.1/block/block.3/block.3.0/Conv,0.050670307129621506,0.07043483853340149,1.3900614092040064
efficientnet_b0,1,/features/features.5/features.5.1/Add_output_0,70,Conv:/features/features.5/features.5.2/block/block.0/block.0.0/Conv;Add:/features/features.5/features.5.2/Add,0.2521688938140869,0.26612332463264465,1.0553376374361452
efficientnet_b0,1,/features/features.5/features.5.2/block/block.0/block.0.2/Mul_output_0,71,Conv:/features/features.5/features.5.2/block/block.1/block.1.0/Conv,0.06159275397658348,0.07507021725177765,1.2188157275824696
efficientnet_b0,1,/features/features.5/features.5.2/block/block.1/block.1.2/Mul_output_0,72,GlobalAveragePool:/features/features.5/features.5.2/block/block.2/avgpool/GlobalAveragePool;Mul:/features/features.5/features.5.2/block/block.2/Mul,0.14430645108222961,0.25824612379074097,1.78956742303631
efficientnet_b0,1,/features/features.5/features.5.2/block/block.2/avgpool/GlobalAveragePool_output_0,73,Conv:/features/features.5/features.5.2/block/block.2/fc1/Conv,0.02545434795320034,0.02646932750940323,1.0398745062363806
efficientnet_b0,1,/features/features.5/features.5.2/block/block.2/activation/Mul_output_0,74,Conv:/features/features.5/features.5.2/block/block.2/fc2/Conv,0.060236621648073196,0.06081142649054527,1.0095424482108297
efficientnet_b0,1,/features/features.5/features.5.2/block/block.2/scale_activation/Sigmoid_output_0,75,Mul:/features/features.5/features.5.2/block/block.2/Mul,0.006017221137881279,0.00649231718853116,1.0789560562530975
efficientnet_b0,1,/features/features.5/features.5.2/block/block.2/Mul_output_0,76,Conv:/features/features.5/features.5.2/block/block.3/block.3.0/Conv,0.03904622048139572,0.03853059187531471,0.9867944041773086
efficientnet_b0,1,/features/features.5/features.5.2/Add_output_0,77,Conv:/features/features.6/features.6.0/block/block.0/block.0.0/Conv,0.2555709481239319,0.2536270320415497,0.9923938299847777
efficientnet_b0,1,/features/features.6/features.6.0/block/block.0/block.0.2/Mul_output_0,78,Conv:/features/features.6/features.6.0/block/block.1/block.1.0/Conv,0.11953438073396683,0.11073967069387436,0.9264252678928769
efficientnet_b0,1,/features/features.6/features.6.0/block/block.1/block.1.2/Mul_output_0,79,GlobalAveragePool:/features/features.6/features.6.0/block/block.2/avgpool/GlobalAveragePool;Mul:/features/features.6/features.6.0/block/block.2/Mul,0.2011573314666748,0.23361380398273468,1.16134869298282
efficientnet_b0,1,/features/features.6/features.6.0/block/block.2/avgpool/GlobalAveragePool_output_0,80,Conv:/features/features.6/features.6.0/block/block.2/fc1/Conv,0.06907201558351517,0.04797840863466263,0.6946142837927148
efficientnet_b0,1,/features/features.6/features.6.0/block/block.2/activation/Mul_output_0,81,Conv:/features/features.6/features.6.0/block/block.2/fc2/Conv,0.01875186525285244,0.01284283958375454,0.6848833121708227
efficientnet_b0,1,/features/features.6/features.6.0/block/block.2/scale_activation/Sigmoid_output_0,82,Mul:/features/features.6/features.6.0/block/block.2/Mul,0.007694651838392019,0.0076889353804290295,0.9992570868594122
efficientnet_b0,1,/features/features.6/features.6.0/block/block.2/Mul_output_0,83,Conv:/features/features.6/features.6.0/block/block.3/block.3.0/Conv,0.08569897711277008,0.15625639259815216,1.8233168920153686
efficientnet_b0,1,/features/features.6/features.6.0/block/block.3/block.3.0/Conv_output_0,84,Conv:/features/features.6/features.6.1/block/block.0/block.0.0/Conv;Add:/features/features.6/features.6.1/Add,0.2128739207983017,0.2199586033821106,1.033281120379803
efficientnet_b0,1,/features/features.6/features.6.1/block/block.0/block.0.2/Mul_output_0,85,Conv:/features/features.6/features.6.1/block/block.1/block.1.0/Conv,0.0925426036119461,0.08257691562175751,0.8923124312346217
efficientnet_b0,1,/features/features.6/features.6.1/block/block.1/block.1.2/Mul_output_0,86,GlobalAveragePool:/features/features.6/features.6.1/block/block.2/avgpool/GlobalAveragePool;Mul:/features/features.6/features.6.1/block/block.2/Mul,0.17285528779029846,0.2711644768714905,1.5687369494907035
efficientnet_b0,1,/features/features.6/features.6.1/block/block.2/avgpool/GlobalAveragePool_output_0,87,Conv:/features/features.6/features.6.1/block/block.2/fc1/Conv,0.03480781987309456,0.052616629749536514,1.511632441829764
efficientnet_b0,1,/features/features.6/features.6.1/block/block.2/activation/Mul_output_0,88,Conv:/features/features.6/features.6.1/block/block.2/fc2/Conv,0.09838756173849106,0.13474661111831665,1.3695492472561321
efficientnet_b0,1,/features/features.6/features.6.1/block/block.2/scale_activation/Sigmoid_output_0,89,Mul:/features/features.6/features.6.1/block/block.2/Mul,0.007872037589550018,0.007860795594751835,0.9985719078865798
efficientnet_b0,1,/features/features.6/features.6.1/block/block.2/Mul_output_0,90,Conv:/features/features.6/features.6.1/block/block.3/block.3.0/Conv,0.0825411006808281,0.1343984454870224,1.6282608831049823
efficientnet_b0,1,/features/features.6/features.6.1/Add_output_0,91,Conv:/features/features.6/features.6.2/block/block.0/block.0.0/Conv;Add:/features/features.6/features.6.2/Add,0.4596060812473297,0.24113795161247253,0.5246622302256004
efficientnet_b0,1,/features/features.6/features.6.2/block/block.0/block.0.2/Mul_output_0,92,Conv:/features/features.6/features.6.2/block/block.1/block.1.0/Conv,0.09685288369655609,0.09051048010587692,0.9345150774183434
efficientnet_b0,1,/features/features.6/features.6.2/block/block.1/block.1.2/Mul_output_0,93,GlobalAveragePool:/features/features.6/features.6.2/block/block.2/avgpool/GlobalAveragePool;Mul:/features/features.6/features.6.2/block/block.2/Mul,0.34754353761672974,0.15263600647449493,0.43918528170942883
efficientnet_b0,1,/features/features.6/features.6.2/block/block.2/avgpool/GlobalAveragePool_output_0,94,Conv:/features/features.6/features.6.2/block/block.2/fc1/Conv,0.04154107719659805,0.039270222187042236,0.9453347105370251
efficientnet_b0,1,/features/features.6/features.6.2/block/block.2/activation/Mul_output_0,95,Conv:/features/features.6/features.6.2/block/block.2/fc2/Conv,0.11566769331693649,0.10235944390296936,0.8849441098691082
efficientnet_b0,1,/features/features.6/features.6.2/block/block.2/scale_activation/Sigmoid_output_0,96,Mul:/features/features.6/features.6.2/block/block.2/Mul,0.007567648775875568,0.007044418714940548,0.9308596267571253
efficientnet_b0,1,/features/features.6/features.6.2/block/block.2/Mul_output_0,97,Conv:/features/features.6/features.6.2/block/block.3/block.3.0/Conv,0.13567695021629333,0.08958227932453156,0.6602615933046945
efficientnet_b0,1,/features/features.6/features.6.2/Add_output_0,98,Conv:/features/features.6/features.6.3/block/block.0/block.0.0/Conv;Add:/features/features.6/features.6.3/Add,0.278955340385437,0.3338543176651001,1.1968020300446958
efficientnet_b0,1,/features/features.6/features.6.3/block/block.0/block.0.2/Mul_output_0,99,Conv:/features/features.6/features.6.3/block/block.1/block.1.0/Conv,0.10974416881799698,0.0900474488735199,0.8205214896005754
efficientnet_b0,1,/features/features.6/features.6.3/block/block.1/block.1.2/Mul_output_0,100,GlobalAveragePool:/features/features.6/features.6.3/block/block.2/avgpool/GlobalAveragePool;Mul:/features/features.6/features.6.3/block/block.2/Mul,0.32104918360710144,0.1703459918498993,0.5305915745868022
efficientnet_b0,1,/features/features.6/features.6.3/block/block.2/avgpool/GlobalAveragePool_output_0,101,Conv:/features/features.6/features.6.3/block/block.2/fc1/Conv,0.06168868765234947,0.05951465293765068,0.9647579678311411
efficientnet_b0,1,/features/features.6/features.6.3/block/block.2/activation/Mul_output_0,102,Conv:/features/features.6/features.6.3/block/block.2/fc2/Conv,0.07527033239603043,0.12545081973075867,1.6666701971064317
efficientnet_b0,1,/features/features.6/features.6.3/block/block.2/scale_activation/Sigmoid_output_0,103,Mul:/features/features.6/features.6.3/block/block.2/Mul,0.007601757533848286,0.007399086840450764,0.9733389689824896
efficientnet_b0,1,/features/features.6/features.6.3/block/block.2/Mul_output_0,104,Conv:/features/features.6/features.6.3/block/block.3/block.3.0/Conv,0.07885964214801788,0.05442849174141884,0.6901945058190565
efficientnet_b0,1,/features/features.6/features.6.3/Add_output_0,105,Conv:/features/features.7/features.7.0/block/block.0/block.0.0/Conv,0.34225523471832275,0.33125120401382446,0.9678484663249792
efficientnet_b0,1,/features/features.7/features.7.0/block/block.0/block.0.2/Mul_output_0,106,Conv:/features/features.7/features.7.0/block/block.1/block.1.0/Conv,0.1085054874420166,0.10685327649116516,0.9847730194131025
efficientnet_b0,1,/features/features.7/features.7.0/block/block.1/block.1.2/Mul_output_0,107,GlobalAveragePool:/features/features.7/features.7.0/block/block.2/avgpool/GlobalAveragePool;Mul:/features/features.7/features.7.0/block/block.2/Mul,0.24307546019554138,0.10511287301778793,0.43242897877568626
efficientnet_b0,1,/features/features.7/features.7.0/block/block.2/avgpool/GlobalAveragePool_output_0,108,Conv:/features/features.7/features.7.0/block/block.2/fc1/Conv,0.027418436482548714,0.024289056658744812,0.8858658543204793
efficientnet_b0,1,/features/features.7/features.7.0/block/block.2/activation/Mul_output_0,109,Conv:/features/features.7/features.7.0/block/block.2/fc2/Conv,0.12256937474012375,0.09328369796276093,0.7610685635016461
efficientnet_b0,1,/features/features.7/features.7.0/block/block.2/scale_activation/Sigmoid_output_0,110,Mul:/features/features.7/features.7.0/block/block.2/Mul,0.007874015718698502,0.007874015718698502,1.0
efficientnet_b0,1,/features/features.7/features.7.0/block/block.2/Mul_output_0,111,Conv:/features/features.7/features.7.0/block/block.3/block.3.0/Conv,0.24086791276931763,0.06980448216199875,0.28980398991065043
efficientnet_b0,1,/features/features.7/features.7.0/block/block.3/block.3.0/Conv_output_0,112,Conv:/features/features.8/features.8.0/Conv,0.2094051092863083,0.21629907190799713,1.0329216543244086
efficientnet_b0,1,/features/features.8/features.8.2/Mul_output_0,113,GlobalAveragePool:/avgpool/GlobalAveragePool,0.18198250234127045,0.11164567619562149,0.6134967634759367
efficientnet_b0,2,images,0,Conv:/features/features.0/features.0.0/Conv,0.020787402987480164,0.019579002633690834,0.9418686232947365
efficientnet_b0,2,/features/features.0/features.0.2/Mul_output_0,1,Conv:/features/features.1/features.1.0/block/block.0/block.0.0/Conv,0.5593066811561584,0.7738655805587769,1.3836158348030059
efficientnet_b0,2,/features/features.1/features.1.0/block/block.0/block.0.2/Mul_output_0,2,GlobalAveragePool:/features/features.1/features.1.0/block/block.1/avgpool/GlobalAveragePool;Mul:/features/features.1/features.1.0/block/block.1/Mul,0.278301864862442,0.31607577204704285,1.1357299822740015
efficientnet_b0,2,/features/features.1/features.1.0/block/block.1/avgpool/GlobalAveragePool_output_0,3,Conv:/features/features.1/features.1.0/block/block.1/fc1/Conv,0.07716191560029984,0.07872752845287323,1.020289968702738
efficientnet_b0,2,/features/features.1/features.1.0/block/block.1/activation/Mul_output_0,4,Conv:/features/features.1/features.1.0/block/block.1/fc2/Conv,0.00219085905700922,0.0021903375163674355,0.9997619469677357
efficientnet_b0,2,/features/features.1/features.1.0/block/block.1/scale_activation/Sigmoid_output_0,5,Mul:/features/features.1/features.1.0/block/block.1/Mul,0.007766057271510363,0.007766057271510363,1.0
efficientnet_b0,2,/features/features.1/features.1.0/block/block.1/Mul_output_0,6,Conv:/features/features.1/features.1.0/block/block.2/block.2.0/Conv,0.17940187454223633,0.1857806146144867,1.035555593209527
efficientnet_b0,2,/features/features.1/features.1.0/block/block.2/block.2.0/Conv_output_0,7,Conv:/features/features.2/features.2.0/block/block.0/block.0.0/Conv,0.4543812572956085,0.44938889145851135,0.9890128262182054
efficientnet_b0,2,/features/features.2/features.2.0/block/block.0/block.0.2/Mul_output_0,8,Conv:/features/features.2/features.2.0/block/block.1/block.1.0/Conv,0.6545585989952087,0.5435575842857361,0.8304185219171107
efficientnet_b0,2,/features/features.2/features.2.0/block/block.1/block.1.2/Mul_output_0,9,GlobalAveragePool:/features/features.2/features.2.0/block/block.2/avgpool/GlobalAveragePool;Mul:/features/features.2/features.2.0/block/block.2/Mul,0.8715621829032898,1.0176643133163452,1.1676324802510014
efficientnet_b0,2,/features/features.2/features.2.0/block/block.2/avgpool/GlobalAveragePool_output_0,10,Conv:/features/features.2/features.2.0/block/block.2/fc1/Conv,0.12920311093330383,0.11647577583789825,0.9014935863117446
efficientnet_b0,2,/features/features.2/features.2.0/block/block.2/activation/Mul_output_0,11,Conv:/features/features.2/features.2.0/block/block.2/fc2/Conv,0.034064434468746185,0.030458565801382065,0.8941456471067362
efficientnet_b0,2,/features/features.2/features.2.0/block/block.2/scale_activation/Sigmoid_output_0,12,Mul:/features/features.2/features.2.0/block/block.2/Mul,0.00772658409550786,0.0077436454594135284,1.0022081379940702
efficientnet_b0,2,/features/features.2/features.2.0/block/block.2/Mul_output_0,13,Conv:/features/features.2/features.2.0/block/block.3/block.3.0/Conv,0.3422897160053253,0.45104774832725525,1.3177367803835447
efficientnet_b0,2,/features/features.2/features.2.0/block/block.3/block.3.0/Conv_output_0,14,Conv:/features/features.2/features.2.1/block/block.0/block.0.0/Conv;Add:/features/features.2/features.2.1/Add,0.41283753514289856,0.41966354846954346,1.0165343815558878
efficientnet_b0,2,/features/features.2/features.2.1/block/block.0/block.0.2/Mul_output_0,15,Conv:/features/features.2/features.2.1/block/block.1/block.1.0/Conv,0.161795511841774,0.14291904866695404,0.8833313547456128
efficientnet_b0,2,/features/features.2/features.2.1/block/block.1/block.1.2/Mul_output_0,16,GlobalAveragePool:/features/features.2/features.2.1/block/block.2/avgpool/GlobalAveragePool;Mul:/features/features.2/features.2.1/block/block.2/Mul,0.15457357466220856,0.2028600424528122,1.3123850108022967
efficientnet_b0,2,/features/features.2/features.2.1/block/block.2/avgpool/GlobalAveragePool_output_0,17,Conv:/features/features.2/features.2.1/block/block.2/fc1/Conv,0.01822485402226448,0.02373666875064373,1.3024339575859272
efficientnet_b0,2,/features/features.2/features.2.1/block/block.2/activation/Mul_output_0,18,Conv:/features/features.2/features.2.1/block/block.2/fc2/Conv,0.019370781257748604,0.023830372840166092,1.2302225977918977
efficientnet_b0,2,/features/features.2/features.2.1/block/block.2/scale_activation/Sigmoid_output_0,19,Mul:/features/features.2/features.2.1/block/block.2/Mul,0.007783961016684771,0.007769640069454908,0.9981601979764332
efficientnet_b0,2,/features/features.2/features.2.1/block/block.2/Mul_output_0,20,Conv:/features/features.2/features.2.1/block/block.3/block.3.0/Conv,0.08476026356220245,0.1047341525554657,1.235651567772735
efficientnet_b0,2,/features/features.2/features.2.1/Add_output_0,21,Conv:/features/features.3/features.3.0/block/block.0/block.0.0/Conv,0.48470282554626465,0.40857264399528503,0.8429343145149192
efficientnet_b0,2,/features/features.3/features.3.0/block/block.0/block.0.2/Mul_output_0,22,Conv:/features/features.3/features.3.0/block/block.1/block.1.0/Conv,0.19166156649589539,0.23310840129852295,1.2162501098180014
efficientnet_b0,2,/features/features.3/features.3.0/block/block.1/block.1.2/Mul_output_0,23,GlobalAveragePool:/features/features.3/features.3.0/block/block.2/avgpool/GlobalAveragePool;Mul:/features/features.3/features.3.0/block/block.2/Mul,0.5364562273025513,0.7834177017211914,1.4603571770625723
efficientnet_b0,2,/features/features.3/features.3.0/block/block.2/avgpool/GlobalAveragePool_output_0,24,Conv:/features/features.3/features.3.0/block/block.2/fc1/Conv,0.07838281989097595,0.08884090930223465,1.1334232351656273
efficientnet_b0,2,/features/features.3/features.3.0/block/block.2/activation/Mul_output_0,25,Conv:/features/features.3/features.3.0/block/block.2/fc2/Conv,0.038334231823682785,0.042159613221883774,1.0997902192430964
efficientnet_b0,2,/features/features.3/features.3.0/block/block.2/scale_activation/Sigmoid_output_0,26,Mul:/features/features.3/features.3.0/block/block.2/Mul,0.007854380644857883,0.007854380644857883,1.0
efficientnet_b0,2,/features/features.3/features.3.0/block/block.2/Mul_output_0,27,Conv:/features/features.3/features.3.0/block/block.3/block.3.0/Conv,0.10157960653305054,0.09701327979564667,0.9550468160563494
efficientnet_b0,2,/features/features.3/features.3.0/block/block.3/block.3.0/Conv_output_0,28,Conv:/features/features.3/features.3.1/block/block.0/block.0.0/Conv;Add:/features/features.3/features.3.1/Add,0.2746172249317169,0.2526761293411255,0.9201029884558515
efficientnet_b0,2,/features/features.3/features.3.1/block/block.0/block.0.2/Mul_output_0,29,Conv:/features/features.3/features.3.1/block/block.1/block.1.0/Conv,0.12787781655788422,0.10807594656944275,0.8451500774610262
efficientnet_b0,2,/features/features.3/features.3.1/block/block.1/block.1.2/Mul_output_0,30,GlobalAveragePool:/features/features.3/features.3.1/block/block.2/avgpool/GlobalAveragePool;Mul:/features/features.3/features.3.1/block/block.2/Mul,0.22218671441078186,0.22793038189411163,1.0258506342224891
efficientnet_b0,2,/features/features.3/features.3.1/block/block.2/avgpool/GlobalAveragePool_output_0,31,Conv:/features/features.3/features.3.1/block/block.2/fc1/Conv,0.02884003520011902,0.028828462585806847,0.9995987309227652
efficientnet_b0,2,/features/features.3/features.3.1/block/block.2/activation/Mul_output_0,32,Conv:/features/features.3/features.3.1/block/block.2/fc2/Conv,0.03496157377958298,0.02161252312362194,0.6181793548505338
efficientnet_b0,2,/features/features.3/features.3.1/block/block.2/scale_activation/Sigmoid_output_0,33,Mul:/features/features.3/features.3.1/block/block.2/Mul,0.007635635323822498,0.0073530711233615875,0.9629940157593257
efficientnet_b0,2,/features/features.3/features.3.1/block/block.2/Mul_output_0,34,Conv:/features/features.3/features.3.1/block/block.3/block.3.0/Conv,0.039785947650671005,0.0308385007083416,0.7751103726147264
efficientnet_b0,2,/features/features.3/features.3.1/Add_output_0,35,Conv:/features/features.4/features.4.0/block/block.0/block.0.0/Conv,0.34513020515441895,0.2906648814678192,0.8421890553965546
efficientnet_b0,2,/features/features.4/features.4.0/block/block.0/block.0.2/Mul_output_0,36,Conv:/features/features.4/features.4.0/block/block.1/block.1.0/Conv,0.11090831458568573,0.12005455791950226,1.0824667056566828
efficientnet_b0,2,/features/features.4/features.4.0/block/block.1/block.1.2/Mul_output_0,37,GlobalAveragePool:/features/features.4/features.4.0/block/block.2/avgpool/GlobalAveragePool;Mul:/features/features.4/features.4.0/block/block.2/Mul,0.12530973553657532,0.12150267511606216,0.9696187977397658
efficientnet_b0,2,/features/features.4/features.4.0/block/block.2/avgpool/GlobalAveragePool_output_0,38,Conv:/features/features.4/features.4.0/block/block.2/fc1/Conv,0.04613220691680908,0.04403039813041687,0.9544394485574377
efficientnet_b0,2,/features/features.4/features.4.0/block/block.2/activation/Mul_output_0,39,Conv:/features/features.4/features.4.0/block/block.2/fc2/Conv,0.0021926069166511297,0.002192555693909526,0.9999766384292529
efficientnet_b0,2,/features/features.4/features.4.0/block/block.2/scale_activation/Sigmoid_output_0,40,Mul:/features/features.4/features.4.0/block/block.2/Mul,0.0076235258020460606,0.007623326499015093,0.9999738568431271
efficientnet_b0,2,/features/features.4/features.4.0/block/block.2/Mul_output_0,41,Conv:/features/features.4/features.4.0/block/block.3/block.3.0/Conv,0.04422355443239212,0.04425116255879402,1.0006242855590477
efficientnet_b0,2,/features/features.4/features.4.0/block/block.3/block.3.0/Conv_output_0,42,Conv:/features/features.4/features.4.1/block/block.0/block.0.0/Conv;Add:/features/features.4/features.4.1/Add,0.23523159325122833,0.237624853849411,1.0101740610821213
efficientnet_b0,2,/features/features.4/features.4.1/block/block.0/block.0.2/Mul_output_0,43,Conv:/features/features.4/features.4.1/block/block.1/block.1.0/Conv,0.0816926583647728,0.07853737473487854,0.9613761665607045
efficientnet_b0,2,/features/features.4/features.4.1/block/block.1/block.1.2/Mul_output_0,44,GlobalAveragePool:/features/features.4/features.4.1/block/block.2/avgpool/GlobalAveragePool;Mul:/features/features.4/features.4.1/block/block.2/Mul,0.23328471183776855,0.22525805234909058,0.9655928610775836
efficientnet_b0,2,/features/features.4/features.4.1/block/block.2/avgpool/GlobalAveragePool_output_0,45,Conv:/features/features.4/features.4.1/block/block.2/fc1/Conv,0.04065033048391342,0.04957403987646103,1.2195236615869334
efficientnet_b0,2,/features/features.4/features.4.1/block/block.2/activation/Mul_output_0,46,Conv:/features/features.4/features.4.1/block/block.2/fc2/Conv,0.043064020574092865,0.0382094569504261,0.8872710081652885
efficientnet_b0,2,/features/features.4/features.4.1/block/block.2/scale_activation/Sigmoid_output_0,47,Mul:/features/features.4/features.4.1/block/block.2/Mul,0.007774900179356337,0.007589518092572689,0.9761563386658174
efficientnet_b0,2,/features/features.4/features.4.1/block/block.2/Mul_output_0,48,Conv:/features/features.4/features.4.1/block/block.3/block.3.0/Conv,0.028285687789320946,0.023569483309984207,0.8332653420180468
efficientnet_b0,2,/features/features.4/features.4.1/Add_output_0,49,Conv:/features/features.4/features.4.2/block/block.0/block.0.0/Conv;Add:/features/features.4/features.4.2/Add,0.23084726929664612,0.23396046459674835,1.0134859524636683
efficientnet_b0,2,/features/features.4/features.4.2/block/block.0/block.0.2/Mul_output_0,50,Conv:/features/features.4/features.4.2/block/block.1/block.1.0/Conv,0.07199814915657043,0.08238402009010315,1.1442519155728175
efficientnet_b0,2,/features/features.4/features.4.2/block/block.1/block.1.2/Mul_output_0,51,GlobalAveragePool:/features/features.4/features.4.2/block/block.2/avgpool/GlobalAveragePool;Mul:/features/features.4/features.4.2/block/block.2/Mul,0.19136083126068115,0.21324950456619263,1.114384292549888
efficientnet_b0,2,/features/features.4/features.4.2/block/block.2/avgpool/GlobalAveragePool_output_0,52,Conv:/features/features.4/features.4.2/block/block.2/fc1/Conv,0.03867465630173683,0.027029074728488922,0.6988833854814395
efficientnet_b0,2,/features/features.4/features.4.2/block/block.2/activation/Mul_output_0,53,Conv:/features/features.4/features.4.2/block/block.2/fc2/Conv,0.03831600770354271,0.04792669042944908,1.2508268293572185
efficientnet_b0,2,/features/features.4/features.4.2/block/block.2/scale_activation/Sigmoid_output_0,54,Mul:/features/features.4/features.4.2/block/block.2/Mul,0.0076159886084496975,0.007549813482910395,0.9913110261922026
efficientnet_b0,2,/features/features.4/features.4.2/block/block.2/Mul_output_0,55,Conv:/features/features.4/features.4.2/block/block.3/block.3.0/Conv,0.019385315477848053,0.017334720119833946,0.8942191392057891
efficientnet_b0,2,/features/features.4/features.4.2/Add_output_0,56,Conv:/features/features.5/features.5.0/block/block.0/block.0.0/Conv,0.22438301146030426,0.23934558033943176,1.0666831627838034
efficientnet_b0,2,/features/features.5/features.5.0/block/block.0/block.0.2/Mul_output_0,57,Conv:/features/features.5/features.5.0/block/block.1/block.1.0/Conv,0.09554868936538696,0.1073925569653511,1.123956358570991
efficientnet_b0,2,/features/features.5/features.5.0/block/block.1/block.1.2/Mul_output_0,58,GlobalAveragePool:/features/features.5/features.5.0/block/block.2/avgpool/GlobalAveragePool;Mul:/features/features.5/features.5.0/block/block.2/Mul,0.14117467403411865,0.31856536865234375,2.2565334103435144
efficientnet_b0,2,/features/features.5/features.5.0/block/block.2/avgpool/GlobalAveragePool_output_0,59,Conv:/features/features.5/features.5.0/block/block.2/fc1/Conv,0.025971153751015663,0.03202427178621292,1.233070817462645
efficientnet_b0,2,/features/features.5/features.5.0/block/block.2/activation/Mul_output_0,60,Conv:/features/features.5/features.5.0/block/block.2/fc2/Conv,0.037481170147657394,0.028951408341526985,0.772425413280126
efficientnet_b0,2,/features/features.5/features.5.0/block/block.2/scale_activation/Sigmoid_output_0,61,Mul:/features/features.5/features.5.0/block/block.2/Mul,0.007811262737959623,0.007810437120497227,0.9998943042258219
efficientnet_b0,2,/features/features.5/features.5.0/block/block.2/Mul_output_0,62,Conv:/features/features.5/features.5.0/block/block.3/block.3.0/Conv,0.04033932089805603,0.03724237158894539,0.9232275298600804
efficientnet_b0,2,/features/features.5/features.5.0/block/block.3/block.3.0/Conv_output_0,63,Conv:/features/features.5/features.5.1/block/block.0/block.0.0/Conv;Add:/features/features.5/features.5.1/Add,0.21724121272563934,0.35643407702445984,1.640729549206722
efficientnet_b0,2,/features/features.5/features.5.1/block/block.0/block.0.2/Mul_output_0,64,Conv:/features/features.5/features.5.1/block/block.1/block.1.0/Conv,0.06299865990877151,0.07164758443832397,1.1372874366228898
efficientnet_b0,2,/features/features.5/features.5.1/block/block.1/block.1.2/Mul_output_0,65,GlobalAveragePool:/features/features.5/features.5.1/block/block.2/avgpool/GlobalAveragePool;Mul:/features/features.5/features.5.1/block/block.2/Mul,0.23838457465171814,0.31045904755592346,1.3023453720086828
efficientnet_b0,2,/features/features.5/features.5.1/block/block.2/avgpool/GlobalAveragePool_output_0,66,Conv:/features/features.5/features.5.1/block/block.2/fc1/Conv,0.0430876649916172,0.03952253237366676,0.9172586256729381
efficientnet_b0,2,/features/features.5/features.5.1/block/block.2/activation/Mul_output_0,67,Conv:/features/features.5/features.5.1/block/block.2/fc2/Conv,0.0787726640701294,0.07397083938121796,0.939041991970254
efficientnet_b0,2,/features/features.5/features.5.1/block/block.2/scale_activation/Sigmoid_output_0,68,Mul:/features/features.5/features.5.1/block/block.2/Mul,0.006988458801060915,0.007230594288557768,1.0346479094160352
efficientnet_b0,2,/features/features.5/features.5.1/block/block.2/Mul_output_0,69,Conv:/features/features.5/features.5.1/block/block.3/block.3.0/Conv,0.050670307129621506,0.07043488323688507,1.3900622914462133
efficientnet_b0,2,/features/features.5/features.5.1/Add_output_0,70,Conv:/features/features.5/features.5.2/block/block.0/block.0.0/Conv;Add:/features/features.5/features.5.2/Add,0.2521688938140869,0.26612332463264465,1.0553376374361452
efficientnet_b0,2,/features/features.5/features.5.2/block/block.0/block.0.2/Mul_output_0,71,Conv:/features/features.5/features.5.2/block/block.1/block.1.0/Conv,0.06159275397658348,0.07507020235061646,1.218815485652044
efficientnet_b0,2,/features/features.5/features.5.2/block/block.1/block.1.2/Mul_output_0,72,GlobalAveragePool:/features/features.5/features.5.2/block/block.2/avgpool/GlobalAveragePool;Mul:/features/features.5/features.5.2/block/block.2/Mul,0.14430645108222961,0.25824612379074097,1.78956742303631
efficientnet_b0,2,/features/features.5/features.5.2/block/block.2/avgpool/GlobalAveragePool_output_0,73,Conv:/features/features.5/features.5.2/block/block.2/fc1/Conv,0.02545434795320034,0.026469320058822632,1.039874213532729
efficientnet_b0,2,/features/features.5/features.5.2/block/block.2/activation/Mul_output_0,74,Conv:/features/features.5/features.5.2/block/block.2/fc2/Conv,0.060236621648073196,0.06268253177404404,1.0406050349281013
efficientnet_b0,2,/features/features.5/features.5.2/block/block.2/scale_activation/Sigmoid_output_0,75,Mul:/features/features.5/features.5.2/block/block.2/Mul,0.006017221137881279,0.00649231718853116,1.0789560562530975
efficientnet_b0,2,/features/features.5/features.5.2/block/block.2/Mul_output_0,76,Conv:/features/features.5/features.5.2/block/block.3/block.3.0/Conv,0.03904622048139572,0.03853057324886322,0.9867939271413428
efficientnet_b0,2,/features/features.5/features.5.2/Add_output_0,77,Conv:/features/features.6/features.6.0/block/block.0/block.0.0/Conv,0.2555709481239319,0.2536270320415497,0.9923938299847777
efficientnet_b0,2,/features/features.6/features.6.0/block/block.0/block.0.2/Mul_output_0,78,Conv:/features/features.6/features.6.0/block/block.1/block.1.0/Conv,0.11953438073396683,0.11073967069387436,0.9264252678928769
efficientnet_b0,2,/features/features.6/features.6.0/block/block.1/block.1.2/Mul_output_0,79,GlobalAveragePool:/features/features.6/features.6.0/block/block.2/avgpool/GlobalAveragePool;Mul:/features/features.6/features.6.0/block/block.2/Mul,0.2011573314666748,0.23361380398273468,1.16134869298282
efficientnet_b0,2,/features/features.6/features.6.0/block/block.2/avgpool/GlobalAveragePool_output_0,80,Conv:/features/features.6/features.6.0/block/block.2/fc1/Conv,0.06907201558351517,0.04797840863466263,0.6946142837927148
efficientnet_b0,2,/features/features.6/features.6.0/block/block.2/activation/Mul_output_0,81,Conv:/features/features.6/features.6.0/block/block.2/fc2/Conv,0.01875186525285244,0.015411406755447388,0.8218599348725099
efficientnet_b0,2,/features/features.6/features.6.0/block/block.2/scale_activation/Sigmoid_output_0,82,Mul:/features/features.6/features.6.0/block/block.2/Mul,0.007694651838392019,0.0076889353804290295,0.9992570868594122
efficientnet_b0,2,/features/features.6/features.6.0/block/block.2/Mul_output_0,83,Conv:/features/features.6/features.6.0/block/block.3/block.3.0/Conv,0.08569897711277008,0.15625640749931335,1.823317065893304
efficientnet_b0,2,/features/features.6/features.6.0/block/block.3/block.3.0/Conv_output_0,84,Conv:/features/features.6/features.6.1/block/block.0/block.0.0/Conv;Add:/features/features.6/features.6.1/Add,0.2128739207983017,0.2199586033821106,1.033281120379803
efficientnet_b0,2,/features/features.6/features.6.1/block/block.0/block.0.2/Mul_output_0,85,Conv:/features/features.6/features.6.1/block/block.1/block.1.0/Conv,0.0925426036119461,0.08257691562175751,0.8923124312346217
efficientnet_b0,2,/features/features.6/features.6.1/block/block.1/block.1.2/Mul_output_0,86,GlobalAveragePool:/features/features.6/features.6.1/block/block.2/avgpool/GlobalAveragePool;Mul:/features/features.6/features.6.1/block/block.2/Mul,0.17285528779029846,0.2711644172668457,1.568736604666744
efficientnet_b0,2,/features/features.6/features.6.1/block/block.2/avgpool/GlobalAveragePool_output_0,87,Conv:/features/features.6/features.6.1/block/block.2/fc1/Conv,0.03480781987309456,0.052616629749536514,1.511632441829764
efficientnet_b0,2,/features/features.6/features.6.1/block/block.2/activation/Mul_output_0,88,Conv:/features/features.6/features.6.1/block/block.2/fc2/Conv,0.09838756173849106,0.13474658131599426,1.369548944348713
efficientnet_b0,2,/features/features.6/features.6.1/block/block.2/scale_activation/Sigmoid_output_0,89,Mul:/features/features.6/features.6.1/block/block.2/Mul,0.007872037589550018,0.007860795594751835,0.9985719078865798
efficientnet_b0,2,/features/features.6/features.6.1/block/block.2/Mul_output_0,90,Conv:/features/features.6/features.6.1/block/block.3/block.3.0/Conv,0.0825411006808281,0.1343984454870224,1.6282608831049823
efficientnet_b0,2,/features/features.6/features.6.1/Add_output_0,91,Conv:/features/features.6/features.6.2/block/block.0/block.0.0/Conv;Add:/features/features.6/features.6.2/Add,0.4596060812473297,0.24113795161247253,0.5246622302256004
efficientnet_b0,2,/features/features.6/features.6.2/block/block.0/block.0.2/Mul_output_0,92,Conv:/features/features.6/features.6.2/block/block.1/block.1.0/Conv,0.09685288369655609,0.09051048010587692,0.9345150774183434
efficientnet_b0,2,/features/features.6/features.6.2/block/block.1/block.1.2/Mul_output_0,93,GlobalAveragePool:/features/features.6/features.6.2/block/block.2/avgpool/GlobalAveragePool;Mul:/features/features.6/features.6.2/block/block.2/Mul,0.34754353761672974,0.15263600647449493,0.43918528170942883
efficientnet_b0,2,/features/features.6/features.6.2/block/block.2/avgpool/GlobalAveragePool_output_0,94,Conv:/features/features.6/features.6.2/block/block.2/fc1/Conv,0.04154107719659805,0.039270222187042236,0.9453347105370251
efficientnet_b0,2,/features/features.6/features.6.2/block/block.2/activation/Mul_output_0,95,Conv:/features/features.6/features.6.2/block/block.2/fc2/Conv,0.11566769331693649,0.10393421351909637,0.898558711932729
efficientnet_b0,2,/features/features.6/features.6.2/block/block.2/scale_activation/Sigmoid_output_0,96,Mul:/features/features.6/features.6.2/block/block.2/Mul,0.007567648775875568,0.007044418714940548,0.9308596267571253
efficientnet_b0,2,/features/features.6/features.6.2/block/block.2/Mul_output_0,97,Conv:/features/features.6/features.6.2/block/block.3/block.3.0/Conv,0.13567695021629333,0.08958224952220917,0.6602613736482065
efficientnet_b0,2,/features/features.6/features.6.2/Add_output_0,98,Conv:/features/features.6/features.6.3/block/block.0/block.0.0/Conv;Add:/features/features.6/features.6.3/Add,0.278955340385437,0.3338543772697449,1.1968022437156176
efficientnet_b0,2,/features/features.6/features.6.3/block/block.0/block.0.2/Mul_output_0,99,Conv:/features/features.6/features.6.3/block/block.1/block.1.0/Conv,0.10974416881799698,0.09004741907119751,0.8205212180387903
efficientnet_b0,2,/features/features.6/features.6.3/block/block.1/block.1.2/Mul_output_0,100,GlobalAveragePool:/features/features.6/features.6.3/block/block.2/avgpool/GlobalAveragePool;Mul:/features/features.6/features.6.3/block/block.2/Mul,0.32104918360710144,0.1703459918498993,0.5305915745868022
efficientnet_b0,2,/features/features.6/features.6.3/block/block.2/avgpool/GlobalAveragePool_output_0,101,Conv:/features/features.6/features.6.3/block/block.2/fc1/Conv,0.06168868765234947,0.059514667838811874,0.9647582093853345
efficientnet_b0,2,/features/features.6/features.6.3/block/block.2/activation/Mul_output_0,102,Conv:/features/features.6/features.6.3/block/block.2/fc2/Conv,0.07527033239603043,0.12545081973075867,1.6666701971064317
efficientnet_b0,2,/features/features.6/features.6.3/block/block.2/scale_activation/Sigmoid_output_0,103,Mul:/features/features.6/features.6.3/block/block.2/Mul,0.007601757533848286,0.007399086840450764,0.9733389689824896
efficientnet_b0,2,/features/features.6/features.6.3/block/block.2/Mul_output_0,104,Conv:/features/features.6/features.6.3/block/block.3/block.3.0/Conv,0.07885964214801788,0.05442846193909645,0.6901941279030328
efficientnet_b0,2,/features/features.6/features.6.3/Add_output_0,105,Conv:/features/features.7/features.7.0/block/block.0/block.0.0/Conv,0.34225523471832275,0.3312511146068573,0.9678482050960538
efficientnet_b0,2,/features/features.7/features.7.0/block/block.0/block.0.2/Mul_output_0,106,Conv:/features/features.7/features.7.0/block/block.1/block.1.0/Conv,0.1085054874420166,0.10685327649116516,0.9847730194131025
efficientnet_b0,2,/features/features.7/features.7.0/block/block.1/block.1.2/Mul_output_0,107,GlobalAveragePool:/features/features.7/features.7.0/block/block.2/avgpool/GlobalAveragePool;Mul:/features/features.7/features.7.0/block/block.2/Mul,0.24307546019554138,0.10511287301778793,0.43242897877568626
efficientnet_b0,2,/features/features.7/features.7.0/block/block.2/avgpool/GlobalAveragePool_output_0,108,Conv:/features/features.7/features.7.0/block/block.2/fc1/Conv,0.027418436482548714,0.024289041757583618,0.8858653108481626
efficientnet_b0,2,/features/features.7/features.7.0/block/block.2/activation/Mul_output_0,109,Conv:/features/features.7/features.7.0/block/block.2/fc2/Conv,0.12256937474012375,0.09185953438282013,0.7494493186212642
efficientnet_b0,2,/features/features.7/features.7.0/block/block.2/scale_activation/Sigmoid_output_0,110,Mul:/features/features.7/features.7.0/block/block.2/Mul,0.007874015718698502,0.007874012924730778,0.9999996451660977
efficientnet_b0,2,/features/features.7/features.7.0/block/block.2/Mul_output_0,111,Conv:/features/features.7/features.7.0/block/block.3/block.3.0/Conv,0.24086791276931763,0.06980448216199875,0.28980398991065043
efficientnet_b0,2,/features/features.7/features.7.0/block/block.3/block.3.0/Conv_output_0,112,Conv:/features/features.8/features.8.0/Conv,0.2094051092863083,0.21629907190799713,1.0329216543244086
efficientnet_b0,2,/features/features.8/features.8.2/Mul_output_0,113,GlobalAveragePool:/avgpool/GlobalAveragePool,0.18198250234127045,0.11164567619562149,0.6134967634759367
efficientnet_b0,3,images,0,Conv:/features/features.0/features.0.0/Conv,0.020787402987480164,0.019579002633690834,0.9418686232947365
efficientnet_b0,3,/features/features.0/features.0.2/Mul_output_0,1,Conv:/features/features.1/features.1.0/block/block.0/block.0.0/Conv,0.5593066811561584,0.7738654613494873,1.3836156216653954
efficientnet_b0,3,/features/features.1/features.1.0/block/block.0/block.0.2/Mul_output_0,2,GlobalAveragePool:/features/features.1/features.1.0/block/block.1/avgpool/GlobalAveragePool;Mul:/features/features.1/features.1.0/block/block.1/Mul,0.278301864862442,0.31607577204704285,1.1357299822740015
efficientnet_b0,3,/features/features.1/features.1.0/block/block.1/avgpool/GlobalAveragePool_output_0,3,Conv:/features/features.1/features.1.0/block/block.1/fc1/Conv,0.07716191560029984,0.07872752845287323,1.020289968702738
efficientnet_b0,3,/features/features.1/features.1.0/block/block.1/activation/Mul_output_0,4,Conv:/features/features.1/features.1.0/block/block.1/fc2/Conv,0.00219085905700922,0.0021894469391554594,0.9993554501604095
efficientnet_b0,3,/features/features.1/features.1.0/block/block.1/scale_activation/Sigmoid_output_0,5,Mul:/features/features.1/features.1.0/block/block.1/Mul,0.007766057271510363,0.007766057271510363,1.0
efficientnet_b0,3,/features/features.1/features.1.0/block/block.1/Mul_output_0,6,Conv:/features/features.1/features.1.0/block/block.2/block.2.0/Conv,0.17940187454223633,0.1857806295156479,1.0355556762697584
efficientnet_b0,3,/features/features.1/features.1.0/block/block.2/block.2.0/Conv_output_0,7,Conv:/features/features.2/features.2.0/block/block.0/block.0.0/Conv,0.4543812572956085,0.44938895106315613,0.9890129573958097
efficientnet_b0,3,/features/features.2/features.2.0/block/block.0/block.0.2/Mul_output_0,8,Conv:/features/features.2/features.2.0/block/block.1/block.1.0/Conv,0.6545585989952087,0.5435575842857361,0.8304185219171107
efficientnet_b0,3,/features/features.2/features.2.0/block/block.1/block.1.2/Mul_output_0,9,GlobalAveragePool:/features/features.2/features.2.0/block/block.2/avgpool/GlobalAveragePool;Mul:/features/features.2/features.2.0/block/block.2/Mul,0.8715621829032898,1.0176643133163452,1.1676324802510014
efficientnet_b0,3,/features/features.2/features.2.0/block/block.2/avgpool/GlobalAveragePool_output_0,10,Conv:/features/features.2/features.2.0/block/block.2/fc1/Conv,0.12920311093330383,0.11492279917001724,0.8894739324762988
efficientnet_b0,3,/features/features.2/features.2.0/block/block.2/activation/Mul_output_0,11,Conv:/features/features.2/features.2.0/block/block.2/fc2/Conv,0.034064434468746185,0.030458571389317513,0.8941458111469011
efficientnet_b0,3,/features/features.2/features.2.0/block/block.2/scale_activation/Sigmoid_output_0,12,Mul:/features/features.2/features.2.0/block/block.2/Mul,0.00772658409550786,0.0077436454594135284,1.0022081379940702
efficientnet_b0,3,/features/features.2/features.2.0/block/block.2/Mul_output_0,13,Conv:/features/features.2/features.2.0/block/block.3/block.3.0/Conv,0.3422897160053253,0.4510478079319,1.317736954518618
efficientnet_b0,3,/features/features.2/features.2.0/block/block.3/block.3.0/Conv_output_0,14,Conv:/features/features.2/features.2.1/block/block.0/block.0.0/Conv;Add:/features/features.2/features.2.1/Add,0.41283753514289856,0.4196634888648987,1.016534237177919
efficientnet_b0,3,/features/features.2/features.2.1/block/block.0/block.0.2/Mul_output_0,15,Conv:/features/features.2/features.2.1/block/block.1/block.1.0/Conv,0.161795511841774,0.14291906356811523,0.883331446844343
efficientnet_b0,3,/features/features.2/features.2.1/block/block.1/block.1.2/Mul_output_0,16,GlobalAveragePool:/features/features.2/features.2.1/block/block.2/avgpool/GlobalAveragePool;Mul:/features/features.2/features.2.1/block/block.2/Mul,0.15457357466220856,0.2028600424528122,1.3123850108022967
efficientnet_b0,3,/features/features.2/features.2.1/block/block.2/avgpool/GlobalAveragePool_output_0,17,Conv:/features/features.2/features.2.1/block/block.2/fc1/Conv,0.01822485402226448,0.02373666875064373,1.3024339575859272
efficientnet_b0,3,/features/features.2/features.2.1/block/block.2/activation/Mul_output_0,18,Conv:/features/features.2/features.2.1/block/block.2/fc2/Conv,0.019370781257748604,0.023830369114875793,1.230222405476975
efficientnet_b0,3,/features/features.2/features.2.1/block/block.2/scale_activation/Sigmoid_output_0,19,Mul:/features/features.2/features.2.1/block/block.2/Mul,0.007783961016684771,0.007783961016684771,1.0
efficientnet_b0,3,/features/features.2/features.2.1/block/block.2/Mul_output_0,20,Conv:/features/features.2/features.2.1/block/block.3/block.3.0/Conv,0.08476026356220245,0.1047341376543045,1.2356513919691148
efficientnet_b0,3,/features/features.2/features.2.1/Add_output_0,21,Conv:/features/features.3/features.3.0/block/block.0/block.0.0/Conv,0.48470282554626465,0.40857282280921936,0.8429346834294889
efficientnet_b0,3,/features/features.3/features.3.0/block/block.0/block.0.2/Mul_output_0,22,Conv:/features/features.3/features.3.0/block/block.1/block.1.0/Conv,0.19166156649589539,0.23310843110084534,1.2162502653125167
efficientnet_b0,3,/features/features.3/features.3.0/block/block.1/block.1.2/Mul_output_0,23,GlobalAveragePool:/features/features.3/features.3.0/block/block.2/avgpool/GlobalAveragePool;Mul:/features/features.3/features.3.0/block/block.2/Mul,0.5364562273025513,0.7834175825119019,1.4603569548463253
efficientnet_b0,3,/features/features.3/features.3.0/block/block.2/avgpool/GlobalAveragePool_output_0,24,Conv:/features/features.3/features.3.0/block/block.2/fc1/Conv,0.07838281989097595,0.08244949579238892,1.051882235253457
efficientnet_b0,3,/features/features.3/features.3.0/block/block.2/activation/Mul_output_0,25,Conv:/features/features.3/features.3.0/block/block.2/fc2/Conv,0.038334231823682785,0.042159613221883774,1.0997902192430964
efficientnet_b0,3,/features/features.3/features.3.0/block/block.2/scale_activation/Sigmoid_output_0,26,Mul:/features/features.3/features.3.0/block/block.2/Mul,0.007854380644857883,0.007853287272155285,0.9998607945359366
efficientnet_b0,3,/features/features.3/features.3.0/block/block.2/Mul_output_0,27,Conv:/features/features.3/features.3.0/block/block.3/block.3.0/Conv,0.10157960653305054,0.09701329469680786,0.9550469627507667
efficientnet_b0,3,/features/features.3/features.3.0/block/block.3/block.3.0/Conv_output_0,28,Conv:/features/features.3/features.3.1/block/block.0/block.0.0/Conv;Add:/features/features.3/features.3.1/Add,0.2746172249317169,0.2526761591434479,0.9201030969789872
efficientnet_b0,3,/features/features.3/features.3.1/block/block.0/block.0.2/Mul_output_0,29,Conv:/features/features.3/features.3.1/block/block.1/block.1.0/Conv,0.12787781655788422,0.10807591676712036,0.8451498444079198
efficientnet_b0,3,/features/features.3/features.3.1/block/block.1/block.1.2/Mul_output_0,30,GlobalAveragePool:/features/features.3/features.3.1/block/block.2/avgpool/GlobalAveragePool;Mul:/features/features.3/features.3.1/block/block.2/Mul,0.22218671441078186,0.22793038189411163,1.0258506342224891
efficientnet_b0,3,/features/features.3/features.3.1/block/block.2/avgpool/GlobalAveragePool_output_0,31,Conv:/features/features.3/features.3.1/block/block.2/fc1/Conv,0.02884003520011902,0.028828462585806847,0.9995987309227652
efficientnet_b0,3,/features/features.3/features.3.1/block/block.2/activation/Mul_output_0,32,Conv:/features/features.3/features.3.1/block/block.2/fc2/Conv,0.03496157377958298,0.02161252871155739,0.6181795146813092
efficientnet_b0,3,/features/features.3/features.3.1/block/block.2/scale_activation/Sigmoid_output_0,33,Mul:/features/features.3/features.3.1/block/block.2/Mul,0.007635635323822498,0.007353071589022875,0.9629940767445965
efficientnet_b0,3,/features/features.3/features.3.1/block/block.2/Mul_output_0,34,Conv:/features/features.3/features.3.1/block/block.3/block.3.0/Conv,0.039785947650671005,0.0308385007083416,0.7751103726147264
efficientnet_b0,3,/features/features.3/features.3.1/Add_output_0,35,Conv:/features/features.4/features.4.0/block/block.0/block.0.0/Conv,0.34513020515441895,0.2906648516654968,0.8421889690456009
efficientnet_b0,3,/features/features.4/features.4.0/block/block.0/block.0.2/Mul_output_0,36,Conv:/features/features.4/features.4.0/block/block.1/block.1.0/Conv,0.11090831458568573,0.12005455791950226,1.0824667056566828
efficientnet_b0,3,/features/features.4/features.4.0/block/block.1/block.1.2/Mul_output_0,37,GlobalAveragePool:/features/features.4/features.4.0/block/block.2/avgpool/GlobalAveragePool;Mul:/features/features.4/features.4.0/block/block.2/Mul,0.12530973553657532,0.12150264531373978,0.9696185599105
efficientnet_b0,3,/features/features.4/features.4.0/block/block.2/avgpool/GlobalAveragePool_output_0,38,Conv:/features/features.4/features.4.0/block/block.2/fc1/Conv,0.04613220691680908,0.04403039067983627,0.9544392870524697
efficientnet_b0,3,/features/features.4/features.4.0/block/block.2/activation/Mul_output_0,39,Conv:/features/features.4/features.4.0/block/block.2/fc2/Conv,0.0021926069166511297,0.0021926069166511297,1.0
efficientnet_b0,3,/features/features.4/features.4.0/block/block.2/scale_activation/Sigmoid_output_0,40,Mul:/features/features.4/features.4.0/block/block.2/Mul,0.0076235258020460606,0.0076235258020460606,1.0
efficientnet_b0,3,/features/features.4/features.4.0/block/block.2/Mul_output_0,41,Conv:/features/features.4/features.4.0/block/block.3/block.3.0/Conv,0.04422355443239212,0.04425117000937462,1.000624454034438
efficientnet_b0,3,/features/features.4/features.4.0/block/block.3/block.3.0/Conv_output_0,42,Conv:/features/features.4/features.4.1/block/block.0/block.0.0/Conv;Add:/features/features.4/features.4.1/Add,0.23523159325122833,0.2376249134540558,1.0101743144691937
efficientnet_b0,3,/features/features.4/features.4.1/block/block.0/block.0.2/Mul_output_0,43,Conv:/features/features.4/features.4.1/block/block.1/block.1.0/Conv,0.0816926583647728,0.07853735983371735,0.9613759841555595
efficientnet_b0,3,/features/features.4/features.4.1/block/block.1/block.1.2/Mul_output_0,44,GlobalAveragePool:/features/features.4/features.4.1/block/block.2/avgpool/GlobalAveragePool;Mul:/features/features.4/features.4.1/block/block.2/Mul,0.23328471183776855,0.22525811195373535,0.9655931165793021
efficientnet_b0,3,/features/features.4/features.4.1/block/block.2/avgpool/GlobalAveragePool_output_0,45,Conv:/features/features.4/features.4.1/block/block.2/fc1/Conv,0.04065033048391342,0.04672086611390114,1.149335455769296
efficientnet_b0,3,/features/features.4/features.4.1/block/block.2/activation/Mul_output_0,46,Conv:/features/features.4/features.4.1/block/block.2/fc2/Conv,0.043064020574092865,0.0382094569504261,0.8872710081652885
efficientnet_b0,3,/features/features.4/features.4.1/block/block.2/scale_activation/Sigmoid_output_0,47,Mul:/features/features.4/features.4.1/block/block.2/Mul,0.007774900179356337,0.007589518092572689,0.9761563386658174
efficientnet_b0,3,/features/features.4/features.4.1/block/block.2/Mul_output_0,48,Conv:/features/features.4/features.4.1/block/block.3/block.3.0/Conv,0.028285687789320946,0.02356947585940361,0.8332650786134355
efficientnet_b0,3,/features/features.4/features.4.1/Add_output_0,49,Conv:/features/features.4/features.4.2/block/block.0/block.0.0/Conv;Add:/features/features.4/features.4.2/Add,0.23084726929664612,0.23396046459674835,1.0134859524636683
efficientnet_b0,3,/features/features.4/features.4.2/block/block.0/block.0.2/Mul_output_0,50,Conv:/features/features.4/features.4.2/block/block.1/block.1.0/Conv,0.07199814915657043,0.08238402009010315,1.1442519155728175
efficientnet_b0,3,/features/features.4/features.4.2/block/block.1/block.1.2/Mul_output_0,51,GlobalAveragePool:/features/features.4/features.4.2/block/block.2/avgpool/GlobalAveragePool;Mul:/features/features.4/features.4.2/block/block.2/Mul,0.19136083126068115,0.21324950456619263,1.114384292549888
efficientnet_b0,3,/features/features.4/features.4.2/block/block.2/avgpool/GlobalAveragePool_output_0,52,Conv:/features/features.4/features.4.2/block/block.2/fc1/Conv,0.03867465630173683,0.027029074728488922,0.6988833854814395
efficientnet_b0,3,/features/features.4/features.4.2/block/block.2/activation/Mul_output_0,53,Conv:/features/features.4/features.4.2/block/block.2/fc2/Conv,0.03831600770354271,0.047926679253578186,1.2508265376809304
efficientnet_b0,3,/features/features.4/features.4.2/block/block.2/scale_activation/Sigmoid_output_0,54,Mul:/features/features.4/features.4.2/block/block.2/Mul,0.0076159886084496975,0.007549813482910395,0.9913110261922026
efficientnet_b0,3,/features/features.4/features.4.2/block/block.2/Mul_output_0,55,Conv:/features/features.4/features.4.2/block/block.3/block.3.0/Conv,0.019385315477848053,0.017334720119833946,0.8942191392057891
efficientnet_b0,3,/features/features.4/features.4.2/Add_output_0,56,Conv:/features/features.5/features.5.0/block/block.0/block.0.0/Conv,0.22438301146030426,0.239345520734787,1.0666828971458464
efficientnet_b0,3,/features/features.5/features.5.0/block/block.0/block.0.2/Mul_output_0,57,Conv:/features/features.5/features.5.0/block/block.1/block.1.0/Conv,0.09554868936538696,0.1073925569653511,1.123956358570991
efficientnet_b0,3,/features/features.5/features.5.0/block/block.1/block.1.2/Mul_output_0,58,GlobalAveragePool:/features/features.5/features.5.0/block/block.2/avgpool/GlobalAveragePool;Mul:/features/features.5/features.5.0/block/block.2/Mul,0.14117467403411865,0.3185654282569885,2.2565338325484543
efficientnet_b0,3,/features/features.5/features.5.0/block/block.2/avgpool/GlobalAveragePool_output_0,59,Conv:/features/features.5/features.5.0/block/block.2/fc1/Conv,0.025971153751015663,0.03202427178621292,1.233070817462645
efficientnet_b0,3,/features/features.5/features.5.0/block/block.2/activation/Mul_output_0,60,Conv:/features/features.5/features.5.0/block/block.2/fc2/Conv,0.037481170147657394,0.028951412066817284,0.7724255126711078
efficientnet_b0,3,/features/features.5/features.5.0/block/block.2/scale_activation/Sigmoid_output_0,61,Mul:/features/features.5/features.5.0/block/block.2/Mul,0.007811262737959623,0.007811262737959623,1.0
efficientnet_b0,3,/features/features.5/features.5.0/block/block.2/Mul_output_0,62,Conv:/features/features.5/features.5.0/block/block.3/block.3.0/Conv,0.04033932089805603,0.03724236413836479,0.9232273451623604
efficientnet_b0,3,/features/features.5/features.5.0/block/block.3/block.3.0/Conv_output_0,63,Conv:/features/features.5/features.5.1/block/block.0/block.0.0/Conv;Add:/features/features.5/features.5.1/Add,0.21724121272563934,0.3564341068267822,1.6407296863921208
efficientnet_b0,3,/features/features.5/features.5.1/block/block.0/block.0.2/Mul_output_0,64,Conv:/features/features.5/features.5.1/block/block.1/block.1.0/Conv,0.06299865990877151,0.07164758443832397,1.1372874366228898
efficientnet_b0,3,/features/features.5/features.5.1/block/block.1/block.1.2/Mul_output_0,65,GlobalAveragePool:/features/features.5/features.5.1/block/block.2/avgpool/GlobalAveragePool;Mul:/features/features.5/features.5.1/block/block.2/Mul,0.23838457465171814,0.31045910716056824,1.3023456220443441
efficientnet_b0,3,/features/features.5/features.5.1/block/block.2/avgpool/GlobalAveragePool_output_0,66,Conv:/features/features.5/features.5.1/block/block.2/fc1/Conv,0.0430876649916172,0.03952253237366676,0.9172586256729381
efficientnet_b0,3,/features/features.5/features.5.1/block/block.2/activation/Mul_output_0,67,Conv:/features/features.5/features.5.1/block/block.2/fc2/Conv,0.0787726640701294,0.07626452296972275,0.9681597527516181
efficientnet_b0,3,/features/features.5/features.5.1/block/block.2/scale_activation/Sigmoid_output_0,68,Mul:/features/features.5/features.5.1/block/block.2/Mul,0.006988458801060915,0.007230594288557768,1.0346479094160352
efficientnet_b0,3,/features/features.5/features.5.1/block/block.2/Mul_output_0,69,Conv:/features/features.5/features.5.1/block/block.3/block.3.0/Conv,0.050670307129621506,0.07043486833572388,1.3900619973654778
efficientnet_b0,3,/features/features.5/features.5.1/Add_output_0,70,Conv:/features/features.5/features.5.2/block/block.0/block.0.0/Conv;Add:/features/features.5/features.5.2/Add,0.2521688938140869,0.26612332463264465,1.0553376374361452
efficientnet_b0,3,/features/features.5/features.5.2/block/block.0/block.0.2/Mul_output_0,71,Conv:/features/features.5/features.5.2/block/block.1/block.1.0/Conv,0.06159275397658348,0.07507022470235825,1.2188158485476825
efficientnet_b0,3,/features/features.5/features.5.2/block/block.1/block.1.2/Mul_output_0,72,GlobalAveragePool:/features/features.5/features.5.2/block/block.2/avgpool/GlobalAveragePool;Mul:/features/features.5/features.5.2/block/block.2/Mul,0.14430645108222961,0.25824612379074097,1.78956742303631
efficientnet_b0,3,/features/features.5/features.5.2/block/block.2/avgpool/GlobalAveragePool_output_0,73,Conv:/features/features.5/features.5.2/block/block.2/fc1/Conv,0.02545434795320034,0.02646932750940323,1.0398745062363806
efficientnet_b0,3,/features/features.5/features.5.2/block/block.2/activation/Mul_output_0,74,Conv:/features/features.5/features.5.2/block/block.2/fc2/Conv,0.060236621648073196,0.06081142649054527,1.0095424482108297
efficientnet_b0,3,/features/features.5/features.5.2/block/block.2/scale_activation/Sigmoid_output_0,75,Mul:/features/features.5/features.5.2/block/block.2/Mul,0.006017221137881279,0.00649231718853116,1.0789560562530975
efficientnet_b0,3,/features/features.5/features.5.2/block/block.2/Mul_output_0,76,Conv:/features/features.5/features.5.2/block/block.3/block.3.0/Conv,0.03904622048139572,0.03853059187531471,0.9867944041773086
efficientnet_b0,3,/features/features.5/features.5.2/Add_output_0,77,Conv:/features/features.6/features.6.0/block/block.0/block.0.0/Conv,0.2555709481239319,0.2536270320415497,0.9923938299847777
efficientnet_b0,3,/features/features.6/features.6.0/block/block.0/block.0.2/Mul_output_0,78,Conv:/features/features.6/features.6.0/block/block.1/block.1.0/Conv,0.11953438073396683,0.11073967069387436,0.9264252678928769
efficientnet_b0,3,/features/features.6/features.6.0/block/block.1/block.1.2/Mul_output_0,79,GlobalAveragePool:/features/features.6/features.6.0/block/block.2/avgpool/GlobalAveragePool;Mul:/features/features.6/features.6.0/block/block.2/Mul,0.2011573314666748,0.23361383378505707,1.1613488411371138
efficientnet_b0,3,/features/features.6/features.6.0/block/block.2/avgpool/GlobalAveragePool_output_0,80,Conv:/features/features.6/features.6.0/block/block.2/fc1/Conv,0.06907201558351517,0.04797840863466263,0.6946142837927148
efficientnet_b0,3,/features/features.6/features.6.0/block/block.2/activation/Mul_output_0,81,Conv:/features/features.6/features.6.0/block/block.2/fc2/Conv,0.01875186525285244,0.01284283958375454,0.6848833121708227
efficientnet_b0,3,/features/features.6/features.6.0/block/block.2/scale_activation/Sigmoid_output_0,82,Mul:/features/features.6/features.6.0/block/block.2/Mul,0.007694651838392019,0.0076889353804290295,0.9992570868594122
efficientnet_b0,3,/features/features.6/features.6.0/block/block.2/Mul_output_0,83,Conv:/features/features.6/features.6.0/block/block.3/block.3.0/Conv,0.08569897711277008,0.15625642240047455,1.8233172397712392
efficientnet_b0,3,/features/features.6/features.6.0/block/block.3/block.3.0/Conv_output_0,84,Conv:/features/features.6/features.6.1/block/block.0/block.0.0/Conv;Add:/features/features.6/features.6.1/Add,0.2128739207983017,0.21995863318443298,1.0332812603796782
efficientnet_b0,3,/features/features.6/features.6.1/block/block.0/block.0.2/Mul_output_0,85,Conv:/features/features.6/features.6.1/block/block.1/block.1.0/Conv,0.0925426036119461,0.0825769305229187,0.8923125922540939
efficientnet_b0,3,/features/features.6/features.6.1/block/block.1/block.1.2/Mul_output_0,86,GlobalAveragePool:/features/features.6/features.6.1/block/block.2/avgpool/GlobalAveragePool;Mul:/features/features.6/features.6.1/block/block.2/Mul,0.17285528779029846,0.2711644172668457,1.568736604666744
efficientnet_b0,3,/features/features.6/features.6.1/block/block.2/avgpool/GlobalAveragePool_output_0,87,Conv:/features/features.6/features.6.1/block/block.2/fc1/Conv,0.03480781987309456,0.052616629749536514,1.511632441829764
efficientnet_b0,3,/features/features.6/features.6.1/block/block.2/activation/Mul_output_0,88,Conv:/features/features.6/features.6.1/block/block.2/fc2/Conv,0.09838756173849106,0.13474659621715546,1.3695490958024226
efficientnet_b0,3,/features/features.6/features.6.1/block/block.2/scale_activation/Sigmoid_output_0,89,Mul:/features/features.6/features.6.1/block/block.2/Mul,0.007872037589550018,0.007860795594751835,0.9985719078865798
efficientnet_b0,3,/features/features.6/features.6.1/block/block.2/Mul_output_0,90,Conv:/features/features.6/features.6.1/block/block.3/block.3.0/Conv,0.0825411006808281,0.13439849019050598,1.6282614246955742
efficientnet_b0,3,/features/features.6/features.6.1/Add_output_0,91,Conv:/features/features.6/features.6.2/block/block.0/block.0.0/Conv;Add:/features/features.6/features.6.2/Add,0.4596060812473297,0.24113795161247253,0.5246622302256004
efficientnet_b0,3,/features/features.6/features.6.2/block/block.0/block.0.2/Mul_output_0,92,Conv:/features/features.6/features.6.2/block/block.1/block.1.0/Conv,0.09685288369655609,0.09051046520471573,0.9345149235647809
efficientnet_b0,3,/features/features.6/features.6.2/block/block.1/block.1.2/Mul_output_0,93,GlobalAveragePool:/features/features.6/features.6.2/block/block.2/avgpool/GlobalAveragePool;Mul:/features/features.6/features.6.2/block/block.2/Mul,0.34754353761672974,0.15263594686985016,0.4391851102067585
efficientnet_b0,3,/features/features.6/features.6.2/block/block.2/avgpool/GlobalAveragePool_output_0,94,Conv:/features/features.6/features.6.2/block/block.2/fc1/Conv,0.04154107719659805,0.039270222187042236,0.9453347105370251
efficientnet_b0,3,/features/features.6/features.6.2/block/block.2/activation/Mul_output_0,95,Conv:/features/features.6/features.6.2/block/block.2/fc2/Conv,0.11566769331693649,0.10235945880413055,0.8849442386964477
efficientnet_b0,3,/features/features.6/features.6.2/block/block.2/scale_activation/Sigmoid_output_0,96,Mul:/features/features.6/features.6.2/block/block.2/Mul,0.007567648775875568,0.007044418714940548,0.9308596267571253
efficientnet_b0,3,/features/features.6/features.6.2/block/block.2/Mul_output_0,97,Conv:/features/features.6/features.6.2/block/block.3/block.3.0/Conv,0.13567695021629333,0.08958224952220917,0.6602613736482065
efficientnet_b0,3,/features/features.6/features.6.2/Add_output_0,98,Conv:/features/features.6/features.6.3/block/block.0/block.0.0/Conv;Add:/features/features.6/features.6.3/Add,0.278955340385437,0.3338543176651001,1.1968020300446958
efficientnet_b0,3,/features/features.6/features.6.3/block/block.0/block.0.2/Mul_output_0,99,Conv:/features/features.6/features.6.3/block/block.1/block.1.0/Conv,0.10974416881799698,0.09004741907119751,0.8205212180387903
efficientnet_b0,3,/features/features.6/features.6.3/block/block.1/block.1.2/Mul_output_0,100,GlobalAveragePool:/features/features.6/features.6.3/block/block.2/avgpool/GlobalAveragePool;Mul:/features/features.6/features.6.3/block/block.2/Mul,0.32104918360710144,0.17034593224525452,0.5305913889309967
efficientnet_b0,3,/features/features.6/features.6.3/block/block.2/avgpool/GlobalAveragePool_output_0,101,Conv:/features/features.6/features.6.3/block/block.2/fc1/Conv,0.06168868765234947,0.059514667838811874,0.9647582093853345
efficientnet_b0,3,/features/features.6/features.6.3/block/block.2/activation/Mul_output_0,102,Conv:/features/features.6/features.6.3/block/block.2/fc2/Conv,0.07527033239603043,0.12360592186450958,1.6421599045712234
efficientnet_b0,3,/features/features.6/features.6.3/block/block.2/scale_activation/Sigmoid_output_0,103,Mul:/features/features.6/features.6.3/block/block.2/Mul,0.007601757533848286,0.007399086840450764,0.9733389689824896
efficientnet_b0,3,/features/features.6/features.6.3/block/block.2/Mul_output_0,104,Conv:/features/features.6/features.6.3/block/block.3/block.3.0/Conv,0.07885964214801788,0.05442849174141884,0.6901945058190565
efficientnet_b0,3,/features/features.6/features.6.3/Add_output_0,105,Conv:/features/features.7/features.7.0/block/block.0/block.0.0/Conv,0.34225523471832275,0.33125120401382446,0.9678484663249792
efficientnet_b0,3,/features/features.7/features.7.0/block/block.0/block.0.2/Mul_output_0,106,Conv:/features/features.7/features.7.0/block/block.1/block.1.0/Conv,0.1085054874420166,0.10685326159000397,0.9847728820821569
efficientnet_b0,3,/features/features.7/features.7.0/block/block.1/block.1.2/Mul_output_0,107,GlobalAveragePool:/features/features.7/features.7.0/block/block.2/avgpool/GlobalAveragePool;Mul:/features/features.7/features.7.0/block/block.2/Mul,0.24307546019554138,0.10511281341314316,0.4324287335652289
efficientnet_b0,3,/features/features.7/features.7.0/block/block.2/avgpool/GlobalAveragePool_output_0,108,Conv:/features/features.7/features.7.0/block/block.2/fc1/Conv,0.027418436482548714,0.024289049208164215,0.8858655825843209
efficientnet_b0,3,/features/features.7/features.7.0/block/block.2/activation/Mul_output_0,109,Conv:/features/features.7/features.7.0/block/block.2/fc2/Conv,0.12256937474012375,0.09328369051218033,0.7610685027150049
efficientnet_b0,3,/features/features.7/features.7.0/block/block.2/scale_activation/Sigmoid_output_0,110,Mul:/features/features.7/features.7.0/block/block.2/Mul,0.007874015718698502,0.007874015718698502,1.0
efficientnet_b0,3,/features/features.7/features.7.0/block/block.2/Mul_output_0,111,Conv:/features/features.7/features.7.0/block/block.3/block.3.0/Conv,0.24086791276931763,0.06980451196432114,0.28980411363955244
efficientnet_b0,3,/features/features.7/features.7.0/block/block.3/block.3.0/Conv_output_0,112,Conv:/features/features.8/features.8.0/Conv,0.2094051092863083,0.21629904210567474,1.0329215120054247
efficientnet_b0,3,/features/features.8/features.8.2/Mul_output_0,113,GlobalAveragePool:/avgpool/GlobalAveragePool,0.18198250234127045,0.11164567619562149,0.6134967634759367
