model,seed,n_calib,top1,mAP,mAP50,mAP75,mAP_small,mAP_medium,mAP_large
efficientnet_b0,1,500,0.417,,,,,,
efficientnet_b0,2,500,0.4153333333333333,,,,,,
efficientnet_b0,3,500,0.4131111111111111,,,,,,
densenet121,1,500,0.5844444444444444,,,,,,
densenet121,2,500,0.5865555555555556,,,,,,
densenet121,3,500,0.5846666666666667,,,,,,
yolov10s,1,256,,0.4382418667955406,0.609553918757447,0.4796854079627837,0.2597342094015851,0.4874186548960437,0.5550645104507157
yolov10s,2,256,,0.4383057390476892,0.609050694220965,0.4799228462815778,0.2611261223161841,0.4867875384001545,0.5562640081073824
yolov10s,3,256,,0.4531438975182512,0.61980520168821,0.4941128975534455,0.2622537360941381,0.5021589419908754,0.6253129189748005
frcnn_r50_fpn,1,256,,0.3671822813577553,0.5821763143042459,0.3960550830982056,0.2086436958950684,0.4018204378209126,0.4780361267527313
frcnn_r50_fpn,2,256,,0.3670259794048843,0.582109350056402,0.3960415800838823,0.2082132987177595,0.401892519840219,0.4778936166401207
frcnn_r50_fpn,3,256,,0.3670991388219646,0.583231759613799,0.3944869019617222,0.2089954655333399,0.4020206837401276,0.4798787544316865
yolov10x,1,256,,0.4778993493868548,0.6295374958408754,0.5232690378430527,0.3550584213720001,0.5425357869111006,0.5718126929666811
yolov10x,2,256,,0.4796715489573782,0.6308895235302165,0.5256605767666018,0.3476601507329342,0.542215742036602,0.5734622299892457
yolov10x,3,256,,0.504522246030398,0.6797662286430847,0.552758059580439,0.3513160049720775,0.5348633941320836,0.6645253883331831
efficientnet_b0,1,1000,0.2482222222222222,,,,,,
densenet121,1,1000,0.5735555555555556,,,,,,
efficientnet_b0,1,250,0.41655555555555557,,,,,,
efficientnet_b0,2,250,0.41388888888888886,,,,,,
efficientnet_b0,3,250,0.4008888888888889,,,,,,
densenet121,1,250,0.5831111111111111,,,,,,
densenet121,2,250,0.5852222222222222,,,,,,
densenet121,3,250,0.6044444444444445,,,,,,
