model,calibration,condition,severity,mAP,mAP50,mAP75,mAP_small,mAP_medium,mAP_large
yolov10s,entropy,clean,0,0.47334906973510643,0.6421750417293196,0.5218641288296838,0.3030121768165025,0.5401871604531135,0.5998477296938738
yolov10s,entropy,contrast,1,0.4376198301002143,0.5924869251574757,0.4834565313049036,0.2822757685813365,0.4896484805718723,0.5818595168799696
yolov10s,entropy,contrast,2,0.4177731090279959,0.5664399216398674,0.4617646804576169,0.26749183253142195,0.46195859921404664,0.5498847500952412
yolov10s,entropy,contrast,3,0.3731614475178155,0.5020286420264871,0.412203795986905,0.22119862787517539,0.4289169761284719,0.511347506372701
yolov10s,entropy,contrast,4,0.2321826523011703,0.3292355638472677,0.2514504748450985,0.12923933933660564,0.2851370918277101,0.35909793048928995
yolov10s,entropy,contrast,5,0.07901073781275848,0.11629977393937956,0.08374295943007258,0.03113860071214857,0.08746090881234006,0.15985818994672668
yolov10s,max,clean,0,0.47268374250937895,0.6351988725514365,0.5186507990284553,0.2933668370073129,0.5404097821228132,0.6583599200382915
yolov10s,max,contrast,1,0.43386843888146953,0.5767415323841101,0.4772540881235323,0.2691582105867904,0.4779796709731869,0.6087650755739888
yolov10s,max,contrast,2,0.395840959090165,0.5334098731964492,0.43299154443299614,0.23357041557283034,0.44374302419933714,0.5745865392605012
yolov10s,max,contrast,3,0.34635959995043514,0.46773095182339997,0.38502654735082953,0.19077803525244352,0.39265802461430455,0.5245657966833779
yolov10s,max,contrast,4,0.19758873456239678,0.28427768421956845,0.213234673396976,0.10966443931133919,0.24752058106077268,0.3275656032853355
yolov10s,max,contrast,5,0.061008819476824204,0.08828065687889143,0.06424905520611066,0.02781039448289427,0.07470278125132375,0.13947604526835933
yolov10x,entropy,clean,0,0.5226043014183841,0.6732655491618865,0.5745290237542696,0.40367659574278386,0.5948561418862656,0.6648789677932523
yolov10x,entropy,contrast,1,0.5075259753062967,0.6556117284140109,0.5611830579768885,0.38121936098151044,0.5809181681243301,0.628140304869487
yolov10x,entropy,contrast,2,0.49774219134295594,0.6462361403114036,0.547240058528383,0.3722295163078855,0.5827657887396825,0.6163436639181432
yolov10x,entropy,contrast,3,0.4750295310183016,0.6219559229418247,0.5231774425977324,0.348251063902877,0.5526325319192873,0.5960269644451215
yolov10x,entropy,contrast,4,0.4004021058435316,0.5297954240329056,0.4409053816043187,0.27264170088581907,0.47646918049252385,0.5228853686677162
yolov10x,entropy,contrast,5,0.2555334299673478,0.3527543289308079,0.2772215254198574,0.1419896874267595,0.3166355966238859,0.3800736715457761
yolov10x,max,clean,0,0.5348922225037748,0.7019870767440083,0.5885332931184977,0.37332218905359676,0.591232357054807,0.7252602543153209
yolov10x,max,contrast,1,0.5092885524766991,0.6762596756256694,0.5541999547129856,0.3437504116274474,0.5661104418525558,0.6912120239885216
yolov10x,max,contrast,2,0.5022293319855289,0.66423813951202,0.5473376447479763,0.3364732297339914,0.5523219835806082,0.6773392632631768
yolov10x,max,contrast,3,0.4679295566169392,0.6250865832972585,0.5092595988638009,0.2999768230941838,0.5172452311022672,0.6530379891576347
yolov10x,max,contrast,4,0.3471606398508948,0.48156987179827154,0.37443945380950505,0.22494253574933096,0.3726543239930763,0.5082632691152992
yolov10x,max,contrast,5,0.1441548300291998,0.2129477090429816,0.14927991229458132,0.09601455093097208,0.1562171270490182,0.22901203413053273
