model,precision,n_images,image_error_rate,image_error_rate_tol,fp32_detections,vanished,vanished_share,vanished_per_image,road_user_detections,road_user_vanished,road_user_vanished_per_image
frcnn_r50_fpn,fp16,5000,0.0246,0.0056,45038.0,25.0,0.0005550868155779564,0.005,18020.0,8.0,0.0016
frcnn_r50_fpn,int8,5000,0.3496,0.1056,45038.0,497.0,0.011035125893689773,0.0994,18020.0,192.0,0.0384
frcnn_r50_fpn,fp8,5000,0.4182,0.1298,45038.0,646.0,0.014343443314534392,0.1292,18020.0,222.0,0.0444
yolov10s,fp16,5000,0.0068,0.0006,18417.0,1.0,5.429765977086388e-05,0.0002,8148.0,0.0,0.0
yolov10s,int8,5000,0.3466,0.1022,18417.0,573.0,0.031112559048705,0.1146,8148.0,48.0,0.0096
yolov10s,fp8,5000,0.203,0.0194,18417.0,85.0,0.0046153010805234295,0.017,8148.0,23.0,0.0046
yolov10x,fp16,5000,0.0074,0.0012,22027.0,2.0,9.079765742043855e-05,0.0004,9678.0,1.0,0.0002
yolov10x,int8,5000,0.2726,0.0666,22027.0,327.0,0.014845416988241704,0.0654,9678.0,64.0,0.0128
yolov10x,fp8,5000,0.1606,0.013,22027.0,55.0,0.00249693557906206,0.011,9678.0,14.0,0.0028
efficientnet_b0,fp16,9000,0.0034444444444444444,0.0034444444444444444,,,,,,,
efficientnet_b0,int8,9000,0.7187777777777777,0.7187777777777777,,,,,,,
efficientnet_b0,fp8,9000,0.07666666666666666,0.07666666666666666,,,,,,,
densenet121,fp16,9000,0.003,0.003,,,,,,,
densenet121,int8,9000,0.23933333333333334,0.23933333333333334,,,,,,,
densenet121,fp8,9000,0.06077777777777778,0.06077777777777778,,,,,,,
