model,precision,dets_above_threshold,duplicate_share,mAP,mAP_nms,mAP_large,mAP_large_nms
yolov10s,fp32,18417,0.004832491719606868,0.46031514503425236,0.4620563606779616,0.6317145051508585,0.6327992819712689
yolov10s,fp16,18441,0.004555067512607813,0.46036652583805476,0.4620835314623813,0.6318775733493048,0.6328207671057257
yolov10s,int8,16594,0.005483909846932589,0.4379215752169204,0.44109343670252654,0.5547165194609417,0.5625386947033169
yolov10s,int8fp32,16600,0.005361445783132579,0.43825467583539324,0.44124445409625673,0.55270387232619,0.5606124623527441
yolov10s,fp8,17619,0.004767580452920139,0.4562216449548509,0.4582341604662747,0.6313462959097841,0.6326646960867804
yolov10x,fp32,22027,0.0025423344077722954,0.5400226260859899,0.5406212930285021,0.7046378034914917,0.7046891085930813
yolov10x,fp16,22051,0.002630266201079312,0.5398814912634298,0.5405202299780032,0.7041970709450668,0.7043272318925804
yolov10x,int8,25057,0.15241249950113744,0.4778993493868548,0.5236653066627481,0.5718126929666811,0.6572568923491698
yolov10x,int8fp32,25013,0.15172110502538683,0.47898653715960243,0.524485351468295,0.5744811859265625,0.6587260706953482
yolov10x,fp8,21437,0.00261230582637495,0.5385378276214651,0.5388153117060764,0.7041766798088223,0.7028854065867783
