model,precision,batch,repeat,energy_j_per_img,energy_net_j_per_img,avg_power_w,idle_power_w,sustained_img_s,sm_clock_mhz
frcnn_r50_fpn,fp32,8,0,3.1462687500000004,2.555324360949994,618.5484685454473,116.1781703620856,196.59746757025997,1980.0
frcnn_r50_fpn,fp32,8,1,3.1843585,2.537953127389891,626.1160901294146,127.0977512542286,196.6223621270704,1980.0
frcnn_r50_fpn,fp32,8,2,3.20129875,2.553883259639314,629.4132556352047,127.2895544461702,196.6118456252184,1980.0
frcnn_r50_fpn,fp16,8,0,0.4430203762755102,0.3648003305282257,694.5433576973008,122.62915234122296,1567.7458529929352,1713.3673469387754
frcnn_r50_fpn,fp16,8,1,0.4426578124999999,0.3608991896806264,693.627335949408,128.1125378016333,1566.9605649384264,1711.530612244898
frcnn_r50_fpn,fp16,8,2,0.4426087053571428,0.3630316311187219,693.6871546317967,124.7187267991738,1567.2695684375606,1711.2244897959183
frcnn_r50_fpn,int8,8,0,0.2809943965517241,0.2270425018398573,649.9449641310131,124.79167806767887,2313.0175267084883,1980.0
frcnn_r50_fpn,int8,8,1,0.2807521336206896,0.225539755148557,649.5204586964329,127.7339157799293,2313.5014160710457,1980.0
frcnn_r50_fpn,int8,8,2,0.2791128879310345,0.223634395943203,645.6941565275446,128.3428305838539,2313.379942122516,1980.0
frcnn_r50_fpn,fp8,8,0,0.3922260746606335,0.3220040596570548,693.2287612906571,124.11189265880448,1767.4214084070284,1868.552036199095
frcnn_r50_fpn,fp8,8,1,0.3920868778280543,0.3189573541955663,692.3698284770882,129.13636899687654,1765.858200387721,1865.0226244343887
frcnn_r50_fpn,fp8,8,2,0.3942912613122171,0.319418007022729,695.5146654974644,132.073549483574,1763.961654089831,1865.9049773755653
frcnn_r50_fpn,fp32,6,0,3.2424570707070703,2.600333656106171,630.395094504864,124.8409591257437,194.4189485806812,1980.0
frcnn_r50_fpn,fp32,6,1,3.2472790404040404,2.6063269874676487,631.3378291210357,124.614260935575,194.42056603872328,1980.0
frcnn_r50_fpn,fp32,6,2,3.2401997474747475,2.590777205742675,629.9852843347888,126.26587139430345,194.4279160029465,1980.0
frcnn_r50_fpn,fp16,6,0,0.4585012845849802,0.3768099311438511,693.6578823644817,123.58929656381224,1512.881000960242,1758.8537549407115
frcnn_r50_fpn,fp16,6,1,0.4604335648148148,0.3767769265488307,696.0788600042848,126.4712693554338,1511.7900022867489,1757.857142857143
frcnn_r50_fpn,fp16,6,2,0.4586803689064558,0.3758375026391588,693.661861827252,125.28318356218728,1512.2989969704124,1759.9209486166008
frcnn_r50_fpn,int8,6,0,0.2839501836547291,0.22677205346536,617.6103864525007,124.36620617167016,2175.06598693906,1980.0
frcnn_r50_fpn,int8,6,1,0.2827565886134068,0.2248423728548496,615.0000226486616,125.96432917037724,2175.0157110910254,1980.0
frcnn_r50_fpn,int8,6,2,0.2823477731864095,0.2230074133111275,613.9580619906707,129.03410547815412,2174.474602940565,1980.0
frcnn_r50_fpn,fp8,6,0,0.4130380189798339,0.3394644334204852,695.9615365260124,123.9701511741765,1684.981780236535,1942.4199288256227
frcnn_r50_fpn,fp8,6,1,0.4121791369047619,0.3376993000331016,691.9575501585326,125.0351627327252,1678.778686749534,1940.571428571429
frcnn_r50_fpn,fp8,6,2,0.4118759821428571,0.334794411402749,691.6488650458681,129.44037338855327,1679.2648637763325,1940.517857142857
yolov10s,fp32,8,0,0.4086630110062893,0.3103060164178614,517.7536366621781,124.61292132587216,1266.9451913136563,1980.0
yolov10s,fp32,8,1,0.4087720911949685,0.3084845270410412,518.1171374539073,127.11412246800052,1267.4963594977555,1980.0
yolov10s,fp32,8,2,0.4086074685534591,0.3103512580577706,517.9338173361044,124.5454821449345,1267.5583712889031,1980.0
yolov10s,fp16,8,0,0.108831718464351,0.0805692549133231,476.0800138148896,123.63302011282248,4374.460134715549,1980.0
yolov10s,fp16,8,1,0.1087649223034734,0.0801753094627207,475.86503271281975,125.08441840975028,4375.170069860131,1980.0
yolov10s,fp16,8,2,0.1087304844606947,0.0800496677716642,475.6519116721858,125.46697785926226,4374.595717396353,1980.0
yolov10s,int8,8,0,0.0637939430147058,0.0411894834122958,346.973716815606,122.94511036962236,5438.975871668899,1980.0
yolov10s,int8,8,1,0.063342637867647,0.0408238706688001,344.267950911032,122.38975359359428,5435.011273612756,1980.0
yolov10s,int8,8,2,0.062496083804809,0.0409579441218404,353.07588480044024,121.6811880448493,5649.568153793201,1980.0
yolov10s,fp8,8,0,0.0965598164498141,0.0686068450112091,415.15321272945897,120.18214537620956,4299.440781820771,1980.0
yolov10s,fp8,8,1,0.0969150789962825,0.0682221053701981,416.6685420360723,123.36015830847812,4299.315920199115,1980.0
yolov10s,fp8,8,2,0.096685095260223,0.0675209895402534,415.9580257528283,125.46963733629514,4302.193886589223,1980.0
yolov10s,fp32,6,0,0.4162265151515151,0.315382199499027,492.91336290059706,119.42418118072716,1184.24306226903,1980.0
yolov10s,fp32,6,1,0.4157009259259259,0.3131399598616308,492.28803838840633,121.45639725615736,1184.2360882210965,1980.0
yolov10s,fp32,6,2,0.4159365319865319,0.313647389360934,492.3792920181171,121.08831938033016,1183.7846742302029,1980.0
yolov10s,fp16,6,0,0.1119065858111632,0.0808853579359472,428.9212399578969,118.89973613980844,3832.850737504224,1980.0
yolov10s,fp16,6,1,0.111531572769953,0.0801898601408421,427.2895719950935,120.07350602424084,3831.10863931264,1980.0
yolov10s,fp16,6,2,0.1120607421874999,0.0806584215223374,429.6558117403077,120.40068013599918,3834.133197345845,1980.0
yolov10s,int8,6,0,0.0670249010554089,0.0409838786131883,304.7430904191176,118.40109469397687,4546.714513866852,1980.0
yolov10s,int8,6,1,0.0671163588390501,0.0411542023112518,305.07559435045494,118.01028050897912,4545.472961101007,1980.0
yolov10s,int8,6,2,0.0667317392260334,0.0409400499422446,303.4427791008703,117.28005241208812,4547.203214246379,1980.0
yolov10s,fp8,6,0,0.097810750534188,0.0666570553642222,366.1549620181727,116.62399081272176,3743.504267357499,1980.0
yolov10s,fp8,6,1,0.0978978598180845,0.0662971799311916,365.860297813428,118.09690401821946,3737.1633914497806,1980.0
yolov10s,fp8,6,2,0.0978560460139111,0.0662523984234386,365.3021376588381,117.97819851596094,3733.056387817947,1980.0
yolov10x,fp32,8,0,2.476614166666667,1.986380837091522,592.5073624996493,117.283855121824,239.2408839755281,1980.0
yolov10x,fp32,8,1,2.471849791666666,1.9630098471134496,591.3701593211845,121.73585955501188,239.24194799978028,1980.0
yolov10x,fp32,8,2,2.494862708333333,1.9726810923363511,596.7536375258835,124.90217507941097,239.19297664461004,1980.0
yolov10x,fp16,8,0,0.5791760344827587,0.4745589098705583,671.6707125300636,121.3245273414621,1159.7004581343022,1980.0
yolov10x,fp16,8,1,0.5817595258620689,0.4726214902641613,674.5680058484031,126.54889823488271,1159.5306580477693,1980.0
yolov10x,fp16,8,2,0.5816269827586207,0.4710724992121569,674.5823211867155,128.22324675284617,1159.8195083508908,1980.0
yolov10x,int8,8,0,0.2952428485576923,0.220629021274483,489.0775096357311,123.599758674364,1656.5261852232882,1980.0
yolov10x,int8,8,1,0.2955116586538461,0.2206137618258159,489.9110940594932,124.1687409049294,1657.8401552453158,1980.0
yolov10x,int8,8,2,0.2952903245192307,0.2193951236465362,489.1059187835921,125.70947596925774,1656.3560610389693,1980.0
yolov10x,fp8,8,0,0.4313979651162791,0.3426991062799041,593.3985925577267,122.00747859530227,1375.5247834740758,1980.0
yolov10x,fp8,8,1,0.4299451308139534,0.3420340366739045,591.2993138788158,120.90326397914384,1375.290174258733,1980.0
yolov10x,fp8,8,2,0.4287746026011561,0.3385691513607368,590.498285769217,124.22882325904494,1377.176451653074,1980.0
yolov10x,fp32,6,0,2.5286577083333337,2.027884812823303,601.1939860241224,119.0598680684819,237.75222088891425,1980.0
yolov10x,fp32,6,1,2.5172222916666667,1.9990663488644629,598.5575741928276,123.20968442240164,237.78494897902692,1980.0
yolov10x,fp32,6,2,2.5258525,2.002857543521859,600.6102421446064,124.36043967363264,237.78516051297788,1980.0
yolov10x,fp16,6,0,0.5963363425925926,0.4851383940350294,640.758943788595,119.48136476042394,1074.4925271582035,1980.0
yolov10x,fp16,6,1,0.5995738888888889,0.4846873056026982,643.9793174282421,123.3952726383896,1074.0616450486928,1980.0
yolov10x,fp16,6,2,0.5967397579143389,0.4832439059841574,640.7907441660282,121.87405054472376,1073.8194257504335,1980.0
yolov10x,int8,6,0,0.2999090725806451,0.2184009807630414,445.6210702797172,121.10911750577718,1485.8539171398036,1980.0
yolov10x,int8,6,1,0.2956819892473118,0.214784351515169,439.3064166787864,120.19281742643147,1485.7395196680225,1980.0
yolov10x,int8,6,2,0.2958037298387097,0.2147242166659837,439.9787067471849,120.5977333986916,1487.4008079177645,1980.0
yolov10x,fp8,6,0,0.4365532625786164,0.3435429381399447,554.6248251963755,118.16618808104,1270.4631318532322,1980.0
yolov10x,fp8,6,1,0.4358387971698113,0.341160567804266,554.2834024644409,120.40821389197367,1271.762417810825,1980.0
yolov10x,fp8,6,2,0.4370901336477987,0.3416109111349796,555.7808847037109,121.40637061772826,1271.5475411566977,1980.0
efficientnet_b0,fp32,8,0,0.0452363085729499,0.0292851418794697,339.6509424572892,119.76726155709304,7508.370005690319,1980.0
efficientnet_b0,fp32,8,1,0.0459060039370078,0.0290630754381851,326.2570281027158,119.7038148672851,7107.066617046542,1980.0
efficientnet_b0,fp32,8,2,0.0457176661036036,0.0290225838434655,324.5619320838066,118.5228515902168,7099.267301797448,1980.0
efficientnet_b0,fp16,8,0,0.0205966333443489,0.0109364957618885,249.23224000448045,116.89375094345895,12100.63003198828,1980.0
efficientnet_b0,fp16,8,1,0.0205172164351851,0.0108611396089076,248.0869173046196,116.75786238622588,12091.645964175374,1980.0
efficientnet_b0,fp16,8,2,0.0205841829147389,0.0108096492298886,248.9864298072505,118.23283223347944,12096.007446036068,1980.0
efficientnet_b0,int8,8,0,0.0126800011921793,0.0057554581692504,212.65652756789672,116.1316353155232,16771.017947463424,1980.0
efficientnet_b0,int8,8,1,0.0126692504766444,0.0057374441056509,212.62268793406565,116.3335830762966,16782.57828480323,1980.0
efficientnet_b0,int8,8,2,0.012665196020019,0.0057044068606873,212.4915364896831,116.78530528143423,16777.595558237812,1980.0
efficientnet_b0,fp8,8,0,0.0260836658354114,0.014048684363439,250.90938500172345,115.76937914685992,9619.406512296524,1980.0
efficientnet_b0,fp8,8,1,0.0258946317427385,0.0138495232274142,249.5600407979498,116.0849786304844,9637.520366279465,1980.0
efficientnet_b0,fp8,8,2,0.0259710293505412,0.0138006383662359,249.5217398159465,116.92940975328996,9607.695422774865,1980.0
efficientnet_b0,fp32,6,0,0.0496592525147415,0.0295353952035061,286.2295748357341,115.9913375768192,5763.871994463982,1980.0
efficientnet_b0,fp32,6,1,0.049748588011088,0.0294149035612492,286.9289091327708,117.27613046106669,5767.5789525688615,1980.0
efficientnet_b0,fp32,6,2,0.0498461845300034,0.0294907470974115,287.2355330788425,117.29694011954425,5762.437702848637,1980.0
efficientnet_b0,fp16,6,0,0.023081262415574,0.0114920245299203,232.2700967091016,116.62418441502864,10063.14527026811,1980.0
efficientnet_b0,fp16,6,1,0.0229991711336112,0.0113840607643528,231.59841121977252,116.9625240855444,10069.859034237616,1980.0
efficientnet_b0,fp16,6,2,0.0230561157517899,0.0113483241030087,231.75711406537823,117.68521783161285,10051.871553749708,1980.0
efficientnet_b0,int8,6,0,0.014697259608195,0.0059559614768422,196.5462261382768,116.89724513738436,13372.984582015895,1980.0
efficientnet_b0,int8,6,1,0.0147100112107623,0.0059285001129612,196.7672852359588,117.46517893334902,13376.419801230157,1980.0
efficientnet_b0,int8,6,2,0.0147192836847614,0.0059530030055126,196.81355038237737,117.2151349944831,13371.136435540931,1980.0
efficientnet_b0,fp8,6,0,0.0304547544816835,0.0152381704438478,234.3671149756046,117.10049748968576,7695.583791902192,1980.0
efficientnet_b0,fp8,6,1,0.0304477786438035,0.0151486911389426,234.3014384639055,117.72938352938222,7695.189892336796,1980.0
efficientnet_b0,fp8,6,2,0.0303202585087035,0.0151559200844204,233.26346666315328,116.66411582494077,7693.320510318011,1980.0
densenet121,fp32,8,0,0.1528692468619246,0.0918605747719481,291.690368269246,116.4108700399133,1908.1036523500895,1980.0
densenet121,fp32,8,1,0.1521419456066945,0.0909106567794884,290.5694739591522,116.943051526083,1909.8577502769,1980.0
densenet121,fp32,8,2,0.1522817468619247,0.0909248154567631,291.0950329227944,117.28718861901156,1911.555645514975,1980.0
densenet121,fp16,8,0,0.0707704504773269,0.0361131379898309,237.03835717765796,116.08110957073376,3349.3973201936724,1980.0
densenet121,fp16,8,1,0.0705479017857143,0.0360265647478725,236.6179824011309,115.78472091905095,3354.004533258071,1980.0
densenet121,fp16,8,2,0.0702993585918854,0.0357729284529577,235.5504603977651,115.6869234373704,3350.677233987657,1980.0
densenet121,int8,8,0,0.0408157979704797,0.0141369058705993,176.8192885849378,115.5763933550194,4332.128670198327,1980.0
densenet121,int8,8,1,0.040619995429616,0.0141147650060405,177.59837055635086,115.88592476836028,4372.190805980831,1980.0
densenet121,int8,8,2,0.0405442860401459,0.0140154112585157,177.61050041337288,116.21382901411889,4380.654285970339,1980.0
densenet121,fp8,8,0,0.040944109987745,0.0232612630602821,266.9922193119992,115.30797827406178,6520.894443472141,1980.0
densenet121,fp8,8,1,0.0408355674846625,0.0230225354166656,266.1839859060422,116.11308888293117,6518.434842518553,1980.0
densenet121,fp8,8,2,0.040959375,0.0232298021727006,267.06856248567607,115.60263135050116,6520.328068621068,1980.0
densenet121,fp32,6,0,0.168677414021164,0.0919913982613439,254.29299351969155,115.60952971579302,1507.5699078940424,1980.0
densenet121,fp32,6,1,0.1679190476190476,0.0911626983149575,253.42428646313397,115.8410753855276,1509.205120303381,1980.0
densenet121,fp32,6,2,0.1687416005291005,0.0915857281821743,254.80139443102624,116.50608860468084,1510.0093493962336,1980.0
densenet121,fp16,6,0,0.0789249440715883,0.035628825943051,211.23343333232688,115.87702455585516,2676.38369361059,1980.0
densenet121,fp16,6,1,0.0787526845637583,0.0355278804684324,210.9825768029188,115.80151966057618,2679.0525043258262,1980.0
densenet121,fp16,6,2,0.0790838180462341,0.0358105644203439,211.87296524506797,115.9331047491811,2679.0937827660564,1980.0
densenet121,int8,6,0,0.0475002986348122,0.0146792594276951,166.87782153470528,115.30671765871324,3513.1952078381864,1980.0
densenet121,int8,6,1,0.0465042012161415,0.0145913282614793,168.1636340742475,115.39999719300702,3616.09552850202,1980.0
densenet121,int8,6,2,0.046101688453159,0.014613069712383,169.1803512558525,115.55445706807008,3669.721368833286,1980.0
densenet121,fp8,6,0,0.045300254813137,0.0235305846053808,239.84335241399236,115.26007315219525,5294.52545914682,1980.0
densenet121,fp8,6,1,0.0454447418375094,0.0233375452035252,239.24873322582891,116.38571539841952,5264.607599296695,1980.0
densenet121,fp8,6,2,0.0456377283105022,0.0234736171963841,239.7176150277314,116.4196390174696,5252.619354687882,1980.0
densenet121,int8bnfp16,8,0,0.06262729619565217,0.03130396647366035,230.01643460569412,115.0437758022087,3672.7824539495728,1980.0
densenet121,int8bnfp16,8,1,0.06657169117647059,0.03106675100657817,216.7730547809485,115.61242030099847,3256.2347591008142,1980.0
densenet121,int8bnfp16,8,2,0.06630142463235295,0.030844409205521738,216.01835681332562,115.52340319202271,3258.12541753312,1980.0
densenet121,int8bnfp16,6,0,0.07677228593272171,0.03261596810984836,200.5021707044549,115.32074975024842,2611.64778759046,1980.0
densenet121,int8bnfp16,6,1,0.07647754204892966,0.03230662575658976,199.7353121151353,115.3605557356625,2611.685819967205,1980.0
densenet121,int8bnfp16,6,2,0.0767042240061162,0.0321841128940624,200.5439352016832,116.39826090041063,2614.509667494874,1980.0
