model,family,format,fp32_top1,sqnr_head_db,gamma_bar,rel_loss,rel_loss_lo,rel_loss_hi,rel_loss_predicted,in_range,within_ci,factor
mobilenet_v2,depthwise,int8,0.5915,17.122888390838156,1.605563186510784,0.0016906170752324,-0.0095157768989949,0.0132576622491475,0.0141204914533237,True,False,8.352270694641264
mobilenet_v2,depthwise,fp8,0.5915,6.841749534738737,3.2794314961971907,0.1031276415891801,0.0776702464865176,0.1262731765219719,0.0982498954549633,True,True,1.0496463239134204
resnet50,residual,int8,0.694,16.868466327605237,0.2106070518701052,0.0108069164265129,0.0,0.02029022290885,0.0148148851389421,True,True,1.3708707048567845
resnet50,residual,fp8,0.694,11.997453852892823,0.8845327684830138,0.0280979827089336,0.0133052882253873,0.0428303872182988,0.0371407555533699,True,True,1.3218299668737856
resnet18,residual,int8,0.551,26.199680790828225,0.1590466392883263,-0.0090744101633393,-0.0225999360409338,0.0036102715088685,0.0025471647587552,False,True,25.471647587552
resnet18,residual,fp8,0.551,21.18781533267465,0.2710181784319636,-0.0036297640653357,-0.021713909959841,0.0144410860354743,0.0065577008868704,True,True,65.577008868704
resnet34,residual,int8,0.59,26.20184377145931,0.0870989997460899,-0.011864406779661,-0.0268006700167504,0.0033003300330033,0.0025461254219899,False,True,25.461254219898997
resnet34,residual,fp8,0.59,21.81557013386233,0.1310660398143059,0.0186440677966101,0.0,0.0366573540410927,0.0058251965100692,False,True,3.200590360236383
resnet101,residual,int8,0.68,19.35978541932142,0.0907308574136956,0.0029411764705882,-0.0116308950585664,0.016957700385874,0.009258668017819,True,True,3.1479471260584972
resnet101,residual,fp8,0.68,13.55560067011938,0.3122690126434703,0.0044117647058823,-0.0158279082785644,0.0236345520176903,0.0276802015460501,True,False,6.274179017104764
resnext50_32x4d,residual,int8,0.683,18.264035090087045,0.3650326045727393,0.0029282576866764,-0.0106060606060606,0.0180248846407383,0.0113851608807206,True,True,3.8880324407661218
resnext50_32x4d,residual,fp8,0.683,11.640322293051376,0.9704448514893996,0.0161054172767203,-0.0030260634849104,0.0360362210762254,0.0397297364488109,True,False,2.4668554540489027
regnet_y_800mf,residual,int8,0.647,16.043721154166363,0.3067126906602717,0.0077279752704791,-0.0107066776493311,0.0236976198332233,0.0173093826830394,True,True,2.2398341191853084
regnet_y_800mf,residual,fp8,0.647,12.725322472524454,0.6978711265835568,0.0278207109737249,0.0076914241960183,0.0493850297073685,0.0323747139246424,True,True,1.1636911060690898
googlenet,inception,int8,0.564,22.076253738910147,0.1552573112694886,0.00709219858156,-0.0092250922509225,0.02393470790378,0.0055456059323109,False,True,1.27888614303408
googlenet,inception,fp8,0.564,16.08605953160798,0.315298397173851,0.0265957446808508,0.0034305317324185,0.0498220640569395,0.0171716561901602,True,True,1.5488165140466092
mobilenet_v3_large,depthwise,int8,0.61,6.391155457446123,3.19803445571436,0.0360655737704918,0.0064935018555923,0.0659163987138264,0.1069684693693212,True,False,2.965943923422088
mobilenet_v3_large,depthwise,fp8,0.61,7.4486917255383425,2.693496685686928,0.0508196721311475,0.0182960775756253,0.0831981419855794,0.0876186489042011,True,False,1.7241088977923456
mnasnet1_0,depthwise,int8,0.599,16.28790432760238,0.8834451658019188,0.0267111853088481,0.0033548685589422,0.0500834724540902,0.0165299722075043,True,True,1.6159243931893437
mnasnet1_0,depthwise,fp8,0.599,10.626284338740298,1.3414182123531473,0.063439065108514,0.0344206658567039,0.0912138128256355,0.0481072429655644,True,True,1.3187009106700265
shufflenet_v2_x1_0,depthwise,int8,0.555,18.492470472505104,0.5227772698077539,0.0252252252252252,0.0035454749775245,0.0481560335200602,0.01090486164295,True,True,2.313209103531664
shufflenet_v2_x1_0,depthwise,fp8,0.555,12.582967422818308,0.8127579174826954,0.0504504504504504,0.019927536231884,0.0805697911023194,0.0332560868731446,True,True,1.5170290672770288
efficientnet_b1,depthwise,int8,0.662,-4.871376514599392,5.078910243232264,0.9909365558912386,0.9822215628091,0.9970326409495548,0.8956901262036456,False,False,1.1063385951247358
efficientnet_b1,depthwise,fp8,0.662,6.350800082861507,2.132525344310016,0.0604229607250755,0.0339200753095986,0.0877988718364359,0.1077860807057261,True,False,1.7838596356797678
densenet169,dense,int8,0.614,11.165020057103668,0.4388506112214645,0.017915309446254,-0.0065708857948798,0.0436819365978523,0.0434574325888558,True,True,2.4257148735961427
densenet169,dense,fp8,0.614,15.891763061881942,0.1111409267481089,0.004885993485342,-0.0152310206764154,0.0257869171474868,0.0178128619498323,True,True,3.645699079065692
efficientnet_b0,depthwise,int8,0.6575,0.9873289334468762,6.8560630379574246,0.3680608365019011,0.3386724033308719,0.3961904357701494,0.2965305083556245,True,False,1.2412241780548643
efficientnet_b0,depthwise,fp8,0.6575,7.5519554298595075,2.254453156319119,0.070722433460076,0.0503446790820919,0.090441876509141,0.0859279922446985,True,True,1.2150033312019204
densenet121,dense,int8,0.6105,14.152060509535062,0.3232462584900578,0.0253890253890255,0.0084238327018681,0.0413994749143364,0.0247339041579679,True,True,1.0264867700171207
densenet121,dense,fp8,0.6105,16.97353483534414,0.1213768028979408,0.0057330057330058,-0.0090250929317705,0.0192385993485342,0.0145240758224897,True,True,2.5334137970371025
