model,variant,head_sqnr_db,consistency,score_fidelity_exploratory,accuracy
densenet121,default,6.561464309692383,0.78515625,,0.5738888888888889
densenet121,bn_fp16,17.513538360595703,0.953125,,0.6161111111111112
densenet121,calib_max,3.5726916790008545,0.6015625,,0.4825555555555555
densenet121,bn_fp16_calib_max,16.528553009033203,0.95703125,,0.6182222222222222
frcnn_r50_fpn,default,22.048674964904784,0.8692952111382898,0.9740727935137787,0.3670599148308755
frcnn_r50_fpn,calib_max,18.099699211120605,0.8260128986945219,0.9652127150048884,0.36616089989927
yolov10s,default,11.668302218119305,0.9605141741057492,0.91912785050071,0.4378737205339468
yolov10s,calib_max,7.663886388142903,0.944971159744599,0.9280686486795453,0.4450020984596994
yolov10x,default,4.124609510103862,0.9095345403319783,0.9413398167698882,0.4779360300235053
yolov10x,calib_max,2.2350531220436096,0.9087405732773608,0.679357962774676,0.4968094008843617
