model,precision,class,n_matched,match_rate_all,shift_rel_median_pct,shift_rel_p95_pct,dz_rel_median_pct,dz_rel_p95_pct,dz_rel_p99_pct,share_dz_gt_5pct,dz_cm_p95_at_20m,dz_cm_p95_at_40m
frcnn_r50_fpn,fp16,person,14046,0.9973133798126027,0.009849294130722882,0.07792549136826611,0.010147757589229636,0.08028686989457723,0.6611669009097793,0.0025630072618539087,1.6057373978915446,3.211474795783089
frcnn_r50_fpn,fp16,car,2433,0.9973133798126027,0.01169765416370689,0.08076152375964969,0.010634231057915356,0.07341956705422699,0.757948375974976,0.002055076037813399,1.4683913410845397,2.9367826821690795
frcnn_r50_fpn,int8,person,13557,0.9449575913672899,0.38025316037072865,5.016302831673619,0.39177598341226594,5.168312008391002,14.21770338548731,0.05192889282289592,103.36624016782004,206.73248033564008
frcnn_r50_fpn,int8,car,2317,0.9449575913672899,0.5152917601030583,5.674024646762564,0.468447054639144,5.158204224329604,14.157991939673623,0.053517479499352615,103.16408448659209,206.32816897318418
frcnn_r50_fpn,fp8,person,13348,0.9265287090901017,0.5023341844185051,5.897384896227417,0.5175564324311871,6.076093529446431,16.87325278929886,0.06390470482469283,121.52187058892862,243.04374117785724
frcnn_r50_fpn,fp8,car,2272,0.9265287090901017,0.6885889340393515,6.268645499552278,0.6259899400357741,5.698768635956617,14.251222471223914,0.056338028169014086,113.97537271913235,227.9507454382647
yolov10s,fp16,person,6508,0.9982624748873323,0.04616574324215933,0.22112500834575274,0.0475647051585884,0.2278257661744119,0.43141239412689036,0.0,4.556515323488238,9.113030646976476
yolov10s,fp16,car,914,0.9982624748873323,0.11913857248485948,0.5922548715624297,0.10830779316805408,0.5384135196022088,0.8371199772869109,0.0,10.768270392044176,21.536540784088352
yolov10s,int8,person,6084,0.8695227235706141,0.16889864553596676,1.148416927248003,0.17401678630978393,1.183217440194912,3.406459771554446,0.0060815253122945435,23.664348803898243,47.328697607796485
yolov10s,int8,car,845,0.8695227235706141,0.3139996749954232,1.3710569714035974,0.2854542499958393,1.2464154285487252,2.200148798090032,0.001183431952662722,24.928308570974504,49.85661714194901
yolov10s,fp8,person,6219,0.9297388282565021,0.22551194849598077,1.2701860608821918,0.2323456439049499,1.3086765475755915,2.5599434994632495,0.003859141341051616,26.17353095151183,52.34706190302366
yolov10s,fp8,car,851,0.9297388282565021,0.5090584917371725,1.8329136011648601,0.46278044703379323,1.666285091968055,2.610563771413606,0.0011750881316098707,33.3257018393611,66.6514036787222
yolov10x,fp16,person,7624,0.9985926363099832,0.04842545962524307,0.2713416285049278,0.04989289779570498,0.2795641020959862,0.52812761707696,0.0,5.591282041919724,11.182564083839448
yolov10x,fp16,car,1205,0.9985926363099832,0.13896533729832514,0.6787088808652667,0.1263321248166592,0.6170080735138788,0.9392503191160231,0.0,12.340161470277575,24.68032294055515
yolov10x,int8,person,7273,0.9145594043673673,0.22279298670800554,1.7444083829352581,0.22954428933552085,1.7972692430242057,4.637774372728672,0.008937164856317887,35.94538486048411,71.89076972096822
yolov10x,int8,car,1087,0.9145594043673673,0.36491029069878794,1.9285115584339696,0.331736627907989,1.7531923258490636,2.9988282057561957,0.0009199632014719411,35.06384651698127,70.12769303396254
yolov10x,fp8,person,7405,0.9563717256094793,0.16131430246925174,0.8118735706563512,0.16620261466528968,0.8364758000701802,1.6798071138752677,0.0012153950033760973,16.729516001403603,33.459032002807206
yolov10x,fp8,car,1154,0.9563717256094793,0.34536841918410105,1.5325086666476657,0.3139712901673646,1.3931896969524231,2.260968953296052,0.0,27.863793939048463,55.72758787809693
