model,precision,layers,kernels,reformats,pointwise_separate,conv_layers,activation_mb,weight_mb,traffic_mb,conv_on_int8,conv_on_fp8,conv_on_fp16,conv_on_other,traffic_vs_fp32
densenet121,fp16,783,725,536,1,121,162.98784,16.08008,179.06792000000002,0,0,121,0,0.6190785984431522
densenet121,fp32,733,733,545,0,121,257.088928,32.16016,289.24908800000003,0,0,0,121,1.0
densenet121,fp8,194,194,2,66,121,64.68896,9.280336,73.969296,0,119,2,0,0.25572870950590515
densenet121,int8,746,744,556,1,121,66.988608,9.271312,76.25992,120,0,1,0,0.2636479185718296
densenet121,int8fp32,750,750,563,0,121,73.300512,11.600736,84.901248,120,0,0,1,0.2935229583161209
efficientnet_b0,fp16,215,134,1,34,82,83.385104,10.53508,93.920184,0,0,82,0,0.4372166988446106
efficientnet_b0,fp32,257,165,1,65,82,193.743648,21.07016,214.813808,0,0,0,82,1.0
efficientnet_b0,fp8,190,190,0,94,82,61.894624,6.899976,68.7946,0,50,32,0,0.3202522251269807
efficientnet_b0,int8,124,120,3,18,82,22.27324,6.760976,29.034216,81,0,1,0,0.13515991485984924
efficientnet_b0,int8fp32,121,119,3,17,82,22.220216,9.353324,31.57354,81,0,0,1,0.14698096129835378
frcnn_r50_fpn,fp16,72,72,4,2,61,1354.795008,53.651712,1408.4467200000001,0,0,61,0,0.45017165737779796
frcnn_r50_fpn,fp32,90,89,23,0,61,3021.384704,107.303424,3128.6881280000002,0,0,0,61,1.0
frcnn_r50_fpn,fp8,125,90,3,24,61,1201.387008,27.035136,1228.422144,0,60,1,0,0.39263170176864615
frcnn_r50_fpn,int8,76,75,4,6,61,771.844608,27.026112,798.87072,61,0,0,0,0.255337281095727
frcnn_r50_fpn,int8fp32,69,69,1,3,61,691.976704,27.05472,719.031424,61,0,0,0,0.22981882328413397
yolov10s,fp16,214,168,42,31,88,373.9164,14.498328,388.414728,0,0,88,0,0.4143106094045864
yolov10s,fp32,265,214,37,82,88,908.5004,28.996056,937.496456,0,0,0,88,1.0
yolov10s,fp8,217,187,0,96,88,281.961,7.431736,289.392736,0,70,18,0,0.30868675198490564
yolov10s,int8,181,173,57,21,87,168.4666,7.37628,175.84288,86,0,1,0,0.18756644771785677
yolov10s,int8fp32,168,163,47,21,88,190.83,7.39444,198.22444000000002,86,0,0,2,0.21144020196701419
yolov10x,fp16,456,326,60,83,176,1584.7852,58.947544,1643.7327440000001,0,0,176,0,0.39509724663610324
yolov10x,fp32,587,421,68,170,176,4042.43,117.894472,4160.324472,0,0,0,176,1.0
yolov10x,fp8,363,363,0,184,176,1103.1082,30.023096,1133.1312959999998,0,110,66,0,0.2723660867382461
yolov10x,int8,308,303,81,39,175,559.2778,29.937896,589.215696,174,0,1,0,0.14162734180123823
yolov10x,int8fp32,298,293,71,39,176,585.8796,30.0042,615.8838,174,0,0,2,0.14803744374869035
