model,quantity,predicted_db,measured_db,difference_db
yolov10s,"INT8 noise of one quantizer, median SQNR",29.429081373309224,27.989982391265503,1.4390989820437206
yolov10x,"INT8 noise of one quantizer, median SQNR",27.204721963534173,26.65301259059865,0.5517093729355231
yolov10s,"FP8 noise of one quantizer, median SQNR",31.52967460208544,31.52123507503027,0.00843952705517026
yolov10x,"FP8 noise of one quantizer, median SQNR",31.52967460208544,31.539480148723854,-0.009805546638414597
yolov10s,Head-input SQNR from FP32 statistics ($\Gamma=1$),6.039667012616876,11.606735865275065,-5.567068852658188
yolov10x,Head-input SQNR from FP32 statistics ($\Gamma=1$),2.6081290905739167,4.251084208488464,-1.6429551179145476
yolov10s,Plateau of the layer SQNR (chain fit),13.655186271816808,13.525038068190252,0.13014820362655577
yolov10x,Plateau of the layer SQNR (chain fit),5.710691773369892,5.953351345022702,-0.24265957165280927
yolov10s,"INT8 injected SQNR change, contrast severity 5",-1.2494916699872924,-1.2346601022213761,-0.01483156776591632
yolov10x,"INT8 injected SQNR change, contrast severity 5",-0.45172781229984493,-0.7647025141148021,0.3129747018149571
yolov10s,"FP8 injected SQNR change, contrast severity 5",0.0,-0.009669251900639608,0.009669251900639608
yolov10x,"FP8 injected SQNR change, contrast severity 5",0.0,0.0011744580576671382,-0.0011744580576671382
yolov10s,"INT8 layer SQNR change (cumulative), severity 5",-1.2494916699872924,-5.708418607711792,4.4589269377245
yolov10x,"INT8 layer SQNR change (cumulative), severity 5",-0.45172781229984493,-3.384466588497162,2.9327387761973167
