model,op,ratio
frcnn_r50_fpn,Relu,1.0869184523270796
frcnn_r50_fpn,MaxPool,1.4124900071830417
frcnn_r50_fpn,Conv,1.3518733993472738
frcnn_r50_fpn,Relu,1.0766225354201446
frcnn_r50_fpn,Conv,0.9964228514545008
frcnn_r50_fpn,Relu,0.9593520766075315
frcnn_r50_fpn,Conv,1.3746411912036667
frcnn_r50_fpn,Conv,1.4822947625606935
frcnn_r50_fpn,Add,1.6902393326253295
frcnn_r50_fpn,Relu,1.0630185631001572
frcnn_r50_fpn,Conv,1.0746258400541289
frcnn_r50_fpn,Relu,1.1395349943068076
frcnn_r50_fpn,Conv,1.3772915627641444
frcnn_r50_fpn,Relu,1.0667788232520694
frcnn_r50_fpn,Conv,1.2571507909761566
frcnn_r50_fpn,Add,0.6718454268261977
frcnn_r50_fpn,Relu,0.9377602102936036
frcnn_r50_fpn,Conv,1.4889704084573991
frcnn_r50_fpn,Relu,1.0295567217866757
frcnn_r50_fpn,Conv,1.3327434022364577
frcnn_r50_fpn,Relu,1.095354726871589
frcnn_r50_fpn,Conv,1.061968047753131
frcnn_r50_fpn,Add,0.6156709193907991
frcnn_r50_fpn,Relu,0.9127410356091825
frcnn_r50_fpn,Conv,1.5789999738975662
frcnn_r50_fpn,Relu,0.8870172359885247
frcnn_r50_fpn,Conv,0.8829421326787972
frcnn_r50_fpn,Relu,0.9013778779347116
frcnn_r50_fpn,Conv,1.122325366799025
frcnn_r50_fpn,Conv,0.5455906028177595
frcnn_r50_fpn,Add,0.8412170156628268
frcnn_r50_fpn,Relu,0.8665063011256383
frcnn_r50_fpn,Conv,0.730998513721764
frcnn_r50_fpn,Relu,0.9009904986665306
frcnn_r50_fpn,Conv,0.9306172733801933
frcnn_r50_fpn,Relu,1.100314457298294
frcnn_r50_fpn,Conv,1.277166349506206
frcnn_r50_fpn,Add,1.0583419775930358
frcnn_r50_fpn,Relu,0.9887440073638738
frcnn_r50_fpn,Conv,1.0142350661012416
frcnn_r50_fpn,Relu,0.9951342149178845
frcnn_r50_fpn,Conv,1.1104019197171597
frcnn_r50_fpn,Relu,1.0369157511179181
frcnn_r50_fpn,Conv,1.0477720546013156
frcnn_r50_fpn,Add,1.0589538980226068
frcnn_r50_fpn,Relu,0.9155995318911823
frcnn_r50_fpn,Conv,0.9514096300619241
frcnn_r50_fpn,Relu,1.093701680652583
frcnn_r50_fpn,Conv,0.9124885511559433
frcnn_r50_fpn,Relu,1.127942641136661
frcnn_r50_fpn,Conv,0.8187237147306332
frcnn_r50_fpn,Add,1.1335557563706833
frcnn_r50_fpn,Relu,0.9683737431360789
frcnn_r50_fpn,Conv,0.8624867951856869
frcnn_r50_fpn,Relu,1.2559484495546482
frcnn_r50_fpn,Conv,0.7500393009243547
frcnn_r50_fpn,Relu,1.014084523381504
frcnn_r50_fpn,Conv,1.065439960423447
frcnn_r50_fpn,Conv,0.7609761334730548
frcnn_r50_fpn,Add,0.9481684118742748
frcnn_r50_fpn,Relu,0.9346948302818305
frcnn_r50_fpn,Conv,0.9274578074677553
frcnn_r50_fpn,Relu,1.0137083118044206
frcnn_r50_fpn,Conv,0.810256998940156
frcnn_r50_fpn,Relu,1.2926079632655878
frcnn_r50_fpn,Conv,0.709366305139684
frcnn_r50_fpn,Add,1.0749024415856783
frcnn_r50_fpn,Relu,0.9908445560085949
frcnn_r50_fpn,Conv,0.8185513554367503
frcnn_r50_fpn,Relu,1.1263709031769709
frcnn_r50_fpn,Conv,0.8315738413020335
frcnn_r50_fpn,Relu,1.2792417571719934
frcnn_r50_fpn,Conv,0.8022296481561615
frcnn_r50_fpn,Add,1.0826742009454384
frcnn_r50_fpn,Relu,0.9736375281471481
frcnn_r50_fpn,Conv,0.732583476462634
frcnn_r50_fpn,Relu,1.2710461413004177
frcnn_r50_fpn,Conv,0.7700593200999309
frcnn_r50_fpn,Relu,1.2716679268259519
frcnn_r50_fpn,Conv,0.7993917527494575
frcnn_r50_fpn,Add,1.0258339994366406
frcnn_r50_fpn,Relu,0.9907487073393091
frcnn_r50_fpn,Conv,0.6815411551223407
frcnn_r50_fpn,Relu,1.3225771984464298
frcnn_r50_fpn,Conv,0.7271385496184125
frcnn_r50_fpn,Relu,1.3340031953963476
frcnn_r50_fpn,Conv,0.8105248013357443
frcnn_r50_fpn,Add,1.014692760020702
frcnn_r50_fpn,Relu,1.0130759937446245
frcnn_r50_fpn,Conv,0.6699366040916013
frcnn_r50_fpn,Relu,1.3693909137989388
frcnn_r50_fpn,Conv,0.7529791900254549
frcnn_r50_fpn,Relu,1.2118484088050412
frcnn_r50_fpn,Conv,0.662245273177982
frcnn_r50_fpn,Add,0.9233478514022049
frcnn_r50_fpn,Relu,1.1732426067716424
frcnn_r50_fpn,Conv,0.5940961536434106
frcnn_r50_fpn,Relu,1.6456469329262053
frcnn_r50_fpn,Conv,0.6773518338613898
frcnn_r50_fpn,Relu,1.1917568304662138
frcnn_r50_fpn,Conv,0.7388867999790585
frcnn_r50_fpn,Conv,0.7201736060211688
frcnn_r50_fpn,Add,0.8556928675385733
frcnn_r50_fpn,Relu,1.4445436815751815
frcnn_r50_fpn,Conv,0.6559001003926462
frcnn_r50_fpn,Relu,1.2917502869735769
frcnn_r50_fpn,Conv,0.660218059379287
frcnn_r50_fpn,Relu,1.3263810279076726
frcnn_r50_fpn,Conv,0.6397366860025462
frcnn_r50_fpn,Add,0.7341489550042646
frcnn_r50_fpn,Relu,1.3556535666159204
frcnn_r50_fpn,Conv,0.6076630644556338
frcnn_r50_fpn,Relu,1.4722679567061943
frcnn_r50_fpn,Conv,0.6882234070409277
frcnn_r50_fpn,Relu,1.154660554421334
frcnn_r50_fpn,Conv,0.8114323683731111
frcnn_r50_fpn,Add,0.7366922830390182
frcnn_r50_fpn,Relu,1.2121862928919729
frcnn_r50_fpn,Conv,0.7845180181180904
frcnn_r50_fpn,Conv,0.8109600975192623
frcnn_r50_fpn,Conv,0.6229945286452117
frcnn_r50_fpn,Resize,1.0135340016940504
frcnn_r50_fpn,Add,0.969790960020608
frcnn_r50_fpn,Conv,0.8940647045851715
frcnn_r50_fpn,Conv,0.679335996846304
frcnn_r50_fpn,Resize,1.0125534042466184
frcnn_r50_fpn,Add,0.9099778209727369
frcnn_r50_fpn,Conv,0.8243510961142411
frcnn_r50_fpn,Conv,0.3357612461884925
frcnn_r50_fpn,Resize,1.0115952677334699
frcnn_r50_fpn,Add,0.9522877032953732
frcnn_r50_fpn,Conv,0.8318517013459628
frcnn_r50_fpn,MaxPool,0.9852859333938928
yolov10s,Sigmoid,0.8722138018341147
yolov10s,Mul,0.9975039525602682
yolov10s,Conv,2.9641567545268703
yolov10s,Sigmoid,0.6085580894876823
yolov10s,Mul,1.1276230408212926
yolov10s,Conv,1.284483722307237
yolov10s,Sigmoid,0.5330472065594962
yolov10s,Mul,1.093430698849938
yolov10s,Split,1.2156602813877297
yolov10s,Split,0.7101940352846392
yolov10s,Conv,1.7378007114609222
yolov10s,Sigmoid,0.42571688226302884
yolov10s,Mul,1.0825402141077642
yolov10s,Conv,1.2944230215647627
yolov10s,Sigmoid,0.5313168812159496
yolov10s,Mul,0.9228243077699825
yolov10s,Add,0.7189033051778652
yolov10s,Concat,0.9115968651344502
yolov10s,Conv,1.2594500058826568
yolov10s,Sigmoid,0.45856291401324223
yolov10s,Mul,0.9789284211903648
yolov10s,Conv,1.050139761731061
yolov10s,Sigmoid,0.42029450518478634
yolov10s,Mul,0.9554460578557437
yolov10s,Conv,0.9476664328333462
yolov10s,Sigmoid,0.32158530831624044
yolov10s,Mul,1.0526749089771763
yolov10s,Split,1.1613684813968597
yolov10s,Split,0.7092924371726667
yolov10s,Conv,1.444930362456466
yolov10s,Sigmoid,0.487554360909518
yolov10s,Mul,1.2085020511132094
yolov10s,Conv,0.7592888029262033
yolov10s,Sigmoid,0.3914203876546122
yolov10s,Mul,1.0229791031495026
yolov10s,Add,0.7993441342031211
yolov10s,Conv,1.0617991635281134
yolov10s,Sigmoid,0.6215078580148683
yolov10s,Mul,1.3282049233700537
yolov10s,Conv,0.9747881892515811
yolov10s,Sigmoid,0.36937259705597386
yolov10s,Mul,1.0105359376130505
yolov10s,Add,0.7820786545306784
yolov10s,Concat,0.7558662332509778
yolov10s,Conv,1.3547518750277638
yolov10s,Sigmoid,0.3750598137150135
yolov10s,Mul,1.023755951406647
yolov10s,Conv,0.7370204903505906
yolov10s,Sigmoid,0.6240623795010041
yolov10s,Mul,1.3358582286830516
yolov10s,Conv,1.1663145062642686
yolov10s,Conv,0.9218069432143692
yolov10s,Sigmoid,0.37408964327150485
yolov10s,Mul,0.9712083138213363
yolov10s,Split,1.091952338653848
yolov10s,Split,0.7556936948293091
yolov10s,Conv,0.8837018774088481
yolov10s,Sigmoid,0.6912315195428002
yolov10s,Mul,1.3730899780226482
yolov10s,Conv,0.8381615092964183
yolov10s,Sigmoid,0.43175479860074323
yolov10s,Mul,1.2459089539735126
yolov10s,Add,0.9730054847011103
yolov10s,Conv,0.7065315420538029
yolov10s,Sigmoid,0.7469686963112836
yolov10s,Mul,1.4490906038427778
yolov10s,Conv,1.010898318041001
yolov10s,Sigmoid,0.4318386139081516
yolov10s,Mul,1.028308327868202
yolov10s,Add,0.9696610510131589
yolov10s,Concat,0.899587461809176
yolov10s,Conv,0.8940604865624326
yolov10s,Sigmoid,0.5148549990712175
yolov10s,Mul,1.226622801348285
yolov10s,Conv,0.7639804119906454
yolov10s,Sigmoid,0.5585801356076744
yolov10s,Mul,1.3469908319024224
yolov10s,Conv,1.0403081508780394
yolov10s,Conv,0.9314535868053384
yolov10s,Sigmoid,0.3936389977211605
yolov10s,Mul,1.0709005982049
yolov10s,Split,1.0355719044481944
yolov10s,Split,0.8898580091266888
yolov10s,Conv,1.0822585890926042
yolov10s,Sigmoid,0.28854186498293666
yolov10s,Mul,1.0637889586842522
yolov10s,Conv,0.9509909696676447
yolov10s,Sigmoid,0.3195462048043973
yolov10s,Mul,0.9987750222553006
yolov10s,Conv,0.9082914031674304
yolov10s,Sigmoid,0.41884354455584044
yolov10s,Mul,1.103468784531569
yolov10s,Conv,0.922248270135234
yolov10s,Sigmoid,0.35773640564705644
yolov10s,Mul,0.9750975566838186
yolov10s,Conv,1.0281374757111248
yolov10s,Sigmoid,0.34366071758413697
yolov10s,Mul,1.0069615413344355
yolov10s,Add,1.0584622271185782
yolov10s,Concat,0.9663768600997777
yolov10s,Conv,0.9644435850484899
yolov10s,Sigmoid,0.47808885013372876
yolov10s,Mul,1.2126963021781167
yolov10s,Conv,1.0044177042541853
yolov10s,Sigmoid,0.38736768293808543
yolov10s,Mul,0.855859927617443
yolov10s,MaxPool,0.45244391156129615
yolov10s,MaxPool,0.6784106202605683
yolov10s,MaxPool,0.838161420202696
yolov10s,Concat,0.3840160003454798
yolov10s,Conv,2.205202995313739
yolov10s,Sigmoid,0.5734758918404319
yolov10s,Mul,1.2657063560937225
yolov10s,Conv,0.9202580727455865
yolov10s,Sigmoid,0.49662333839184125
yolov10s,Mul,1.1008492797307803
yolov10s,Split,1.036041299069485
yolov10s,Split,0.9793234043770298
yolov10s,Conv,1.0156570435446461
yolov10s,Split,0.8581650075809724
yolov10s,Split,0.9667638234410516
yolov10s,Split,1.0741465006954192
yolov10s,Mul,1.0
yolov10s,Conv,0.949322297756042
yolov10s,Add,1.2198245273679411
yolov10s,Conv,1.0231671025466142
yolov10s,Add,0.8461026493951196
yolov10s,Conv,0.9600525103343327
yolov10s,Sigmoid,0.4069065000549532
yolov10s,Mul,1.2266564436112057
yolov10s,Conv,1.0314807005720124
yolov10s,Add,0.899754456967562
yolov10s,Concat,0.9585404240462949
yolov10s,Conv,0.7600331930218547
yolov10s,Sigmoid,0.5709499249309384
yolov10s,Mul,1.4214032261522693
yolov10s,Resize,1.0088182949231959
yolov10s,Concat,0.8897086419234587
yolov10s,Conv,0.7433184726495495
yolov10s,Sigmoid,0.541542032170379
yolov10s,Mul,1.2622955664098572
yolov10s,Split,1.178523010972523
yolov10s,Split,0.8075112897465982
yolov10s,Conv,0.9545636806601836
yolov10s,Sigmoid,0.593396317247898
yolov10s,Mul,1.444044937305755
yolov10s,Conv,0.8845036669076924
yolov10s,Sigmoid,0.47630947969315385
yolov10s,Mul,1.1894081185842915
yolov10s,Concat,0.8596877311256319
yolov10s,Conv,0.9191928995406904
yolov10s,Sigmoid,0.4397579610538263
yolov10s,Mul,1.1967696425567138
yolov10s,Resize,1.0143107447119957
yolov10s,Concat,0.84784865331862
yolov10s,Conv,0.651516104812791
yolov10s,Sigmoid,0.3874236206329037
yolov10s,Mul,0.9701890772597936
yolov10s,Split,1.514203798882547
yolov10s,Split,0.6724406928938688
yolov10s,Conv,1.4041102545086623
yolov10s,Sigmoid,0.5520302005482391
yolov10s,Mul,1.2519385659281053
yolov10s,Conv,1.0771497717256175
yolov10s,Sigmoid,0.3854414502228365
yolov10s,Mul,1.0808275795531965
yolov10s,Concat,0.7418522769294844
yolov10s,Conv,1.0695058657851284
yolov10s,Sigmoid,0.3504650891479013
yolov10s,Mul,1.094602962499595
yolov10s,Conv,1.2188369257381004
yolov10s,Conv,0.973536052178049
yolov10s,Conv,0.4836417926588667
yolov10s,Sigmoid,0.402177502019776
yolov10s,Sigmoid,0.39242822588471327
yolov10s,Sigmoid,0.2865347388557872
yolov10s,Mul,1.129454683177395
yolov10s,Mul,0.9539818733043328
yolov10s,Mul,1.0406785209672678
yolov10s,Concat,0.9688771434929636
yolov10s,Conv,1.473463336507307
yolov10s,Conv,1.8966416241302388
yolov10s,Conv,0.8609571720800961
yolov10s,Sigmoid,0.4902242971039663
yolov10s,Sigmoid,0.3139711274231397
yolov10s,Sigmoid,0.429949779643077
yolov10s,Mul,0.9062777835492738
yolov10s,Mul,1.094916284719881
yolov10s,Mul,1.2335261098849364
yolov10s,Conv,0.4429337253000094
yolov10s,Conv,0.8933216054634279
yolov10s,Split,1.0202470268181263
yolov10s,Split,0.9707547998656603
yolov10s,Sigmoid,0.2867783527506841
yolov10s,Conv,0.7096811067293551
yolov10s,Mul,0.9514270480776386
yolov10s,Sigmoid,0.5129945364022003
yolov10s,Conv,1.4436375254897826
yolov10s,Mul,1.4606403433867063
yolov10s,Sigmoid,0.5114093507488073
yolov10s,Conv,0.885528102289048
yolov10s,Mul,0.9371998300578637
yolov10s,Sigmoid,0.46506840391562826
yolov10s,Conv,0.11336689026529964
yolov10s,Mul,1.0889882722980575
yolov10s,Concat,0.9349806950995255
yolov10s,Conv,0.887861676890402
yolov10s,Sigmoid,0.37798599309451425
yolov10s,Mul,1.1354169289937945
yolov10s,Conv,0.9536972434340563
yolov10s,Conv,0.7822835277716198
yolov10s,Conv,0.8578195102387285
yolov10s,Sigmoid,0.3257723900283874
yolov10s,Sigmoid,0.3933638013769837
yolov10s,Sigmoid,0.2582110527696464
yolov10s,Mul,1.0365956211819012
yolov10s,Mul,1.0237977563428518
yolov10s,Mul,0.9665006467928601
yolov10s,Conv,0.9727194153604852
yolov10s,Conv,1.0698667187044255
yolov10s,Conv,0.9135710517908713
yolov10s,Concat,0.9437791913548821
yolov10s,Sigmoid,0.5400348447156454
yolov10s,Sigmoid,0.3523654029304283
yolov10s,Conv,0.910828381844137
yolov10s,Mul,0.9197498165095248
yolov10s,Mul,1.0524318193910946
yolov10s,Sigmoid,0.3083729248619981
yolov10s,Conv,0.4848014101833308
yolov10s,Conv,0.9864053431648614
yolov10s,Mul,1.0795930260913944
yolov10s,Sigmoid,0.304467477263613
yolov10s,Split,1.0308764195621336
yolov10s,Split,0.9281013667948737
yolov10s,Mul,0.8567540358702179
yolov10s,Conv,0.8980982432747626
yolov10s,Conv,1.3317953693970774
yolov10s,Sigmoid,0.23315376650578457
yolov10s,Sigmoid,0.4309625970292298
yolov10s,Mul,1.037460382280623
yolov10s,Mul,0.9850515699572404
yolov10s,Conv,0.9154777359064628
yolov10s,Conv,0.16230874337428192
yolov10s,Sigmoid,0.2602686250770463
yolov10s,Mul,0.9872359047226094
yolov10s,Conv,0.8019458659549756
yolov10s,Sigmoid,0.33064347871086974
yolov10s,Mul,1.026224120475213
yolov10s,Conv,0.936596717379908
yolov10s,Sigmoid,0.3428668750555718
yolov10s,Mul,1.0716041351442538
yolov10s,Conv,1.0448953186580439
yolov10s,Sigmoid,0.28640507066772825
yolov10s,Mul,0.957064887387916
yolov10s,Add,0.8347496079065464
yolov10s,Concat,0.846711171812291
yolov10s,Conv,0.798680018148922
yolov10s,Sigmoid,0.34105194713912135
yolov10s,Mul,1.1420816036285908
yolov10s,Conv,0.7385569396892373
yolov10s,Conv,0.9000643422018766
yolov10s,Sigmoid,0.38480446976319327
yolov10s,Sigmoid,0.24618156684287945
yolov10s,Mul,1.0455254278439692
yolov10s,Mul,0.9884283456391887
yolov10s,Conv,1.022359099156371
yolov10s,Conv,0.9038353387712726
yolov10s,Sigmoid,0.5693905060235911
yolov10s,Sigmoid,0.371589884574574
yolov10s,Mul,0.9425629358585075
yolov10s,Mul,1.021276329551359
yolov10s,Conv,0.5402369134714483
yolov10s,Conv,0.9982261103509
yolov10s,Sigmoid,0.3192811769285484
yolov10s,Mul,0.9111901263134085
yolov10s,Conv,1.3136501611336797
yolov10s,Sigmoid,0.4347812345240388
yolov10s,Mul,0.9572275406082489
yolov10s,Conv,0.13744908497675618
yolov10x,Sigmoid,0.7626033357291286
yolov10x,Mul,0.9551519881838327
yolov10x,Conv,2.4383525938793174
yolov10x,Sigmoid,0.7603890768678643
yolov10x,Mul,1.0953574847967056
yolov10x,Conv,1.2791128412158952
yolov10x,Sigmoid,0.5858724288429942
yolov10x,Mul,1.3702116132327462
yolov10x,Split,1.243283492126086
yolov10x,Split,0.7279241891988766
yolov10x,Conv,1.8955145350724352
yolov10x,Sigmoid,0.5765465475736665
yolov10x,Mul,1.1771626716252843
yolov10x,Conv,0.9166656496074241
yolov10x,Sigmoid,0.4167907672839073
yolov10x,Mul,1.04343899315325
yolov10x,Add,0.5772003637924628
yolov10x,Conv,1.6555529831176796
yolov10x,Sigmoid,0.5675606087219505
yolov10x,Mul,1.2657803007495754
yolov10x,Conv,0.8429386480820054
yolov10x,Sigmoid,0.426742284803268
yolov10x,Mul,1.147257829906482
yolov10x,Add,0.5489449644274607
yolov10x,Conv,1.3547917837372458
yolov10x,Sigmoid,0.6297549831853833
yolov10x,Mul,1.3695786649503985
yolov10x,Conv,1.1448598962795935
yolov10x,Sigmoid,0.5428653206305356
yolov10x,Mul,0.9913534190609581
yolov10x,Add,0.6156624153230221
yolov10x,Concat,0.868571732738683
yolov10x,Conv,1.4030738669058405
yolov10x,Sigmoid,0.5785643322570213
yolov10x,Mul,1.2628108341675666
yolov10x,Conv,0.9804064055220594
yolov10x,Sigmoid,0.4209415629793286
yolov10x,Mul,1.221998491404178
yolov10x,Conv,1.0984459977244985
yolov10x,Sigmoid,0.3865772315491901
yolov10x,Mul,0.923582424512958
yolov10x,Split,1.0620301512665482
yolov10x,Split,0.6861167067831409
yolov10x,Conv,1.064091948498216
yolov10x,Sigmoid,0.6431836533483712
yolov10x,Mul,1.1311754094949849
yolov10x,Conv,0.8087253313620526
yolov10x,Sigmoid,0.35985642027027087
yolov10x,Mul,1.3792555149167178
yolov10x,Add,0.7459259973130024
yolov10x,Conv,0.8700505296287018
yolov10x,Sigmoid,0.7878811540676487
yolov10x,Mul,1.3607911387073952
yolov10x,Conv,0.8912286098042644
yolov10x,Sigmoid,0.39697440783194243
yolov10x,Mul,1.3572418818201117
yolov10x,Add,0.7876779402069283
yolov10x,Conv,0.769301079700359
yolov10x,Sigmoid,0.8238183214520391
yolov10x,Mul,1.3935933079831953
yolov10x,Conv,1.0491353542078792
yolov10x,Sigmoid,0.4146205322207742
yolov10x,Mul,1.227332592708021
yolov10x,Add,0.7915835817444528
yolov10x,Conv,0.7058076166761862
yolov10x,Sigmoid,0.8729082662922134
yolov10x,Mul,1.3443951375047711
yolov10x,Conv,1.181757410232427
yolov10x,Sigmoid,0.4131438022138742
yolov10x,Mul,1.1671025177516983
yolov10x,Add,0.8145945270235155
yolov10x,Conv,0.6545627486218547
yolov10x,Sigmoid,0.9103457285049268
yolov10x,Mul,1.2160733291248036
yolov10x,Conv,1.4333695397328179
yolov10x,Sigmoid,0.4099831636963547
yolov10x,Mul,1.1456555044983134
yolov10x,Add,0.8163854575790029
yolov10x,Conv,0.7459468997569496
yolov10x,Sigmoid,0.8154199076041275
yolov10x,Mul,1.3202000357921888
yolov10x,Conv,1.2074493169732659
yolov10x,Sigmoid,0.46506274788114266
yolov10x,Mul,0.9982186406811344
yolov10x,Add,0.963427816537558
yolov10x,Concat,0.8829216035723866
yolov10x,Conv,0.9328538419510105
yolov10x,Sigmoid,0.4887922913012692
yolov10x,Mul,1.0856506386491698
yolov10x,Conv,0.7217107525053152
yolov10x,Sigmoid,0.6528225828012916
yolov10x,Mul,1.4579259989044857
yolov10x,Conv,1.1416779036763027
yolov10x,Conv,0.9555327391844286
yolov10x,Sigmoid,0.39864271747106705
yolov10x,Mul,0.888277963076705
yolov10x,Split,1.0148088880704296
yolov10x,Split,0.9245138758105362
yolov10x,Conv,1.0366344344238763
yolov10x,Sigmoid,0.28008114963634034
yolov10x,Mul,1.0376882846514113
yolov10x,Conv,0.9725001666621743
yolov10x,Sigmoid,0.3124871146392424
yolov10x,Mul,0.9783389091483248
yolov10x,Conv,0.9958986196691859
yolov10x,Sigmoid,0.24431831765704343
yolov10x,Mul,1.0606953779403874
yolov10x,Conv,1.0013187397315257
yolov10x,Sigmoid,0.34403197440572153
yolov10x,Mul,0.950188701832025
yolov10x,Conv,0.9251887565848107
yolov10x,Sigmoid,0.2192634839224425
yolov10x,Mul,1.073677748679832
yolov10x,Add,0.9105677746688658
yolov10x,Conv,1.0778022007304187
yolov10x,Sigmoid,0.25428542911000895
yolov10x,Mul,0.9904943667084621
yolov10x,Conv,0.9360110386573945
yolov10x,Sigmoid,0.3126490159416742
yolov10x,Mul,1.0483707410533323
yolov10x,Conv,1.005119017697685
yolov10x,Sigmoid,0.21337717357381616
yolov10x,Mul,1.023192357480636
yolov10x,Conv,1.013660151419752
yolov10x,Sigmoid,0.3216248090012212
yolov10x,Mul,1.0189684010221298
yolov10x,Conv,0.9834277821842924
yolov10x,Sigmoid,0.20795101811375047
yolov10x,Mul,0.9939810507845893
yolov10x,Add,0.9184996680554216
yolov10x,Conv,1.101190394072802
yolov10x,Sigmoid,0.2467553404221293
yolov10x,Mul,0.947604541610879
yolov10x,Conv,0.9482587860435672
yolov10x,Sigmoid,0.33582902443751783
yolov10x,Mul,1.0635181393017747
yolov10x,Conv,0.9957951250520074
yolov10x,Sigmoid,0.22437420876332181
yolov10x,Mul,1.0110327757748787
yolov10x,Conv,1.0019463974415044
yolov10x,Sigmoid,0.3330470062281867
yolov10x,Mul,1.0129332370366944
yolov10x,Conv,0.9916137509359202
yolov10x,Sigmoid,0.23462688793115533
yolov10x,Mul,0.9941671649374856
yolov10x,Add,0.9392394291157704
yolov10x,Conv,1.077215889497375
yolov10x,Sigmoid,0.2675747161418538
yolov10x,Mul,0.9695883962743786
yolov10x,Conv,0.9448087409212612
yolov10x,Sigmoid,0.3382815164737785
yolov10x,Mul,1.0578804451150747
yolov10x,Conv,1.0005460828993304
yolov10x,Sigmoid,0.23138244474323666
yolov10x,Mul,1.012486618173433
yolov10x,Conv,0.9568624759360271
yolov10x,Sigmoid,0.34217459119215854
yolov10x,Mul,1.0307809701521164
yolov10x,Conv,0.9899649679197623
yolov10x,Sigmoid,0.26507990981872653
yolov10x,Mul,1.008974381759309
yolov10x,Add,0.9504527518265529
yolov10x,Conv,1.0826127027352777
yolov10x,Sigmoid,0.2798054502029319
yolov10x,Mul,0.9568086250251722
yolov10x,Conv,0.9585857804897608
yolov10x,Sigmoid,0.34845909434178957
yolov10x,Mul,1.0932024842329335
yolov10x,Conv,0.9985173665833447
yolov10x,Sigmoid,0.24397990293226535
yolov10x,Mul,1.027498554590902
yolov10x,Conv,0.9393852642175109
yolov10x,Sigmoid,0.3513937521719678
yolov10x,Mul,1.064430892168036
yolov10x,Conv,0.9841498315882229
yolov10x,Sigmoid,0.29126082325268343
yolov10x,Mul,1.0060633495390254
yolov10x,Add,0.9168326558864108
yolov10x,Conv,1.0649677130558517
yolov10x,Sigmoid,0.30734541695686873
yolov10x,Mul,0.9723038941751465
yolov10x,Conv,0.9618132588143447
yolov10x,Sigmoid,0.3458832757626332
yolov10x,Mul,1.0857291498496306
yolov10x,Conv,0.9925186143522311
yolov10x,Sigmoid,0.25568584323126037
yolov10x,Mul,1.0047861437033592
yolov10x,Conv,0.9460967714702038
yolov10x,Sigmoid,0.3766763675675146
yolov10x,Mul,1.1027053634387263
yolov10x,Conv,0.993156355545014
yolov10x,Sigmoid,0.3661946683277313
yolov10x,Mul,0.9588533393570154
yolov10x,Add,0.9335125691750745
yolov10x,Concat,0.894661592589564
yolov10x,Conv,0.8621913088205635
yolov10x,Sigmoid,0.6347846126129074
yolov10x,Mul,1.294310132282976
yolov10x,Conv,0.8459824640514017
yolov10x,Sigmoid,0.46494640251350333
yolov10x,Mul,1.326703890112922
yolov10x,Conv,1.0325927364936307
yolov10x,Conv,0.9859204021828303
yolov10x,Sigmoid,0.38827456855188935
yolov10x,Mul,0.9137603383023595
yolov10x,Split,1.0045141669377755
yolov10x,Split,0.98861790409424
yolov10x,Conv,1.0245718880382026
yolov10x,Sigmoid,0.2234531748458853
yolov10x,Mul,0.9816848960952482
yolov10x,Conv,0.9376720256437769
yolov10x,Sigmoid,0.24338139960608163
yolov10x,Mul,0.9812707763741206
yolov10x,Conv,0.9499885919105786
yolov10x,Sigmoid,0.1612940470202972
yolov10x,Mul,1.076682617348936
yolov10x,Conv,0.8806447937232553
yolov10x,Sigmoid,0.28052192779375573
yolov10x,Mul,1.0330111906980892
yolov10x,Conv,0.9231376610650135
yolov10x,Sigmoid,0.20959751419887046
yolov10x,Mul,1.0159517777298337
yolov10x,Add,0.9369555271148873
yolov10x,Conv,1.0001506142258445
yolov10x,Sigmoid,0.23431223930680678
yolov10x,Mul,0.976803442366764
yolov10x,Conv,0.9180805388696176
yolov10x,Sigmoid,0.23516323907536743
yolov10x,Mul,1.023872380313801
yolov10x,Conv,0.9786967637405346
yolov10x,Sigmoid,0.15513968240289994
yolov10x,Mul,1.025179403318427
yolov10x,Conv,1.0053647530304266
yolov10x,Sigmoid,0.24904563787938855
yolov10x,Mul,1.1214336801160598
yolov10x,Conv,0.9478155333072762
yolov10x,Sigmoid,0.2000707612514367
yolov10x,Mul,1.123266174706742
yolov10x,Add,0.9246768051738812
yolov10x,Conv,0.9211455696098423
yolov10x,Sigmoid,0.2213318497448503
yolov10x,Mul,0.9870047162105078
yolov10x,Conv,0.8988537375942066
yolov10x,Sigmoid,0.19830357831147405
yolov10x,Mul,0.9301858005341825
yolov10x,Conv,1.03769949021993
yolov10x,Sigmoid,0.14058149411325033
yolov10x,Mul,0.9735489799816075
yolov10x,Conv,0.941649099755338
yolov10x,Sigmoid,0.22768516951633844
yolov10x,Mul,1.0061274518386205
yolov10x,Conv,1.0232272440836039
yolov10x,Sigmoid,0.21784625524055914
yolov10x,Mul,0.9986377777840287
yolov10x,Add,0.9257953445705791
yolov10x,Concat,0.9281748637772445
yolov10x,Conv,1.0907524779921602
yolov10x,Sigmoid,0.3851712700300718
yolov10x,Mul,0.9634098588936894
yolov10x,Conv,1.0970948117697708
yolov10x,Sigmoid,0.3648134038836646
yolov10x,Mul,0.8074480405426482
yolov10x,MaxPool,0.3293407895495544
yolov10x,MaxPool,0.6681695457656
yolov10x,MaxPool,0.8560159176958357
yolov10x,Concat,0.31961122692390626
yolov10x,Conv,2.74101672728794
yolov10x,Sigmoid,0.4345542412707811
yolov10x,Mul,1.0629819736165058
yolov10x,Conv,1.0125123550605057
yolov10x,Sigmoid,0.40351206135685624
yolov10x,Mul,0.994344814018747
yolov10x,Split,0.9677838795838665
yolov10x,Split,1.0192575267896746
yolov10x,Conv,0.9677968065238611
yolov10x,Split,0.8291124907663997
yolov10x,Split,0.8284162650776229
yolov10x,Split,1.1564007564953842
yolov10x,Mul,1.0
yolov10x,Conv,0.9305066862888589
yolov10x,Add,1.2122805196374022
yolov10x,Conv,0.9837578688870663
yolov10x,Add,0.867097983029527
yolov10x,Conv,1.009608166144679
yolov10x,Sigmoid,0.2563092853391833
yolov10x,Mul,1.0817684251193203
yolov10x,Conv,1.0968031549538797
yolov10x,Add,0.8384877880366943
yolov10x,Concat,0.9498210089794769
yolov10x,Conv,0.8525977213902267
yolov10x,Sigmoid,0.4290010169722752
yolov10x,Mul,1.3072674993158442
yolov10x,Resize,1.001237249723519
yolov10x,Concat,0.942774804636412
yolov10x,Conv,0.905532701841272
yolov10x,Sigmoid,0.4674589782878713
yolov10x,Mul,1.1315250273606177
yolov10x,Split,1.0061140548374274
yolov10x,Split,0.9590291510762173
yolov10x,Conv,0.9336241240103647
yolov10x,Sigmoid,0.24226390068592468
yolov10x,Mul,1.0013848606203921
yolov10x,Conv,1.0819687495509054
yolov10x,Sigmoid,0.3123099204493076
yolov10x,Mul,1.006518291940183
yolov10x,Conv,1.0234350990295125
yolov10x,Sigmoid,0.2335405338966094
yolov10x,Mul,1.0028250529870426
yolov10x,Conv,0.974897938563172
yolov10x,Sigmoid,0.3334720128537456
yolov10x,Mul,1.0283451654893354
yolov10x,Conv,0.9234265400626899
yolov10x,Sigmoid,0.23467569154657622
yolov10x,Mul,0.9798492358509159
yolov10x,Add,0.9949876286475627
yolov10x,Conv,1.038542215058812
yolov10x,Sigmoid,0.21914072000441093
yolov10x,Mul,0.9735824259500621
yolov10x,Conv,1.0152234404900708
yolov10x,Sigmoid,0.2932759548919506
yolov10x,Mul,1.0128374184234132
yolov10x,Conv,1.0370147127310014
yolov10x,Sigmoid,0.21122191464378182
yolov10x,Mul,1.0182657881001154
yolov10x,Conv,0.9429733771957911
yolov10x,Sigmoid,0.3021597301095965
yolov10x,Mul,1.012708125726464
yolov10x,Conv,0.9597124689165462
yolov10x,Sigmoid,0.21938072833579064
yolov10x,Mul,1.0237698061539227
yolov10x,Add,0.9678235012958445
yolov10x,Conv,1.004181314435936
yolov10x,Sigmoid,0.24557111066210485
yolov10x,Mul,0.9559471781115337
yolov10x,Conv,0.9942615762146141
yolov10x,Sigmoid,0.31121228824245023
yolov10x,Mul,1.0228762636679525
yolov10x,Conv,1.030787276350076
yolov10x,Sigmoid,0.22361701427242164
yolov10x,Mul,1.0153225819468237
yolov10x,Conv,0.9609167206060056
yolov10x,Sigmoid,0.331007272894668
yolov10x,Mul,0.9987268400347239
yolov10x,Conv,1.0024997676524032
yolov10x,Sigmoid,0.287754474136994
yolov10x,Mul,0.9730532187029433
yolov10x,Add,0.9623161379471195
yolov10x,Concat,0.9643395579802236
yolov10x,Conv,0.8182289836583487
yolov10x,Sigmoid,0.5974399947606588
yolov10x,Mul,1.3552764602864713
yolov10x,Resize,1.0040670956576818
yolov10x,Concat,0.930787807982793
yolov10x,Conv,0.7407714547381875
yolov10x,Sigmoid,0.4824723276862287
yolov10x,Mul,1.183703497845891
yolov10x,Split,1.28182005151064
yolov10x,Split,0.6912994346257921
yolov10x,Conv,1.1663277750646184
yolov10x,Sigmoid,0.5515463711510933
yolov10x,Mul,1.304286920039428
yolov10x,Conv,0.8003357169643484
yolov10x,Sigmoid,0.5610313119717109
yolov10x,Mul,1.2774839987260607
yolov10x,Conv,0.8939727993120821
yolov10x,Sigmoid,0.5226341360433486
yolov10x,Mul,1.2821803222935526
yolov10x,Conv,0.8657469298376245
yolov10x,Sigmoid,0.5292207970926708
yolov10x,Mul,1.1433355011187984
yolov10x,Conv,0.8414461756864933
yolov10x,Sigmoid,0.5594545669116209
yolov10x,Mul,1.3001420352003632
yolov10x,Conv,1.0269613105804134
yolov10x,Sigmoid,0.477118121631397
yolov10x,Mul,1.0506068782861862
yolov10x,Concat,0.8287812708055946
yolov10x,Conv,0.9284105040746493
yolov10x,Sigmoid,0.4272403136538515
yolov10x,Mul,1.1144720747030379
yolov10x,Conv,0.9268677796828955
yolov10x,Conv,0.8130000110816091
yolov10x,Conv,0.5985416535852044
yolov10x,Sigmoid,0.4114917963562773
yolov10x,Sigmoid,0.41328732423567194
yolov10x,Sigmoid,0.25745040752466297
yolov10x,Mul,1.0922400394007954
yolov10x,Mul,0.8088422503852288
yolov10x,Mul,0.9584806544288226
yolov10x,Concat,0.9791171764566711
yolov10x,Conv,1.3536600893479669
yolov10x,Conv,1.4231884253880938
yolov10x,Conv,0.9569062207647672
yolov10x,Sigmoid,0.4620819191501138
yolov10x,Sigmoid,0.3371416187628583
yolov10x,Sigmoid,0.334603638175056
yolov10x,Mul,0.9024991049110092
yolov10x,Mul,1.0344542185107573
yolov10x,Mul,1.0614259757612845
yolov10x,Conv,0.46372568660133995
yolov10x,Conv,0.9126493943381668
yolov10x,Split,1.0166414382203934
yolov10x,Split,0.888039924733888
yolov10x,Sigmoid,0.29272931765604526
yolov10x,Conv,0.9912826376981148
yolov10x,Mul,0.8533342388942036
yolov10x,Sigmoid,0.19413235197551487
yolov10x,Conv,1.3738987900196866
yolov10x,Mul,1.0032676510636718
yolov10x,Sigmoid,0.4374220326577854
yolov10x,Conv,1.0143823422107416
yolov10x,Mul,0.8980235505130705
yolov10x,Sigmoid,0.2600543092961145
yolov10x,Conv,0.10508385707294302
yolov10x,Mul,1.0225813201910434
yolov10x,Conv,0.9794809919290444
yolov10x,Sigmoid,0.1922701970328658
yolov10x,Mul,1.0140554401976383
yolov10x,Conv,0.9280916750062942
yolov10x,Sigmoid,0.29833609368991465
yolov10x,Mul,0.9889073940117986
yolov10x,Conv,0.9533721180698573
yolov10x,Sigmoid,0.2153349860052713
yolov10x,Mul,0.9799116518459382
yolov10x,Add,0.9456355303434236
yolov10x,Conv,1.0240993754607461
yolov10x,Sigmoid,0.21117143382792192
yolov10x,Mul,0.9578172167418291
yolov10x,Conv,0.8987523801725026
yolov10x,Sigmoid,0.2770840635903531
yolov10x,Mul,1.0201882417405228
yolov10x,Conv,1.0134784537445078
yolov10x,Sigmoid,0.187629721867686
yolov10x,Mul,1.0006364883314036
yolov10x,Conv,0.9070072011721952
yolov10x,Sigmoid,0.28472890911291193
yolov10x,Mul,0.9932142278156726
yolov10x,Conv,1.009258522231511
yolov10x,Sigmoid,0.2183932938052541
yolov10x,Mul,0.9851645155207918
yolov10x,Add,0.926205374740608
yolov10x,Conv,1.0430600971756934
yolov10x,Sigmoid,0.23951943063494274
yolov10x,Mul,0.9271040834705138
yolov10x,Conv,0.8371103487556781
yolov10x,Sigmoid,0.2817035198324108
yolov10x,Mul,1.0373009576623584
yolov10x,Conv,1.0668552620178526
yolov10x,Sigmoid,0.1801081266789874
yolov10x,Mul,0.9702721022364089
yolov10x,Conv,0.9046878356958885
yolov10x,Sigmoid,0.26341267896396214
yolov10x,Mul,1.0498585298694505
yolov10x,Conv,1.0534346971546704
yolov10x,Sigmoid,0.22218648675327374
yolov10x,Mul,0.923181746085002
yolov10x,Add,0.9169938659997647
yolov10x,Concat,0.8452096479475005
yolov10x,Conv,0.9253138613563878
yolov10x,Sigmoid,0.37970177193745713
yolov10x,Mul,1.131661876143645
yolov10x,Conv,0.9773059455287312
yolov10x,Conv,0.7540714922121488
yolov10x,Conv,0.9340900892625434
yolov10x,Sigmoid,0.30129942745849364
yolov10x,Sigmoid,0.4166419182044908
yolov10x,Sigmoid,0.2444067641764885
yolov10x,Mul,1.0069363259198025
yolov10x,Mul,0.9533658875244153
yolov10x,Mul,0.8627916245909196
yolov10x,Conv,0.9443178089528298
yolov10x,Conv,1.0232759465905967
yolov10x,Conv,0.9058246547052976
yolov10x,Concat,0.9445957391149709
yolov10x,Sigmoid,0.5202104235343814
yolov10x,Sigmoid,0.339829062996159
yolov10x,Conv,0.9261242866872277
yolov10x,Mul,0.8930871711978252
yolov10x,Mul,1.0639565684316667
yolov10x,Sigmoid,0.2705811385394401
yolov10x,Conv,0.5378376772816046
yolov10x,Conv,0.9345216043439648
yolov10x,Mul,1.0294905234193459
yolov10x,Sigmoid,0.2871684437692049
yolov10x,Split,1.0553304004653543
yolov10x,Split,0.8896747637260517
yolov10x,Mul,0.8613635852518549
yolov10x,Conv,1.0085633246317038
yolov10x,Conv,1.1689877962851807
yolov10x,Sigmoid,0.1693923306469376
yolov10x,Sigmoid,0.3851106871370684
yolov10x,Mul,0.959553425871746
yolov10x,Mul,0.8593894294493915
yolov10x,Conv,0.9570592249134703
yolov10x,Conv,0.10614629813064302
yolov10x,Sigmoid,0.18420399585473723
yolov10x,Mul,0.998603806545546
yolov10x,Conv,0.9356647118474497
yolov10x,Sigmoid,0.12182622165393575
yolov10x,Mul,1.0030558603596487
yolov10x,Conv,0.9626424885898215
yolov10x,Sigmoid,0.1926262329815736
yolov10x,Mul,0.9693267565284687
yolov10x,Conv,0.948185217161777
yolov10x,Sigmoid,0.16000018116579223
yolov10x,Mul,0.9668904665131299
yolov10x,Add,0.9249550425121038
yolov10x,Conv,0.9498302581857645
yolov10x,Sigmoid,0.19666668435502235
yolov10x,Mul,0.93187811702186
yolov10x,Conv,0.892049462703513
yolov10x,Sigmoid,0.2128926264437626
yolov10x,Mul,1.019943113607375
yolov10x,Conv,0.9883731146289331
yolov10x,Sigmoid,0.13494082173569222
yolov10x,Mul,1.0282311040790773
yolov10x,Conv,0.9532583388115313
yolov10x,Sigmoid,0.21328634864695217
yolov10x,Mul,0.9645976748364249
yolov10x,Conv,0.9994790280483639
yolov10x,Sigmoid,0.1745029129458375
yolov10x,Mul,0.9992107455591239
yolov10x,Add,0.9210409834617153
yolov10x,Conv,0.9822275969486459
yolov10x,Sigmoid,0.20527361867694977
yolov10x,Mul,0.9476686088413202
yolov10x,Conv,0.8394688765646459
yolov10x,Sigmoid,0.20881353510180659
yolov10x,Mul,1.019554051435661
yolov10x,Conv,1.0058592455799462
yolov10x,Sigmoid,0.1348772998320262
yolov10x,Mul,1.0008648853029107
yolov10x,Conv,0.9131396476896483
yolov10x,Sigmoid,0.19613394293466196
yolov10x,Mul,1.0104607961172638
yolov10x,Conv,1.0178601130493836
yolov10x,Sigmoid,0.17014044544348272
yolov10x,Mul,0.9578365164050754
yolov10x,Add,0.9084635779196314
yolov10x,Concat,0.7899460268492997
yolov10x,Conv,0.8830587977414168
yolov10x,Sigmoid,0.317060406739768
yolov10x,Mul,1.1794435284951832
yolov10x,Conv,0.7357248302018256
yolov10x,Conv,0.9785759205031022
yolov10x,Sigmoid,0.36482867113937
yolov10x,Sigmoid,0.1880362388385506
yolov10x,Mul,1.0683446187119578
yolov10x,Mul,0.924544810559073
yolov10x,Conv,0.9886579442571721
yolov10x,Conv,0.9098012375451618
yolov10x,Sigmoid,0.5092643416582666
yolov10x,Sigmoid,0.2900975735963671
yolov10x,Mul,0.9307931419467871
yolov10x,Mul,1.0711993596337392
yolov10x,Conv,0.518396144994322
yolov10x,Conv,0.9705963482913122
yolov10x,Sigmoid,0.27098169531291144
yolov10x,Mul,0.8852199454425602
yolov10x,Conv,0.9051782083270279
yolov10x,Sigmoid,0.4220687833603832
yolov10x,Mul,0.9610383895038427
yolov10x,Conv,0.09186711518700638
efficientnet_b0,Sigmoid,0.8141232928136062
efficientnet_b0,Mul,1.2878041468628219
efficientnet_b0,Conv,34.47243502227772
efficientnet_b0,Sigmoid,0.511714531517427
efficientnet_b0,Mul,0.7849532141044463
efficientnet_b0,GlobalAveragePool,0.5903152121575143
efficientnet_b0,Conv,1.8488175582367161
efficientnet_b0,Sigmoid,1.6959156025991629
efficientnet_b0,Mul,0.6991830022285215
efficientnet_b0,Conv,0.07215688844706636
efficientnet_b0,Sigmoid,0.643384628035667
efficientnet_b0,Mul,0.7029595331792103
efficientnet_b0,Conv,5.261722098349187
efficientnet_b0,Conv,0.6583207061871418
efficientnet_b0,Sigmoid,0.5275781337228161
efficientnet_b0,Mul,0.8763289120630664
efficientnet_b0,Conv,1.3281368372248958
efficientnet_b0,Sigmoid,0.5728865040203435
efficientnet_b0,Mul,0.927519584076852
efficientnet_b0,GlobalAveragePool,0.7970677257936329
efficientnet_b0,Conv,2.4755939300303633
efficientnet_b0,Sigmoid,0.6058819939672648
efficientnet_b0,Mul,1.0397631638172524
efficientnet_b0,Conv,0.3660715386477267
efficientnet_b0,Sigmoid,0.36053189303080424
efficientnet_b0,Mul,0.8277769517265546
efficientnet_b0,Conv,1.5014226792325385
efficientnet_b0,Conv,0.6182588551286015
efficientnet_b0,Sigmoid,0.5493876843489245
efficientnet_b0,Mul,0.9756170819204575
efficientnet_b0,Conv,1.647291065380534
efficientnet_b0,Sigmoid,0.5136552403379789
efficientnet_b0,Mul,1.0147819505859286
efficientnet_b0,GlobalAveragePool,0.5705261392561229
efficientnet_b0,Conv,1.1895316302427728
efficientnet_b0,Sigmoid,0.25888200711355724
efficientnet_b0,Mul,1.5305498108395665
efficientnet_b0,Conv,0.24483779634569186
efficientnet_b0,Sigmoid,0.3442154957056447
efficientnet_b0,Mul,0.9253685504331808
efficientnet_b0,Conv,1.2407462848653648
efficientnet_b0,Add,0.9539119673393328
efficientnet_b0,Conv,0.7756419284815479
efficientnet_b0,Sigmoid,0.5117852240124932
efficientnet_b0,Mul,0.9675935659136299
efficientnet_b0,Conv,1.2268543513060544
efficientnet_b0,Sigmoid,0.38392463167391977
efficientnet_b0,Mul,0.9477221974037029
efficientnet_b0,GlobalAveragePool,0.6106213795284963
efficientnet_b0,Conv,1.3486076380544763
efficientnet_b0,Sigmoid,0.4958946339577277
efficientnet_b0,Mul,1.0093429711275355
efficientnet_b0,Conv,0.36480938916650507
efficientnet_b0,Sigmoid,0.3426695162282196
efficientnet_b0,Mul,0.7215591155576209
efficientnet_b0,Conv,2.2158928613045665
efficientnet_b0,Conv,0.629980139734335
efficientnet_b0,Sigmoid,0.46168922241616284
efficientnet_b0,Mul,0.9734649206376649
efficientnet_b0,Conv,1.3371025089598874
efficientnet_b0,Sigmoid,0.5400555360026442
efficientnet_b0,Mul,1.4211437289131588
efficientnet_b0,GlobalAveragePool,1.065969238355496
efficientnet_b0,Conv,0.7545838755379128
efficientnet_b0,Sigmoid,0.32219613008676495
efficientnet_b0,Mul,1.0673694884902916
efficientnet_b0,Conv,0.6652231844369787
efficientnet_b0,Sigmoid,0.4578236195805533
efficientnet_b0,Mul,0.7578448894372707
efficientnet_b0,Conv,1.452085331701599
efficientnet_b0,Add,0.7173449927792472
efficientnet_b0,Conv,0.6685017381599481
efficientnet_b0,Sigmoid,0.5386032260766407
efficientnet_b0,Mul,0.9494381343078149
efficientnet_b0,Conv,0.8466597836442789
efficientnet_b0,Sigmoid,0.39200331663059546
efficientnet_b0,Mul,0.9499352490646167
efficientnet_b0,GlobalAveragePool,0.6613962317707958
efficientnet_b0,Conv,1.0268854514831576
efficientnet_b0,Sigmoid,2.7375857258617717
efficientnet_b0,Mul,0.7262037672919651
efficientnet_b0,Conv,0.02425859990858765
efficientnet_b0,Sigmoid,0.5316518540240823
efficientnet_b0,Mul,0.8385701741863467
efficientnet_b0,Conv,2.6817163558995514
efficientnet_b0,Conv,0.5902122260613882
efficientnet_b0,Sigmoid,0.47518672689766017
efficientnet_b0,Mul,1.0092132077661047
efficientnet_b0,Conv,1.3368768816144088
efficientnet_b0,Sigmoid,0.5823028418106354
efficientnet_b0,Mul,1.2882657010963539
efficientnet_b0,GlobalAveragePool,0.8552555406812489
efficientnet_b0,Conv,0.7618030993201321
efficientnet_b0,Sigmoid,0.445984585937233
efficientnet_b0,Mul,0.9989427929618444
efficientnet_b0,Conv,0.7054619316987716
efficientnet_b0,Sigmoid,0.6294879096713399
efficientnet_b0,Mul,0.9190573712905397
efficientnet_b0,Conv,1.2536900797112347
efficientnet_b0,Add,0.8439259770832903
efficientnet_b0,Conv,0.6266490615291564
efficientnet_b0,Sigmoid,0.438443481783741
efficientnet_b0,Mul,0.9898911539473052
efficientnet_b0,Conv,1.240241770359794
efficientnet_b0,Sigmoid,0.566719687712364
efficientnet_b0,Mul,1.3405908103828037
efficientnet_b0,GlobalAveragePool,0.9344366518696988
efficientnet_b0,Conv,0.857582873252785
efficientnet_b0,Sigmoid,0.42251873434429943
efficientnet_b0,Mul,0.866612634187323
efficientnet_b0,Conv,0.568982218470873
efficientnet_b0,Sigmoid,0.7121700227359169
efficientnet_b0,Mul,0.9426533965860526
efficientnet_b0,Conv,1.3235576479749764
efficientnet_b0,Add,0.7775549540522873
efficientnet_b0,Conv,0.7628874327283561
efficientnet_b0,Sigmoid,0.4264803883857079
efficientnet_b0,Mul,0.8458425612476641
efficientnet_b0,Conv,1.253453525395673
efficientnet_b0,Sigmoid,0.4272494549678325
efficientnet_b0,Mul,1.0486479590462547
efficientnet_b0,GlobalAveragePool,0.6553486484430073
efficientnet_b0,Conv,1.2907479754595887
efficientnet_b0,Sigmoid,0.4271825821094737
efficientnet_b0,Mul,1.129848883169778
efficientnet_b0,Conv,0.45438298362881424
efficientnet_b0,Sigmoid,0.39225576500345977
efficientnet_b0,Mul,0.8399934129239106
efficientnet_b0,Conv,1.2174645118916452
efficientnet_b0,Conv,0.7343933316921427
efficientnet_b0,Sigmoid,0.5189150420672455
efficientnet_b0,Mul,1.1120485254942971
efficientnet_b0,Conv,1.0084995304874123
efficientnet_b0,Sigmoid,0.6092286637270597
efficientnet_b0,Mul,1.252958049782419
efficientnet_b0,GlobalAveragePool,0.8234150255836417
efficientnet_b0,Conv,0.8629072696260375
efficientnet_b0,Sigmoid,0.4262221268159554
efficientnet_b0,Mul,0.9954645911111206
efficientnet_b0,Conv,0.6726586892732458
efficientnet_b0,Sigmoid,0.6906747861202747
efficientnet_b0,Mul,1.0137104794049214
efficientnet_b0,Conv,1.1058356077838374
efficientnet_b0,Add,0.8790716095486333
efficientnet_b0,Conv,0.687344271867969
efficientnet_b0,Sigmoid,0.5473092612944416
efficientnet_b0,Mul,1.159551704962767
efficientnet_b0,Conv,0.9487767423749869
efficientnet_b0,Sigmoid,0.6383151227628263
efficientnet_b0,Mul,1.3016169160880233
efficientnet_b0,GlobalAveragePool,0.8371740059234224
efficientnet_b0,Conv,0.7145969009157878
efficientnet_b0,Sigmoid,0.3958999623227542
efficientnet_b0,Mul,1.0217321861038782
efficientnet_b0,Conv,0.5471876671457687
efficientnet_b0,Sigmoid,0.8966711853430105
efficientnet_b0,Mul,1.011677890583632
efficientnet_b0,Conv,1.1872542654638178
efficientnet_b0,Add,0.8454232155772665
efficientnet_b0,Conv,0.5930738161879237
efficientnet_b0,Sigmoid,0.7098383244936025
efficientnet_b0,Mul,1.2724542927029057
efficientnet_b0,Conv,0.683228378643832
efficientnet_b0,Sigmoid,0.3844224459744873
efficientnet_b0,Mul,0.8918383632234569
efficientnet_b0,GlobalAveragePool,0.5038139640540122
efficientnet_b0,Conv,1.6474198019098671
efficientnet_b0,Sigmoid,1.9340075368510208
efficientnet_b0,Mul,0.6059297481724264
efficientnet_b0,Conv,0.044119462872173956
efficientnet_b0,Sigmoid,0.39708289392893814
efficientnet_b0,Mul,0.8642282612843102
efficientnet_b0,Conv,2.544236432482215
efficientnet_b0,Conv,0.6799274094111312
efficientnet_b0,Sigmoid,0.5149758059322035
efficientnet_b0,Mul,1.2319798067328145
efficientnet_b0,Conv,0.9819542881324335
efficientnet_b0,Sigmoid,0.6979070778110865
efficientnet_b0,Mul,1.253014063483829
efficientnet_b0,GlobalAveragePool,0.9793086264867596
efficientnet_b0,Conv,0.9107922930463301
efficientnet_b0,Sigmoid,0.5466521282907659
efficientnet_b0,Mul,0.9136786063796103
efficientnet_b0,Conv,0.6832784782403364
efficientnet_b0,Sigmoid,0.966187282179578
efficientnet_b0,Mul,1.0958498697126346
efficientnet_b0,Conv,1.0507894314171378
efficientnet_b0,Add,0.8624387956889359
efficientnet_b0,Conv,0.6202715543639624
efficientnet_b0,Sigmoid,0.6258955122427416
efficientnet_b0,Mul,1.3163442748386571
efficientnet_b0,Conv,0.9921472986040141
efficientnet_b0,Sigmoid,0.688632634839843
efficientnet_b0,Mul,1.2605525373654953
efficientnet_b0,GlobalAveragePool,0.9886916072683587
efficientnet_b0,Conv,0.852090264225531
efficientnet_b0,Sigmoid,0.5200555326519137
efficientnet_b0,Mul,0.9333124213605163
efficientnet_b0,Conv,0.5819384109908489
efficientnet_b0,Sigmoid,1.1529506376184533
efficientnet_b0,Mul,1.1064629393678524
efficientnet_b0,Conv,1.0823539168944252
efficientnet_b0,Add,0.8163412533311173
efficientnet_b0,Conv,0.5982930451207649
efficientnet_b0,Sigmoid,0.7143516920184544
efficientnet_b0,Mul,1.4288901214300762
efficientnet_b0,Conv,0.9712539090910808
efficientnet_b0,Sigmoid,0.6539027165308742
efficientnet_b0,Mul,1.2719647433340149
efficientnet_b0,GlobalAveragePool,0.9803281469409362
efficientnet_b0,Conv,0.8450780095073924
efficientnet_b0,Sigmoid,0.4969767691393473
efficientnet_b0,Mul,0.9385608565388899
efficientnet_b0,Conv,0.535208950541713
efficientnet_b0,Sigmoid,1.2730212558625076
efficientnet_b0,Mul,1.1194595667585572
efficientnet_b0,Conv,1.0994967734266918
efficientnet_b0,Add,0.7775610537054152
efficientnet_b0,Conv,0.5561891675700683
efficientnet_b0,Sigmoid,0.46394739924105144
efficientnet_b0,Mul,0.9970092733146028
efficientnet_b0,Conv,1.3703373388708786
efficientnet_b0,Sigmoid,0.7487732654180533
efficientnet_b0,Mul,1.3776886487372377
efficientnet_b0,GlobalAveragePool,0.9490621689066949
efficientnet_b0,Conv,0.899792054997052
efficientnet_b0,Sigmoid,0.606990410161953
efficientnet_b0,Mul,0.9564977239340258
efficientnet_b0,Conv,0.8818508905437297
efficientnet_b0,Sigmoid,0.5418440577482253
efficientnet_b0,Mul,1.045011330924186
efficientnet_b0,Conv,1.0795637325831107
efficientnet_b0,Conv,0.742489517587903
efficientnet_b0,Sigmoid,1.124420430111313
efficientnet_b0,Mul,1.3201536688171076
efficientnet_b0,GlobalAveragePool,1.037215394662823
densenet121,Relu,1.0127213625970142
densenet121,MaxPool,4.602351091781007
densenet121,Concat,1.0
densenet121,BatchNormalization,3.681897072061928
densenet121,Relu,0.9863807847923183
densenet121,Conv,1.2257683237792065
densenet121,Relu,1.2286272988813471
densenet121,Conv,0.8809922261999005
densenet121,Concat,0.8638832997551575
densenet121,BatchNormalization,0.9478166167800811
densenet121,Relu,0.9603488194637452
densenet121,Conv,1.6284665197942727
densenet121,Relu,1.1879193208779424
densenet121,Conv,0.9910336049661279
densenet121,Concat,0.705440430970751
densenet121,BatchNormalization,1.1801842696037865
densenet121,Relu,0.8795722136679185
densenet121,Conv,1.4637827042100005
densenet121,Relu,1.2232574771668547
densenet121,Conv,0.9378802404048062
densenet121,Concat,0.6595850654310953
densenet121,BatchNormalization,1.2981557885782058
densenet121,Relu,0.8765565999780219
densenet121,Conv,1.369023718985473
densenet121,Relu,1.235794092973248
densenet121,Conv,0.984127498120531
densenet121,Concat,0.5953366211459064
densenet121,BatchNormalization,1.2294857408534603
densenet121,Relu,0.8433177237452453
densenet121,Conv,1.2310704975349713
densenet121,Relu,1.3017244200995575
densenet121,Conv,0.8984537973104371
densenet121,Concat,0.6078713110730384
densenet121,BatchNormalization,1.050961626621259
densenet121,Relu,0.8835379528793198
densenet121,Conv,1.6851787729641234
densenet121,Relu,1.2314995575061558
densenet121,Conv,0.7536686816068514
densenet121,Concat,0.6439422643087037
densenet121,BatchNormalization,1.468056578367721
densenet121,Relu,0.8731553744188147
densenet121,Conv,0.8997376484547539
densenet121,AveragePool,0.8422749773360416
densenet121,Concat,1.0
densenet121,BatchNormalization,0.7803021936868388
densenet121,Relu,0.8157652135019833
densenet121,Conv,1.0602740625998424
densenet121,Relu,0.834112821235826
densenet121,Conv,0.7961088701319439
densenet121,Concat,0.873522864836499
densenet121,BatchNormalization,1.3308432909429353
densenet121,Relu,0.9119252373138069
densenet121,Conv,1.2783048060753242
densenet121,Relu,1.0592282484793034
densenet121,Conv,0.8159548073431524
densenet121,Concat,0.7701074951818028
densenet121,BatchNormalization,1.236882753553492
densenet121,Relu,0.8527623715792738
densenet121,Conv,1.245595733772949
densenet121,Relu,1.2410963773121142
densenet121,Conv,0.750217838755027
densenet121,Concat,0.777140964802816
densenet121,BatchNormalization,1.3115273296050525
densenet121,Relu,0.950080491305527
densenet121,Conv,1.0782130678274153
densenet121,Relu,1.1481688791002473
densenet121,Conv,0.94074607144688
densenet121,Concat,0.7064317973124488
densenet121,BatchNormalization,1.226772856093891
densenet121,Relu,0.8927701956405669
densenet121,Conv,1.1205302187451611
densenet121,Relu,1.3605479069577204
densenet121,Conv,0.765755879804762
densenet121,Concat,0.7061059793982329
densenet121,BatchNormalization,1.0660090298044578
densenet121,Relu,0.9427801624620107
densenet121,Conv,0.9969572301171855
densenet121,Relu,1.3408001707145907
densenet121,Conv,0.8171898615478603
densenet121,Concat,0.7090965004363241
densenet121,BatchNormalization,1.3035087679870765
densenet121,Relu,0.920854765188422
densenet121,Conv,1.1706071566870588
densenet121,Relu,1.3199123211381152
densenet121,Conv,0.8173769641002379
densenet121,Concat,0.6657435759241315
densenet121,BatchNormalization,1.2252855389245791
densenet121,Relu,0.9259663717733597
densenet121,Conv,1.0062646436435387
densenet121,Relu,1.3562642567180654
densenet121,Conv,0.67921193064546
densenet121,Concat,0.6667431240436299
densenet121,BatchNormalization,1.2068581058903767
densenet121,Relu,0.9576472919509234
densenet121,Conv,1.0244833132486781
densenet121,Relu,1.3929760060827392
densenet121,Conv,0.7916477359925139
densenet121,Concat,0.6687098479660041
densenet121,BatchNormalization,1.327368046469797
densenet121,Relu,0.936840421088482
densenet121,Conv,0.9601599340832982
densenet121,Relu,1.4472855188260207
densenet121,Conv,0.782343179410059
densenet121,Concat,0.6739265937143337
densenet121,BatchNormalization,1.3171726699919257
densenet121,Relu,0.9433440024149591
densenet121,Conv,0.9668079621019177
densenet121,Relu,1.4491032381393572
densenet121,Conv,0.735781908158393
densenet121,Concat,0.6779519974051036
densenet121,BatchNormalization,1.3210383375036732
densenet121,Relu,0.9731926489997058
densenet121,Conv,0.8926757755575684
densenet121,Relu,1.6010466054068329
densenet121,Conv,0.8201837314690753
densenet121,Concat,0.6508643454699664
densenet121,BatchNormalization,1.3912396421865088
densenet121,Relu,1.0061257415514646
densenet121,Conv,0.9999858510823141
densenet121,AveragePool,0.8897577194563362
densenet121,Concat,1.0
densenet121,BatchNormalization,1.0941452323175522
densenet121,Relu,0.9067248993978121
densenet121,Conv,1.126662716534816
densenet121,Relu,1.009535621324102
densenet121,Conv,0.7343985489319163
densenet121,Concat,0.9730434335636624
densenet121,BatchNormalization,1.0361398246158733
densenet121,Relu,0.8907064195353529
densenet121,Conv,1.0335107345869514
densenet121,Relu,0.9957263888611472
densenet121,Conv,0.5455325723848063
densenet121,Concat,0.8928646037965962
densenet121,BatchNormalization,1.1549599075531227
densenet121,Relu,0.90888786043212
densenet121,Conv,1.055194915750746
densenet121,Relu,1.101896567724531
densenet121,Conv,0.6917870915848454
densenet121,Concat,0.8799453792184995
densenet121,BatchNormalization,1.1467127727433333
densenet121,Relu,0.9118051250763943
densenet121,Conv,1.0609778098122318
densenet121,Relu,1.0886955170464039
densenet121,Conv,0.7815238491938259
densenet121,Concat,0.8735871187216322
densenet121,BatchNormalization,1.061423226241178
densenet121,Relu,0.8793697311344315
densenet121,Conv,1.0427613097110522
densenet121,Relu,1.221605157636232
densenet121,Conv,0.8176468291012502
densenet121,Concat,0.8696576546671138
densenet121,BatchNormalization,1.1527208608188015
densenet121,Relu,0.9414847735586527
densenet121,Conv,0.9488418680810848
densenet121,Relu,1.231317095860149
densenet121,Conv,0.7284458411845915
densenet121,Concat,0.8652501497348792
densenet121,BatchNormalization,1.0783523401391086
densenet121,Relu,0.8845368257571201
densenet121,Conv,0.9449259358270367
densenet121,Relu,1.3400589267648058
densenet121,Conv,0.8692227737128186
densenet121,Concat,0.8612241295099576
densenet121,BatchNormalization,1.1855871441463175
densenet121,Relu,0.9438703921604235
densenet121,Conv,0.8635664687221449
densenet121,Relu,1.4702430601323633
densenet121,Conv,0.7677676410623949
densenet121,Concat,0.8501606632933709
densenet121,BatchNormalization,1.1887462293090398
densenet121,Relu,0.9831958120741422
densenet121,Conv,0.8744874612476397
densenet121,Relu,1.3829092190768537
densenet121,Conv,0.6953401827645348
densenet121,Concat,0.8434919975922948
densenet121,BatchNormalization,1.1333959485440492
densenet121,Relu,0.8909889594242795
densenet121,Conv,1.0200405291525727
densenet121,Relu,1.279641491659699
densenet121,Conv,0.7345309129093451
densenet121,Concat,0.8384344868752256
densenet121,BatchNormalization,1.16209243072833
densenet121,Relu,0.9049045380293445
densenet121,Conv,0.9515340464257298
densenet121,Relu,1.3604270137824575
densenet121,Conv,0.8040029678402425
densenet121,Concat,0.83140580280716
densenet121,BatchNormalization,1.194410846689921
densenet121,Relu,0.9364431232048941
densenet121,Conv,0.9107642813674708
densenet121,Relu,1.391081499253317
densenet121,Conv,0.801009942118583
densenet121,Concat,0.8262029063787438
densenet121,BatchNormalization,1.1291092498440047
densenet121,Relu,0.8864233151993959
densenet121,Conv,0.9300359859500396
densenet121,Relu,1.408596755348745
densenet121,Conv,0.7214931909403599
densenet121,Concat,0.8235590383302553
densenet121,BatchNormalization,1.1223136157509752
densenet121,Relu,0.889147069300968
densenet121,Conv,0.9264142111933147
densenet121,Relu,1.499064940852014
densenet121,Conv,0.8403062116609207
densenet121,Concat,0.8099595552985995
densenet121,BatchNormalization,1.177053634457491
densenet121,Relu,0.9174194879025475
densenet121,Conv,0.8641787092065192
densenet121,Relu,1.5306680019005183
densenet121,Conv,0.7854107896092748
densenet121,Concat,0.8062143249574278
densenet121,BatchNormalization,1.1753740601696978
densenet121,Relu,0.9000702325837446
densenet121,Conv,0.8794944938274598
densenet121,Relu,1.521127047733921
densenet121,Conv,0.8271009493411325
densenet121,Concat,0.8033613228756997
densenet121,BatchNormalization,1.195249936308911
densenet121,Relu,0.941147442473559
densenet121,Conv,0.9106204565452383
densenet121,Relu,1.4421406782196025
densenet121,Conv,0.8277413697013081
densenet121,Concat,0.7880072514156211
densenet121,BatchNormalization,1.1939654392423757
densenet121,Relu,0.9191121945983358
densenet121,Conv,0.8268865370492646
densenet121,Relu,1.5684083250956848
densenet121,Conv,0.7897425114668617
densenet121,Concat,0.7892327221777029
densenet121,BatchNormalization,1.1878288877998244
densenet121,Relu,0.9539620258846189
densenet121,Conv,0.9025230781800071
densenet121,Relu,1.404425932284072
densenet121,Conv,0.6814052852973433
densenet121,Concat,0.7880880118077604
densenet121,BatchNormalization,1.2262368204645882
densenet121,Relu,0.9427359284965029
densenet121,Conv,0.804686554004461
densenet121,Relu,1.7253884244193929
densenet121,Conv,0.7905523580110707
densenet121,Concat,0.7704236739440369
densenet121,BatchNormalization,1.2183285016112078
densenet121,Relu,0.9461460862192137
densenet121,Conv,0.7967186029553166
densenet121,Relu,1.7348577397547391
densenet121,Conv,0.8591199210618568
densenet121,Concat,0.7388710871197495
densenet121,BatchNormalization,1.2044071280368072
densenet121,Relu,0.9389687616177584
densenet121,Conv,0.8415538951563936
densenet121,Relu,1.5293993472330132
densenet121,Conv,0.8346856148270659
densenet121,Concat,0.7396300114262051
densenet121,BatchNormalization,1.2302316543826444
densenet121,Relu,0.9496539575068835
densenet121,Conv,0.7466633303209766
densenet121,Relu,1.9230606660232294
densenet121,Conv,0.8345859901905341
densenet121,Concat,0.7099609439539536
densenet121,BatchNormalization,1.2288594620702993
densenet121,Relu,0.9595286812393198
densenet121,Conv,0.750458195170801
densenet121,Relu,1.7548244991260873
densenet121,Conv,0.8440487624163818
densenet121,Concat,0.7088766626301477
densenet121,BatchNormalization,1.207825825555269
densenet121,Relu,1.084393518210756
densenet121,Conv,0.9987301849307302
densenet121,AveragePool,0.8879358008711989
densenet121,Concat,1.0
densenet121,BatchNormalization,1.0625881246987166
densenet121,Relu,1.0995482457806358
densenet121,Conv,0.7901600693110595
densenet121,Relu,1.4529658950234547
densenet121,Conv,0.729938026883372
densenet121,Concat,0.9876598730324844
densenet121,BatchNormalization,1.0574032977273693
densenet121,Relu,1.0966006244817688
densenet121,Conv,0.7719377588944885
densenet121,Relu,1.6483896610991169
densenet121,Conv,0.8697889754017528
densenet121,Concat,0.7804030332154851
densenet121,BatchNormalization,1.0565262306060883
densenet121,Relu,1.0791993987999358
densenet121,Conv,0.8062643890940966
densenet121,Relu,1.4859927594499072
densenet121,Conv,0.7258433660194399
densenet121,Concat,0.7790453085827433
densenet121,BatchNormalization,1.0504141956844073
densenet121,Relu,1.0447151410824256
densenet121,Conv,0.7307565848541107
densenet121,Relu,1.6079649028224983
densenet121,Conv,0.7089079680279665
densenet121,Concat,0.77758274145264
densenet121,BatchNormalization,1.0597283569995897
densenet121,Relu,1.077254740186212
densenet121,Conv,0.6846079614295086
densenet121,Relu,1.8724553678780347
densenet121,Conv,0.8132308358598697
densenet121,Concat,0.73730799069068
densenet121,BatchNormalization,1.047766320647408
densenet121,Relu,1.0471860825680834
densenet121,Conv,0.7345896272926358
densenet121,Relu,1.585629132891504
densenet121,Conv,0.8104442126766782
densenet121,Concat,0.7358377725961616
densenet121,BatchNormalization,1.064795238115603
densenet121,Relu,1.06664961155445
densenet121,Conv,0.6825713230136633
densenet121,Relu,1.9191878336279518
densenet121,Conv,0.8222770166677134
densenet121,Concat,0.7053047912015407
densenet121,BatchNormalization,1.051260697428845
densenet121,Relu,1.0738461226607625
densenet121,Conv,0.6604640188550315
densenet121,Relu,1.9917333439242118
densenet121,Conv,0.7761313519488644
densenet121,Concat,0.6992750232134832
densenet121,BatchNormalization,1.0454802454867385
densenet121,Relu,1.0836997638395007
densenet121,Conv,0.6421739660336474
densenet121,Relu,2.1606640087721285
densenet121,Conv,0.8174253706450627
densenet121,Concat,0.6724891359454582
densenet121,BatchNormalization,1.0515194168242303
densenet121,Relu,1.0758861739808596
densenet121,Conv,0.658772671407494
densenet121,Relu,2.0634065726235518
densenet121,Conv,0.8115380100516281
densenet121,Concat,0.6589633915192652
densenet121,BatchNormalization,1.046307006226124
densenet121,Relu,1.0902877678394205
densenet121,Conv,0.6451486653948508
densenet121,Relu,2.1628384621145913
densenet121,Conv,0.8316338869368837
densenet121,Concat,0.6374577651025968
densenet121,BatchNormalization,1.0476151702198266
densenet121,Relu,1.0782340141222706
densenet121,Conv,0.6667655244686843
densenet121,Relu,2.0425734321411055
densenet121,Conv,0.8034541798231096
densenet121,Concat,0.6294339441938293
densenet121,BatchNormalization,1.0514466804821563
densenet121,Relu,1.0652131323522684
densenet121,Conv,0.6627744795942406
densenet121,Relu,2.067605957133542
densenet121,Conv,0.8269341450493466
densenet121,Concat,0.6211870696619564
densenet121,BatchNormalization,1.0498853570364086
densenet121,Relu,1.0708964534569607
densenet121,Conv,0.6567925849457195
densenet121,Relu,2.046341028145324
densenet121,Conv,0.7948327718906492
densenet121,Concat,0.6177739614303781
densenet121,BatchNormalization,1.0419737759125849
densenet121,Relu,1.0830690965683256
densenet121,Conv,0.6394580595242823
densenet121,Relu,2.091055094832366
densenet121,Conv,0.8186970132687579
densenet121,Concat,0.6151244053077464
densenet121,BatchNormalization,1.0516821935751937
densenet121,Relu,1.0614793943844
densenet121,Conv,0.72168791299696
densenet121,Relu,1.883553381174196
densenet121,Conv,0.8254018139481222
densenet121,Concat,0.6120258405711869
densenet121,BatchNormalization,1.2733496474816353
densenet121,Relu,0.9115919913409816
densenet121,GlobalAveragePool,0.6986955802969825
