model,precision,AP_person,AP50_person,AP_bicycle,AP50_bicycle,AP_car,AP50_car,AP_motorcycle,AP50_motorcycle,AP_bus,AP50_bus,AP_truck,AP50_truck,recall_road_all,precision_road_all,n_gt_all,recall_road_ml,recall_road_large,precision_road_large,n_gt_large,recall_person,precision_person,recall_car,precision_car
frcnn_r50_fpn,fp32,0.5162351164434147,0.8187200532547166,0.2771623681235336,0.5324755156219798,0.4095610123148713,0.6788045997497407,0.39245535173855267,0.7126605012183183,0.5925519148000516,0.7916781420579417,0.32193024315399343,0.5574118471793252,0.7746038513465501,0.6913368848300355,14073,0.8928789544399658,0.9302052785923753,0.6951566951566952,3410,0.8052333673564072,0.7224442224442225,0.7033368091762252,0.5934887813462385
frcnn_r50_fpn,fp16,0.5164958304023494,0.818835261914125,0.2775801730272196,0.5319038323169248,0.40927472205469717,0.6791938474218305,0.3934989067965132,0.7160708435095116,0.5898822044715865,0.7917272840927937,0.3217766333474862,0.5584619250112962,0.7744617352376892,0.6916486863815205,14073,0.8930010993037742,0.9304985337243402,0.6969031407862948,3410,0.8050477869536977,0.7228795200799867,0.7028154327424401,0.5938325991189427
frcnn_r50_fpn,int8,0.5153818051593061,0.8178537581019779,0.27822324314523333,0.5326323606345064,0.4081948532484716,0.6763741573223379,0.3973274449154777,0.717755971155653,0.58723364742894,0.7877700082546787,0.3201115021224739,0.5506936023499189,0.7767355929794643,0.6867500157064773,14073,0.8941004030780506,0.9319648093841643,0.6898198393748644,3410,0.8068108007794377,0.7168769065875176,0.7049009384775808,0.5924627519719544
frcnn_r50_fpn,fp8,0.5145501730962755,0.817473523734941,0.2776742483026906,0.5443092588529928,0.4068038200065047,0.6762172075368608,0.3907588287546555,0.7143403657174905,0.5926919331695347,0.7808244751735319,0.3201663723364792,0.5542189760994549,0.7729695160946494,0.6952131398990222,14073,0.8933675338951997,0.9331378299120234,0.6973482358097742,3410,0.8034703535306672,0.7251486475169584,0.6976016684045881,0.5957257346393589
yolov10s,fp32,0.5856104690064379,0.8170026669984468,0.36089042550537154,0.5957123085601408,0.44937609381208526,0.6673440943719825,0.5046711153111751,0.7552943283431597,0.7033928887363331,0.8200101432481266,0.38210112597457513,0.543262709195262,0.535706672351311,0.9422572178477691,14073,0.7541223891535361,0.8835777126099706,0.9424460431654677,3410,0.5651851164517027,0.9547021943573668,0.4259645464025026,0.8987898789878987
yolov10s,fp16,0.5854961523402126,0.8171256132983008,0.3605036489426253,0.5928375527847213,0.4491017787664334,0.6674410286519019,0.5046965410527736,0.75552653016005,0.7033503482379654,0.8198255673354771,0.38219508138631814,0.5421995515123469,0.5366304270589072,0.9423508859495883,14073,0.7552216929278124,0.884457478005865,0.9422055607622618,3410,0.5662985988679595,0.9547872340425532,0.4259645464025026,0.8987898789878987
yolov10s,int8,0.5815559797046923,0.8139914666611813,0.3475121828962196,0.5873935019539787,0.44180340219348924,0.6587308803660804,0.5045616791668344,0.7535632086285553,0.6962979120339318,0.823870345221276,0.3755937022939993,0.5314600229342181,0.5154551268386272,0.9466266475270781,14073,0.7339684866251374,0.8788856304985337,0.9439370078740158,3410,0.5456991741672079,0.9576616186288878,0.4056308654848801,0.9025522041763341
yolov10s,fp8,0.5789689933645464,0.8128570470076524,0.35618452777965404,0.5859566300854393,0.4438567873271934,0.6590542767001561,0.4976555654678519,0.7455195684639373,0.7066995834599239,0.8269190180994055,0.3798615171161123,0.537622969420791,0.522845164499396,0.9441806749647119,14073,0.7452058140955173,0.8809384164222874,0.9434673366834171,3410,0.5534935510810058,0.9545527284365498,0.40771637122002086,0.910360884749709
yolov10x,fp32,0.6514851990684695,0.8644578759338076,0.42301542116967744,0.6683491134394443,0.5411435976533954,0.7573758160933552,0.57839952196774,0.8152612588987647,0.7734850050936942,0.8813546080652113,0.4803331748990713,0.6383894987193379,0.6287216656007959,0.9356032568467801,14073,0.8175155734701356,0.9143695014662757,0.9408569704284853,3410,0.6530574371346386,0.9480064655172413,0.5547445255474452,0.8896321070234113
yolov10x,fp16,0.6507488544974053,0.864431619861771,0.422537462897252,0.6685343700226128,0.5403816854139831,0.7572825983445786,0.577744407846719,0.8149245350593797,0.7725421153586448,0.8811206509559846,0.4800529140699382,0.6385398154486471,0.6290769558729482,0.9353407290015848,14073,0.817882008061561,0.9140762463343108,0.9399879372738239,3410,0.653614178342767,0.9477933261571583,0.5547445255474452,0.8896321070234113
yolov10x,int8,0.5969144324618355,0.7894773264145354,0.3813905314214727,0.5966470297617802,0.48951526036782517,0.6849953795524902,0.5330465269532948,0.7522585828502805,0.7427503211505961,0.8385096256567998,0.4298031619195309,0.5633414952192798,0.6196972926881262,0.8017835800312586,14073,0.8074996946378404,0.9152492668621701,0.7329732268670738,3410,0.6474900250533544,0.8061460258780037,0.5323253388946819,0.7920868890612878
yolov10x,fp8,0.649333925350572,0.8641535500754876,0.4201577931043588,0.666283536728684,0.5381976652263059,0.7562811140654747,0.5762952712638273,0.816497901693315,0.7734689051768947,0.8837309877783502,0.48136653886369596,0.639019666907967,0.6207631635045833,0.9379428816834873,14073,0.8143398070111152,0.9149560117302052,0.9394760614272809,3410,0.644799109214067,0.9506155950752394,0.5422314911366006,0.8934707903780069
