model,variant,excluded_ops,calibration,top1,head_sqnr_db,mAP,mAP50,mAP75,mAP_small,mAP_medium,mAP_large
densenet121,default,,entropy,0.5738888888888889,6.561464309692383,,,,,,
densenet121,bn_fp16,BatchNormalization,entropy,0.6161111111111112,17.513538360595703,,,,,,
densenet121,calib_max,,max,0.4825555555555555,3.5726916790008545,,,,,,
densenet121,bn_fp16_calib_max,BatchNormalization,max,0.6182222222222222,16.528553009033203,,,,,,
yolov10s,default,,entropy,,11.668302218119305,0.4378737205339468,0.6087833817539503,0.4799026668441883,0.259618960094796,0.4870802247510956,0.5545717100732526
yolov10s,calib_max,,max,,7.663886388142903,0.4450020984596994,0.6123453755240874,0.4825748878735037,0.2494244662233227,0.4884332899218332,0.6236784292610569
yolov10x,default,,entropy,,4.124609510103862,0.4779360300235053,0.6295396289564935,0.5233522802972325,0.3551453604408256,0.5425566760493753,0.5717942999563046
yolov10x,calib_max,,max,,2.2350531220436096,0.4968094008843617,0.6683741921215722,0.541386831530121,0.3297914892450821,0.5189848593326252,0.6745322134974895
frcnn_r50_fpn,default,,entropy,,22.048674964904784,0.3670599148308755,0.5820623999827637,0.3957783217366863,0.20928069342826194,0.40154271694699206,0.4780170890173734
frcnn_r50_fpn,calib_max,,max,,18.099699211120605,0.36616089989927003,0.5808141079200977,0.39356023306903454,0.20894886635875126,0.4012667183064391,0.4735459463154756
