model,tensor,consumers,scale,rms,sqnr_channel_pred_db,kappa,sqnr_pred_db,sqnr_inj_db,clip_share,deadzone_share,deadzone_energy_share,channels_below_step,channel_spread,upstream_of_head,sensitivity_db,consumer_sqnr_out_db,depthwise
yolov10s,images,/model.0/conv/Conv,0.0078740157186985,0.45423387061268,45.83879088623077,2.2015090924987364,46.013477209836,47.26178232202132,0.0,0.0,0.0,0.0,1.0672568928378376,True,6.790191650390625,33.209808349609375,False
yolov10s,/model.0/act/Mul_output_0,/model.1/conv/Conv,0.3660581707954407,1.3125318416747804,7.723189612707017,35.419626568221666,21.883007318017167,20.91175358504834,0.0,0.2262639904022216,0.0018059868210875,0.4375,16.068706840336112,True,9.43802261352539,23.537599563598636,False
yolov10s,/model.1/act/Mul_output_0,/model.2/cv1/conv/Conv,0.3586874008178711,1.166226844115708,14.465953663478594,39.06041104585484,21.033150695537028,20.66576397568322,0.0,0.2604895973205566,0.0024272316396717,0.109375,5.480030046845037,True,2.1745719909667987,20.318437576293945,False
yolov10s,/model.2/Split_output_1,/model.2/m.0/cv1/conv/Conv;/model.2/m.0/Add;/model.2/Concat,0.1772388815879821,1.1126258127019946,17.643687285116734,20.23082486915359,26.74761506815513,26.82246379061248,0.0,0.1472203063964843,0.0002552413802271,0.0,7.181544478745591,True,4.799999237060545,17.695244789123535,False
yolov10s,/model.2/m.0/cv1/act/Mul_output_0,/model.2/m.0/cv2/conv/Conv,0.1193389147520065,0.9529901298780594,25.25492524438792,15.903671715303211,28.837938831417688,28.838319683600524,0.0,0.0537085342407226,7.258562514596906e-05,0.0,2.794688274128494,True,2.241525650024416,14.765074729919434,False
yolov10s,/model.2/m.0/cv2/act/Mul_output_0,/model.2/m.0/Add,0.1402998268604278,1.146461342447956,25.86056854470469,15.541804465232715,29.037858065460885,29.25066845881642,0.0,0.1504187393188476,0.0001517154377382,0.0,3.4121395819105365,True,,,False
yolov10s,/model.2/Concat_output_0,/model.2/cv2/conv/Conv,0.1772388815879821,1.3752379461334492,20.1942561111862,16.36759516777433,28.588189384315783,28.481605838704866,0.0,0.1099753061930338,0.0001328609572446,0.0,7.291019735257884,True,2.0036211013793963,16.602604866027832,False
yolov10s,/model.2/cv2/act/Mul_output_0,/model.3/conv/Conv,0.0749355927109718,0.7088158245134134,25.046744100166737,13.426365418444927,30.30871762003344,30.32979892646226,0.0,0.0401771163940429,3.812961486939217e-05,0.0,4.334964995892398,True,0.424940586090087,16.381763458251953,False
yolov10s,/model.3/act/Mul_output_0,/model.4/cv1/conv/Conv,0.056820448487997,0.4161207621345391,25.69933672536225,17.341593149448535,28.086107018831257,28.317173466742823,0.0,0.0455041885375976,6.395592275459694e-05,0.0,2.6380897578157447,True,-0.4668903350830078,17.15310764312744,False
yolov10s,/model.4/Split_output_1,/model.4/m.0/cv1/conv/Conv;/model.4/m.0/Add;/model.4/Concat,0.0988677591085434,0.4039531364123124,18.769779759776128,31.08332198705587,23.01733833496497,23.166632863492914,0.0,0.1210250091552734,0.0004706054673612,0.0,3.647396595727421,True,3.1969380378723127,16.584895133972168,False
yolov10s,/model.4/m.0/cv1/act/Mul_output_0,/model.4/m.0/cv2/conv/Conv,0.0477918349206447,0.3414274866530321,26.565019360518853,17.777019344344527,27.87070797955475,27.862812913668293,7.62939453125e-08,0.0339842987060546,5.145746093775159e-05,0.0,1.7893080786342164,True,-2.391860008239745,17.362418174743652,False
yolov10s,/model.4/m.0/cv2/act/Mul_output_0,/model.4/m.0/Add,0.0347535125911235,0.4368519836518618,29.612265127222543,10.103413202285193,32.778524583143025,32.9678246408613,1.678466796875e-06,0.0423339080810546,2.4244758896922223e-05,0.0,2.542471531220025,True,,,False
yolov10s,/model.4/m.0/Add_output_0,/model.4/m.1/cv1/conv/Conv;/model.4/m.1/Add;/model.4/Concat,0.0988677591085434,0.6823739871266616,23.04774229289348,18.40076797132412,27.571167899026136,27.54731095172208,0.0,0.0898567199707031,0.0001700682233129,0.0,3.4494594795913383,True,0.5208492279052717,18.540117263793945,False
yolov10s,/model.4/m.1/cv1/act/Mul_output_0,/model.4/m.1/cv2/conv/Conv,0.0416150353848934,0.2542718463718691,26.28411708686564,20.78527202005708,26.512772628431048,25.752027214327512,7.62939453125e-08,0.0249512481689453,5.35895951565463e-05,0.0,1.2916451054776976,True,-0.2217946052551269,16.313581466674805,False
yolov10s,/model.4/m.1/cv2/act/Mul_output_0,/model.4/m.1/Add,0.0644315108656883,0.6206038194910453,28.938761662877635,13.185226424570027,30.466135036449643,30.515925795276125,0.0,0.0507999420166015,4.654928059075447e-05,0.0,2.173130552766188,True,,,False
yolov10s,/model.4/Concat_output_0,/model.4/cv2/conv/Conv,0.0988677591085434,0.6880718459757976,21.54146322245968,18.248392926146067,27.64339440680154,27.653508530472656,0.0,0.09598482131958,0.0001563298068096,0.0,4.592500980216156,True,2.637195587158203,15.254913806915283,False
yolov10s,/model.4/cv2/act/Mul_output_0,/model.5/cv1/conv/Conv;/model.15/Concat,0.0472977720201015,0.4252170820275094,28.003937573887256,14.126471631645986,29.86721284610328,29.888431069356365,7.62939453125e-08,0.0553704833984375,5.936122352616838e-05,0.0,2.1560917980517664,True,-2.650409698486328,17.678229331970215,False
yolov10s,/model.5/cv1/act/Mul_output_0,/model.5/cv2/conv/Conv,0.0536519140005111,0.3071690241501353,24.815296618456536,22.182552739219343,25.94765642497026,26.805645621764217,1.9073486328125e-08,0.0347265815734863,9.011556558360424e-05,0.0,1.779113339719312,True,1.336313247680664,13.945930480957031,True
yolov10s,/model.5/cv2/conv/Conv_output_0,/model.6/cv1/conv/Conv,0.1366374194622039,0.5752299900714447,21.768911292792964,30.166981157475178,23.27724983900448,23.287666465079027,0.0,0.104034194946289,0.0004827162325028,0.0,1.7983363329890418,True,-0.7072014808654776,14.590641975402832,False
yolov10s,/model.6/Split_output_1,/model.6/m.0/cv1/conv/Conv;/model.6/m.0/Add;/model.6/Concat,0.0801938995718956,0.35294945122434,20.854213061010512,28.855761668707736,23.663236033334183,23.388639579938083,0.0,0.0987965393066406,0.0004180192684539,0.0,2.498887314460674,True,-1.0738849639892578,18.35886287689209,False
yolov10s,/model.6/m.0/cv1/act/Mul_output_0,/model.6/m.0/cv2/conv/Conv,0.0453307516872882,0.3024602353847121,26.652231581502143,19.033925094196366,27.277319762330137,28.146301671829114,1.373291015625e-06,0.0266131591796875,4.97370219235996e-05,0.0,1.3278199283086125,True,-1.533444881439209,17.121273040771484,False
yolov10s,/model.6/m.0/cv2/act/Mul_output_0,/model.6/m.0/Add,0.0375413447618484,0.3163549172909377,28.497710703145135,15.070891976589897,29.305107740340414,29.16747861412057,1.068115234375e-06,0.0398838806152343,4.674612268384315e-05,0.0,1.6207732016266685,True,,,False
yolov10s,/model.6/m.0/Add_output_0,/model.6/m.1/cv1/conv/Conv;/model.6/m.1/Add;/model.6/Concat,0.0801938995718956,0.4336990842363107,24.091721155196375,23.483160596395027,25.45275591633028,25.443762795487768,0.0,0.0832333374023437,0.0002352540054985,0.0,1.738242890333926,True,-3.0173702239990234,18.435834884643555,False
yolov10s,/model.6/m.1/cv1/act/Mul_output_0,/model.6/m.1/cv2/conv/Conv,0.0433822385966777,0.2962050519962622,27.04041417730191,18.60044001493804,27.477422518033592,27.22152832791128,1.678466796875e-06,0.0202638244628906,3.612827398171728e-05,0.0,1.4369475973606625,True,0.0941491127014151,15.094936847686768,False
yolov10s,/model.6/m.1/cv2/act/Mul_output_0,/model.6/m.1/Add,0.060590986162424,0.6468144111409648,30.48150877256451,11.896851879125528,31.35924579023649,30.520462656911924,9.307861328125e-06,0.0511247253417968,3.759638005099472e-05,0.0,1.6944860151090615,True,,,False
yolov10s,/model.6/Concat_output_0,/model.6/cv2/conv/Conv,0.0801938995718956,0.5413823463061976,23.80833700765792,18.812259607502,27.37906761278643,27.160100792677937,3.4332275390625e-07,0.074462776184082,0.0001352314235982,0.0,3.2637914311215623,True,-0.9726629257202156,15.957800388336182,False
yolov10s,/model.6/cv2/act/Mul_output_0,/model.7/cv1/conv/Conv;/model.12/Concat,0.0535018891096115,0.418797099613424,27.514594695904552,16.224419708714873,28.66450342877267,29.329345839926237,1.220703125e-06,0.0419245147705078,5.692891019685315e-05,0.0,1.822928138763456,True,-2.338355541229247,16.47901153564453,False
yolov10s,/model.7/cv1/act/Mul_output_0,/model.7/cv2/conv/Conv,0.0637536346912384,0.3433523216488966,24.214538147714364,23.58135097763157,25.41651323479264,25.59893436869092,1.1444091796875e-07,0.0564154052734375,0.0001632948446111,0.0,1.8393414692318797,True,0.3432397842407217,13.490213871002195,True
yolov10s,/model.7/cv2/conv/Conv_output_0,/model.8/cv1/conv/Conv,0.0791864171624183,0.5688365012716093,26.758478281888,17.679377039177112,27.91854772172666,27.64841739914734,5.340576171875e-06,0.0608360290527343,9.81007069311768e-05,0.0,1.7106223553812383,True,-0.6167759895324707,14.100759029388428,False
yolov10s,/model.8/Split_output_1,/model.8/m.0/cv1/cv1.0/conv/Conv;/model.8/m.0/Add;/model.8/Concat,0.111378014087677,0.2917213570111294,17.026442396932666,48.48807757532588,19.15518756312462,18.74722103284225,0.0,0.139595947265625,0.0017071864975466,0.0,1.8979970577824783,True,0.6866211891174316,13.806971073150637,True
yolov10s,/model.8/m.0/cv1/cv1.0/act/Mul_output_0,/model.8/m.0/cv1/cv1.1/conv/Conv,0.0570477172732353,0.3049207562034034,23.417801122581988,23.76046873263008,25.350786801571545,25.33071636862004,2.13623046875e-06,0.0830331420898437,0.0002428836020066,0.0,2.0791213525167,True,-0.4364719390869149,13.698394775390623,False
yolov10s,/model.8/m.0/cv1/cv1.1/act/Mul_output_0,/model.8/m.0/cv1/cv1.2/conv/Conv,0.0426041521131992,0.3908724499833265,28.88556417767893,13.842692977228529,30.043475147440187,29.60075159910394,8.23974609375e-06,0.057698974609375,5.703885283491489e-05,0.0,1.7743509410854597,True,-0.8354949951171875,14.542236804962158,True
yolov10s,/model.8/m.0/cv1/cv1.2/act/Mul_output_0,/model.8/m.0/cv1/cv1.3/conv/Conv,0.0660803616046905,0.5614742127325647,26.6688929170374,14.946734388660133,29.376960540639512,28.79664202331186,1.7242431640625e-05,0.0661665344238281,7.669173209751595e-05,0.0,2.271121257658454,True,-0.7030425071716309,14.37324571609497,False
yolov10s,/model.8/m.0/cv1/cv1.3/act/Mul_output_0,/model.8/m.0/cv1/cv1.4/conv/Conv,0.0484445169568061,0.5509437230328229,30.31869110942233,11.167118157997145,31.90906465194499,31.64891761641973,4.57763671875e-06,0.0491195678710937,3.174307188505845e-05,0.0,1.8239182324965808,True,0.2410240173339843,14.322871685028076,True
yolov10s,/model.8/m.0/cv1/cv1.4/act/Mul_output_0,/model.8/m.0/Add,0.1121818944811821,0.6463344990612759,23.2450627071175,22.042921459093314,26.00250381512825,25.73807574151485,1.190185546875e-05,0.1253854370117187,0.0003164875907029,0.0,2.452750868246046,True,,,False
yolov10s,/model.8/Concat_output_0,/model.8/cv2/conv/Conv,0.111378014087677,0.5085294907841474,20.042952381109245,27.81551128396412,23.98214593505178,23.513615417900464,4.170735677083333e-06,0.1115268961588541,0.0004474956824186,0.0,3.185489341331145,True,-0.3144640922546378,13.82066535949707,False
yolov10s,/model.8/cv2/act/Mul_output_0,/model.9/cv1/conv/Conv,0.0490983389317989,0.4942377823748625,29.112383421651455,12.61637468179043,30.849195315318976,30.36296208200961,4.2724609375e-06,0.0412252807617187,3.3956236920905954e-05,0.0,1.9452150043320584,True,0.0382862091064453,12.111522197723389,False
yolov10s,/model.9/cv1/act/Mul_output_0,/model.9/m/MaxPool;/model.9/Concat,0.0403359867632389,0.8706856208396452,36.645748751348414,5.883490201654298,37.47518618924114,37.42730793891641,1.52587890625e-05,0.0285055541992187,5.091104205455204e-06,0.0,1.6087275716647351,True,,,False
yolov10s,/model.9/m/MaxPool_output_0,/model.9/m_1/MaxPool;/model.9/Concat,0.0403359867632389,1.915354611078989,43.73678029274121,2.674528408107966,44.322942575344776,42.43759643615611,0.0002883911132812,0.0007696533203125,2.9796919544425493e-08,0.0,1.5484026892035294,True,,,False
yolov10s,/model.9/m_1/MaxPool_output_0,/model.9/m_2/MaxPool;/model.9/Concat,0.0403359867632389,2.303196651299371,45.41800607411079,2.2241567241083544,45.92457915289391,41.64800235703676,0.0008316040039062,1.068115234375e-05,2.92749670926319e-10,0.0,1.4891170701209189,True,,,False
yolov10s,/model.9/Concat_output_0,/model.9/cv2/conv/Conv,0.0403359867632389,2.0050146135520808,41.088574240144325,2.5549291682498145,44.720309590686895,40.97596410243091,0.0006716918945312,0.0073214721679687,2.469101753956384e-07,0.0,3.388097695054626,True,6.868970394134523,14.898521900177002,False
yolov10s,/model.9/cv2/act/Mul_output_0,/model.10/cv1/conv/Conv,0.0562949888408184,0.4410598827329683,26.228181809377716,16.209734466175536,28.67236886617753,28.82914941437282,2.8228759765625e-05,0.0439337158203125,5.985738245651258e-05,0.0,1.9308557658191228,True,-0.7218074798583993,13.458637714385986,False
yolov10s,/model.10/Split_output_1,/model.10/attn/Shape;/model.10/attn/qkv/conv/Conv;/model.10/Add,0.0593113712966442,0.7650830675368745,29.344935120645264,9.845393885038202,33.00322496645251,32.360427058328334,1.373291015625e-05,0.045723876953125,2.292998359835225e-05,0.0,2.8712304554806742,True,0.1349430084228524,12.62060260772705,False
yolov10s,/model.10/attn/Split_output_1,/model.10/attn/MatMul,0.0650319382548332,0.988114234795632,34.31474202832838,8.35840216396843,34.42542161238217,34.4201530479462,1.8310546875e-06,0.029334716796875,1.0596744337293365e-05,0.0,1.1495323658707457,True,,,False
yolov10s,/model.10/attn/Split_output_2,/model.10/attn/Reshape_2;/model.10/attn/MatMul_1,0.0607363991439342,1.111678163785996,35.84942844617704,6.938629310672098,36.04241315235742,35.94665418181808,3.47900390625e-05,0.0270864868164062,6.749613269923199e-06,0.0,1.2301436380513164,True,,,False
yolov10s,/model.10/attn/Transpose_output_0,/model.10/attn/MatMul,0.0079976897686719,0.1949623909791467,38.43632433765926,5.209756587002379,38.53153823084574,38.47079605922688,4.57763671875e-05,0.0175616455078125,2.456871451330628e-06,0.0,1.149922285060489,True,,,False
yolov10s,/model.10/attn/Reshape_2_output_0,/model.10/attn/pe/conv/Conv,0.0607363991439342,1.111678163785996,34.897956039797535,6.938629310672098,36.04241315235742,35.94665418181808,3.47900390625e-05,0.0270864868164062,6.749613269923199e-06,0.0,1.7679270216903644,True,-0.4517273902893066,12.47276258468628,True
yolov10s,/model.10/attn/Transpose_1_output_0,/model.10/attn/MatMul_1,0.0036179206799715,0.0063701866588786,14.993612843040268,72.1291150418618,15.70567480304593,17.444673020322583,1.513671875e-06,0.663025244140625,0.0079034218433373,0.0,1.473504969745096,True,,,False
yolov10s,/model.10/attn/Reshape_1_output_0,/model.10/attn/Add,0.0426003150641918,0.7594642047576962,33.060147003748106,7.123759064956162,35.81370242718928,31.968062230283557,0.00021484375,0.0290240478515625,7.634872782002505e-06,0.0,2.4302394805559877,True,,,False
yolov10s,/model.10/attn/Add_output_0,/model.10/attn/proj/conv/Conv,0.049438115209341,0.6150222871038968,31.07002201894076,10.208801799934855,32.68839143494464,18.3793289271242,0.000263671875,0.0425625610351562,2.300415327332732e-05,0.0,1.7182805166372983,True,0.1989302635192862,9.941917896270752,False
yolov10s,/model.10/Add_output_0,/model.10/ffn/ffn.0/conv/Conv;/model.10/Add_1,0.1105974912643432,1.1087047264961716,29.843345499055975,12.668730505876576,30.813224924334516,30.8166268878304,0.0,0.0535488891601562,4.42787767536962e-05,0.0,1.500319244534763,True,-0.3541007041931152,11.841525554656982,False
yolov10s,/model.10/ffn/ffn.0/act/Mul_output_0,/model.10/ffn/ffn.1/conv/Conv,0.0755496248602867,0.6873502284533923,26.354582313551028,13.959117143011198,29.97072784342727,29.59440316039069,0.0,0.0818150329589843,8.2527369674592e-05,0.0,3.474099417266584,True,0.2692217826843261,9.475912094116213,False
yolov10s,/model.10/Concat_output_0,/model.10/cv2/conv/Conv,0.0470508374273777,0.7869266642604399,32.16466939535982,7.593409430207516,35.25915053359509,31.535780889253108,0.0001815795898437,0.0331681823730468,9.929090295480036e-06,0.0,2.7323141412478917,True,-2.383349895477295,13.560352325439451,False
yolov10s,/model.10/cv2/act/Mul_output_0,/model.11/Resize;/model.21/Concat,0.036137618124485,0.4106159712526454,29.481389630358017,11.177055504706038,31.90133872716456,16.222494125276334,0.0004771423339843,0.0283071899414062,1.8365566017484423e-05,0.0,1.920783111142108,True,,,False
yolov10s,/model.12/Concat_output_0,/model.13/cv1/conv/Conv,0.0535018891096115,0.41336100539364,26.50261339970054,16.43778641008987,28.55102021966344,22.401986848303657,0.000108642578125,0.042007573445638,5.884137626258841e-05,0.0,1.961631963478724,True,-2.576502799987793,13.916038036346436,False
yolov10s,/model.13/Split_output_1,/model.13/m.0/cv1/conv/Conv;/model.13/Concat,0.0448600873351097,0.4004895946546867,27.121446607183984,14.22566570417702,29.80643490389691,30.522039515882653,9.1552734375e-07,0.0277085876464843,2.8961909308514488e-05,0.0,1.944263730541268,True,-0.4039020538330078,14.429703235626222,False
yolov10s,/model.13/m.0/cv1/act/Mul_output_0,/model.13/m.0/cv2/conv/Conv,0.0360041558742523,0.3268750328872862,29.263916710651195,13.988611352910375,29.95239479376349,28.02000863280909,4.8980712890625e-05,0.0250787353515625,2.5423785131017492e-05,0.0,1.5454772212799686,True,-1.066007137298583,12.250646114349363,False
yolov10s,/model.13/Concat_output_0,/model.13/cv2/conv/Conv,0.0448600873351097,0.4041416984771177,27.923780949463,14.09711275284678,29.885283412169727,23.471119364076788,9.165445963541668e-05,0.03486328125,3.5923278752995175e-05,0.0,1.9542635845016467,True,-0.7318663597106934,12.08098316192627,False
yolov10s,/model.13/cv2/act/Mul_output_0,/model.14/Resize;/model.18/Concat,0.0609228797256946,0.3785339755344867,24.87335320046237,20.439924089345887,26.658301308306093,25.013761629782117,6.9122314453125e-05,0.0590318298339843,0.0001277651839135,0.0,1.9209436664165644,True,,,False
yolov10s,/model.15/Concat_output_0,/model.16/cv1/conv/Conv,0.0472977720201015,0.3947089679396185,27.361087326241773,15.218344487860238,29.220538665191228,24.3060789048978,9.22393798828125e-05,0.0489801025390625,5.957617518267804e-05,0.0,2.028188627557598,True,-3.72149658203125,15.542577266693115,False
yolov10s,/model.16/Split_output_1,/model.16/m.0/cv1/conv/Conv;/model.16/Concat,0.0581626743078231,0.4657686946976717,23.759994968662586,15.859072799832951,28.86233102537001,28.63118098028486,0.0,0.043338394165039,5.6665666646700814e-05,0.0,2.838561530709661,True,2.948026657104492,16.192381858825684,False
yolov10s,/model.16/m.0/cv1/act/Mul_output_0,/model.16/m.0/cv2/conv/Conv,0.0316448993980884,0.2523403039984445,28.36573029706522,15.926517325516132,28.825470511933744,28.57189059942065,1.8310546875e-06,0.0257331085205078,3.380715488938802e-05,0.0,1.2938642929758395,True,0.6455216407775861,13.824496269226074,False
yolov10s,/model.16/Concat_output_0,/model.16/cv2/conv/Conv,0.0581626743078231,0.3831748641798316,24.11311605580868,19.27751616198613,27.166865361531737,26.994139497531883,0.0,0.0609690348307291,0.0001172325589654,0.0,2.336769010344132,True,0.5836634635925311,13.954976081848146,False
yolov10s,/model.16/cv2/act/Mul_output_0,/model.17/conv/Conv;/model.23/Shape;/model.23/one2one_cv2.0/one2one_cv2.0.0/conv/Conv;/model.23/one2one_cv3.0/one2one_cv3.0.0/one2one_cv3.0.0.0/conv/Conv,0.0487959571182727,0.3151001767306641,23.39090239895978,19.66703610997236,26.99310857604538,26.753271471092685,0.0,0.0660786819458007,0.0001321132193177,0.0,2.7867342880559827,True,1.718912124633789,11.7088942527771,True
yolov10s,/model.23/one2one_cv2.0/one2one_cv2.0.0/act/Mul_output_0,/model.23/one2one_cv2.0/one2one_cv2.0.1/conv/Conv,0.0829178616404533,0.5491270019756458,23.38110678085795,19.17692699585116,27.212306580639197,27.3191270549154,2.288818359375e-07,0.0834442138671875,0.0001584487761865,0.0,2.881347668797996,False,3.366786479949951,10.568771839141846,False
yolov10s,/model.23/one2one_cv3.0/one2one_cv3.0.0/one2one_cv3.0.0.0/act/Mul_output_0,/model.23/one2one_cv3.0/one2one_cv3.0.0/one2one_cv3.0.0.1/conv/Conv,0.0673572793602943,0.7662129109220351,25.716580797843715,11.164487516222264,31.911111030926687,31.912220845785846,3.814697265625e-07,0.030599021911621,2.030979041088252e-05,0.0,5.076493263561738,False,5.559704303741455,13.71772003173828,False
yolov10s,/model.18/Concat_output_0,/model.19/cv1/conv/Conv,0.0609228797256946,0.3911663010064343,25.412453345594376,19.77983713130736,26.94343265435772,25.64038582369543,4.628499348958333e-05,0.061365966796875,0.0001242739731532,0.0,1.9345831689306567,True,-1.3003697395324707,11.567584037780762,False
yolov10s,/model.23/one2one_cv2.0/one2one_cv2.0.1/act/Mul_output_0,/model.23/one2one_cv2.0/one2one_cv2.0.2/Conv,0.2878387868404388,1.472582173505662,22.55972400868915,24.82409918199053,24.970416924475767,25.37133717316534,1.1444091796875e-06,0.2018189239501953,0.0006662776719526,0.0,2.0151580662379134,False,-7.073225975036621,18.40774440765381,False
yolov10s,/model.23/one2one_cv3.0/one2one_cv3.0.0/one2one_cv3.0.0.1/act/Mul_output_0,/model.23/one2one_cv3.0/one2one_cv3.0.1/one2one_cv3.0.1.0/conv/Conv,0.0890135094523429,0.4732321309098266,21.753072902203147,23.888309694257952,25.30417846511481,25.50669237962248,7.62939453125e-08,0.094924201965332,0.0002801880520433,0.0,3.146936257093527,False,-0.979844570159912,13.94245147705078,True
yolov10s,/model.19/Split_output_1,/model.19/m.0/cv1/conv/Conv;/model.19/Concat,0.0672208368778228,0.3304635340875112,24.02269756648347,25.833550158737875,24.6242050213993,25.374852654424902,0.0,0.0620697021484375,0.0002154503547903,0.0,1.4661575350507223,True,-2.978734970092772,13.369995594024658,False
yolov10s,/model.23/one2one_cv3.0/one2one_cv3.0.1/one2one_cv3.0.1.0/act/Mul_output_0,/model.23/one2one_cv3.0/one2one_cv3.0.1/one2one_cv3.0.1.1/conv/Conv,0.2571540176868438,0.6037160092123575,13.03061665973982,54.095898978788725,18.204600031582828,18.32818396195313,1.1444091796875e-07,0.3118381881713867,0.0044716690817241,0.1875,4.209605402414836,False,3.189162254333495,11.03941822052002,False
yolov10s,/model.19/m.0/cv1/act/Mul_output_0,/model.19/m.0/cv2/conv/Conv,0.0633312091231346,0.2835287698706418,23.4510606368286,28.367715778217818,23.811399539677097,23.82635251342526,6.103515625e-07,0.0601593017578125,0.000250372875023,0.0,1.3742669854940923,True,-1.0559535026550293,11.098412990570068,False
yolov10s,/model.23/one2one_cv3.0/one2one_cv3.0.1/one2one_cv3.0.1.1/act/Mul_output_0,/model.23/one2one_cv3.0/one2one_cv3.0.2/Conv,0.8544700741767883,2.4827475356252,14.23319529349373,43.70871297355872,20.05652650670497,20.55890643557104,0.0,0.4638731384277343,0.0034587046932379,0.140625,5.08757201710559,False,-18.91027593612671,30.355818748474125,False
yolov10s,/model.19/Concat_output_0,/model.19/cv2/conv/Conv,0.0672208368778228,0.4327734478115372,25.18223004307144,19.726363358597705,26.96694630872989,20.624244257561784,9.541829427083331e-05,0.0675443013509114,0.0001363251230564,0.0,1.9254581286051364,True,-1.0330955982208252,10.96389865875244,False
yolov10s,/model.19/cv2/act/Mul_output_0,/model.20/cv1/conv/Conv;/model.23/one2one_cv2.1/one2one_cv2.1.0/conv/Conv;/model.23/one2one_cv3.1/one2one_cv3.1.0/one2one_cv3.1.0.0/conv/Conv;/model.23/Shape_5,0.0594123564660549,0.42070456348483,25.569110729831262,17.93507826178132,27.793821357392357,25.914607198326934,6.18743896484375e-05,0.071563720703125,0.0001192209141708,0.0,2.246584115715422,True,-0.4117898941040048,9.94627285003662,True
yolov10s,/model.20/cv1/act/Mul_output_0,/model.20/cv2/conv/Conv,0.0829521492123603,0.46106088177904,23.66848978008736,22.849309855392484,25.690425137667244,25.773740650889003,1.7852783203125e-05,0.1136943817138671,0.0003067031150799,0.0,1.8379173982988988,True,-0.2402479648590088,9.855316638946531,True
yolov10s,/model.23/one2one_cv2.1/one2one_cv2.1.0/act/Mul_output_0,/model.23/one2one_cv2.1/one2one_cv2.1.1/conv/Conv,0.0493075661361217,0.4949361649503753,29.319184694661924,12.65225971093732,30.82452491900664,30.084232865477063,1.739501953125e-05,0.0479830932617187,3.977777227423707e-05,0.0,2.0044535113084585,False,0.5865907669067383,11.34372615814209,False
yolov10s,/model.23/one2one_cv3.1/one2one_cv3.1.0/one2one_cv3.1.0.0/act/Mul_output_0,/model.23/one2one_cv3.1/one2one_cv3.1.0/one2one_cv3.1.0.1/conv/Conv,0.1333665996789932,0.5361924854826172,17.962640022967896,31.58857801594692,22.877285354672125,22.76696537069804,1.9073486328125e-06,0.2076793670654297,0.0010916221007975,0.00390625,3.5365479079625617,False,-0.785153865814209,12.291460037231444,False
yolov10s,/model.21/Concat_output_0,/model.22/cv1/conv/Conv,0.036137618124485,0.4775239057560111,30.139964868446818,9.61099003942762,33.212524336393614,11.20374297658936,0.0009949747721354,0.0339802042643229,1.6224342099328225e-05,0.0,2.129719665868209,True,-0.8112721443176287,11.002817153930664,False
yolov10s,/model.23/one2one_cv2.1/one2one_cv2.1.1/act/Mul_output_0,/model.23/one2one_cv2.1/one2one_cv2.1.2/Conv,0.1867834329605102,1.5978802380364745,28.066277412780465,14.845603206867697,29.43592990852995,28.44448480211388,1.739501953125e-05,0.131907958984375,0.0001529582287561,0.0,1.752872167603456,False,-6.288723468780518,18.340097427368164,False
yolov10s,/model.23/one2one_cv3.1/one2one_cv3.1.0/one2one_cv3.1.0.1/act/Mul_output_0,/model.23/one2one_cv3.1/one2one_cv3.1.1/one2one_cv3.1.1.0/conv/Conv,0.0730374157428741,0.5154834518832465,25.892868115648422,17.99427656786529,27.76519905559302,27.664000815728382,2.44140625e-06,0.0690533447265625,0.0001156392787483,0.0,2.1739285404134514,False,-0.1188907623291006,11.965792179107666,True
yolov10s,/model.22/Split_output_1,/model.22/m.0/cv1/cv1.0/conv/Conv;/model.22/m.0/Add;/model.22/Concat,0.0676807612180709,0.3633682732112949,23.050844120204005,23.654945432445185,25.389447868610773,24.90004552891098,8.23974609375e-05,0.1119403076171875,0.0003071074123089,0.0,1.8183469153705745,True,-0.9335241317749025,11.831738471984863,True
yolov10s,/model.23/one2one_cv3.1/one2one_cv3.1.1/one2one_cv3.1.1.0/act/Mul_output_0,/model.23/one2one_cv3.1/one2one_cv3.1.1/one2one_cv3.1.1.1/conv/Conv,0.2639440596103668,0.606723162379184,13.491504350788048,55.2490784084604,18.02138611768621,18.045746039717656,2.593994140625e-06,0.3651007080078125,0.0057291467676197,0.140625,3.6938160124738304,False,2.4887495040893564,10.759132385253906,False
yolov10s,/model.22/m.0/cv1/cv1.0/act/Mul_output_0,/model.22/m.0/cv1/cv1.1/conv/Conv,0.0271970126777887,0.2730775339328565,29.51067946188974,12.648497883858996,30.82710783099717,22.022363344045605,0.0002639770507812,0.0585934448242187,4.841314584661901e-05,0.0,1.7701263854329563,True,-0.7670450210571289,12.354816436767578,False
yolov10s,/model.23/one2one_cv3.1/one2one_cv3.1.1/one2one_cv3.1.1.1/act/Mul_output_0,/model.23/one2one_cv3.1/one2one_cv3.1.2/Conv,0.4233976900577545,2.4664099105039483,21.37489509566965,21.801528776028952,26.09814791051761,25.593716281331773,3.0517578125e-07,0.1940785217285156,0.0005076562495161,0.0,4.0677837248265085,False,-15.79316234588623,26.685962677001957,False
yolov10s,/model.22/m.0/cv1/cv1.1/act/Mul_output_0,/model.22/m.0/cv1/cv1.2/conv/Conv,0.0315595380961895,0.3263734155460939,29.854116159016787,12.280599911943517,31.083495224139167,29.371487054091794,7.2784423828125e-05,0.0574855041503906,4.483226590376928e-05,0.0,1.7732904116484094,True,-1.917099475860596,14.409717082977297,True
yolov10s,/model.22/m.0/cv1/cv1.2/act/Mul_output_0,/model.22/m.0/cv1/cv1.3/conv/Conv,0.0536895208060741,0.3908893127708148,25.545587646769867,17.443733864295393,28.03509783751033,27.55143932208467,2.685546875e-05,0.0913969421386718,0.0001436179454459,0.0,2.1387751822705243,True,-0.5689473152160645,14.749471187591553,False
yolov10s,/model.22/m.0/cv1/cv1.3/act/Mul_output_0,/model.22/m.0/cv1/cv1.4/conv/Conv,0.0418742410838604,0.4351764155469238,30.112835715826023,12.22039712553504,31.126180492027537,29.38420131238232,6.927490234375e-05,0.0510589599609375,3.934830763553792e-05,0.0,1.6254365188004936,True,0.3814549446105957,13.816863536834717,True
yolov10s,/model.22/m.0/cv1/cv1.4/act/Mul_output_0,/model.22/m.0/Add,0.068000204861164,0.4644320001646764,25.65263527354027,18.594812619082475,27.48005075342724,26.566957799407813,3.936767578125e-05,0.1155096435546875,0.0002074112162453,0.0,1.849924150493529,True,,,False
yolov10s,/model.22/Concat_output_0,/model.22/cv2/conv/Conv,0.0676807612180709,0.4738147578851744,25.20028587778051,18.140964441588924,27.694679438425737,27.08207710985257,6.673177083333333e-05,0.0879694620768229,0.0001463056111322,0.0,2.372405110360729,True,-1.9525437355041493,12.890658378601074,False
yolov10s,/model.22/cv2/act/Mul_output_0,/model.23/one2one_cv2.2/one2one_cv2.2.0/conv/Conv;/model.23/one2one_cv3.2/one2one_cv3.2.0/one2one_cv3.2.0.0/conv/Conv;/model.23/Shape_9,0.0595704466104507,0.4438763012458917,27.076579363221263,17.04404289729416,28.236434507920883,27.969489068818447,3.35693359375e-06,0.0731217956542968,0.0001097652664891,0.0,1.746305409854247,True,-0.9145288467407237,12.671409606933594,True
yolov10s,/model.23/one2one_cv2.2/one2one_cv2.2.0/act/Mul_output_0,/model.23/one2one_cv2.2/one2one_cv2.2.1/conv/Conv,0.0573789626359939,0.5823001724527217,29.687823384602694,12.514384503918194,30.919696989085036,30.76705920108545,2.3193359375e-05,0.061163330078125,4.950461592394908e-05,0.0,1.641718206820928,False,0.1920671463012695,13.893009185791016,False
yolov10s,/model.23/one2one_cv3.2/one2one_cv3.2.0/one2one_cv3.2.0.0/act/Mul_output_0,/model.23/one2one_cv3.2/one2one_cv3.2.0/one2one_cv3.2.0.1/conv/Conv,0.0851240530610084,0.3593874822127575,17.51424910275427,30.0810553338864,23.30202550872749,21.846066682430585,1.739501953125e-05,0.1888581848144531,0.0008717018437068,0.021484375,4.328954002169568,False,-0.8782153129577637,13.799543857574465,False
yolov10s,/model.23/one2one_cv2.2/one2one_cv2.2.1/act/Mul_output_0,/model.23/one2one_cv2.2/one2one_cv2.2.2/Conv,0.2720202803611755,1.944079122248619,26.337605691777583,17.770148966936592,27.87406550947993,27.809868931601585,1.8310546875e-05,0.2211279296875,0.0003731102068644,0.0,1.613932389212715,False,-5.348330974578858,19.58686637878418,False
yolov10s,/model.23/one2one_cv3.2/one2one_cv3.2.0/one2one_cv3.2.0.1/act/Mul_output_0,/model.23/one2one_cv3.2/one2one_cv3.2.1/one2one_cv3.2.1.0/conv/Conv,0.0501105301082134,0.4993547146370742,29.10988417603754,12.744522354952473,30.761415611140727,27.736086822634405,9.82666015625e-05,0.0529315185546875,4.447311057592391e-05,0.0,1.898418911020757,False,-0.0154213905334463,13.525038719177246,True
yolov10s,/model.23/one2one_cv3.2/one2one_cv3.2.1/one2one_cv3.2.1.0/act/Mul_output_0,/model.23/one2one_cv3.2/one2one_cv3.2.1/one2one_cv3.2.1.1/conv/Conv,0.2338906824588775,0.6453720606889704,14.274491308853612,46.02634430837719,19.60775724039412,17.85201131560808,4.150390625e-05,0.384189453125,0.0041018002831431,0.0703125,2.8118649106526536,False,2.369592666625976,11.968642234802246,False
yolov10s,/model.23/one2one_cv3.2/one2one_cv3.2.1/one2one_cv3.2.1.1/act/Mul_output_0,/model.23/one2one_cv3.2/one2one_cv3.2.2/Conv,0.1346038728952407,2.4210776420288824,32.2846589415736,7.060778044016008,35.890835686873395,26.421525498062653,0.000260009765625,0.04929931640625,1.2144355751780618e-05,0.0,3.1554962471142174,False,-17.237172603607178,29.89960193634033,False
yolov10x,images,/model.0/conv/Conv,0.007874015718698502,0.45423387061268006,45.83879088623077,2.2015090924987364,46.013477209836,47.26178232202132,0.0,0.0,0.0,0.0,1.0672568928378376,True,13.922478675842285,26.077521324157715,False
yolov10x,/model.0/act/Mul_output_0,/model.1/conv/Conv,0.7113454937934875,1.2122321947903585,3.462317336658238,74.52440060577365,15.421917045187179,15.360309389874375,0.0,0.5500433769226074,0.014181695249481006,0.5375,10.452876258359995,True,7.74192714691162,18.631537437438965,False
yolov10x,/model.1/act/Mul_output_0,/model.2/cv1/conv/Conv,0.8042554259300232,1.0634038244529052,6.647298108977083,96.05047183807305,13.217896826996025,14.417827460733946,0.0,0.48237918853759765,0.012593016433584788,0.50625,4.526316825115476,True,2.138176918029786,15.505124568939209,False
yolov10x,/model.2/Split_output_1,/model.2/m.0/cv1/conv/Conv;/model.2/m.0/Add;/model.2/Concat,0.1598837524652481,0.7056370133625909,16.7796258323042,28.77575322519637,23.687352871428434,23.416136901387773,0.0,0.10362258911132813,0.0004242922902993996,0.025,6.494906469047645,True,5.554543018341064,9.962586879730225,False
yolov10x,/model.2/m.0/cv1/act/Mul_output_0,/model.2/m.0/cv2/conv/Conv,0.1353435069322586,0.6956426175111248,22.69744303578379,24.708988419792956,25.010787562565298,25.43502396597475,0.0,0.13906739807128907,0.000384675657188051,0.0,2.372355082540149,True,-0.7557816505432129,9.39988899230957,False
yolov10x,/model.2/m.0/cv2/act/Mul_output_0,/model.2/m.0/Add,0.05004464462399483,0.4877481852448316,27.051039015267808,13.030637651797784,30.568573512571145,30.352206121499133,0.0,0.03159030151367188,2.5251146832411192e-05,0.0,3.079526718455005,True,,,False
yolov10x,/model.2/m.0/Add_output_0,/model.2/m.1/cv1/conv/Conv;/model.2/m.1/Add;/model.2/Concat,0.1598837524652481,1.0205639867501433,21.08641613431634,19.896093558764466,26.892530590007567,26.806562560165293,0.0,0.05958213806152344,0.00013942301670460944,0.0,5.370563904605029,True,4.378861427307127,9.381090641021729,False
yolov10x,/model.2/m.1/cv1/act/Mul_output_0,/model.2/m.1/cv2/conv/Conv,0.09005066007375717,0.38221864320970395,22.191366172672694,29.921182633398054,23.348311779564746,23.63844671618981,0.0,0.12874172973632814,0.0005274946445879707,0.0,1.8823726817513875,True,-1.4840810298919678,8.8063063621521,False
yolov10x,/model.2/m.1/cv2/act/Mul_output_0,/model.2/m.1/Add,0.12048149108886719,0.614856940327783,22.30448156276542,24.885706519192937,24.948887377205992,24.986026082204326,0.0,0.12356129455566406,0.00040246204271996734,0.0,2.7047012696877,True,,,False
yolov10x,/model.2/m.1/Add_output_0,/model.2/m.2/cv1/conv/Conv;/model.2/m.2/Add;/model.2/Concat,0.1598837524652481,1.3836490703786621,25.200889709115156,14.675134756191895,29.536244921608695,29.587372832009805,0.0,0.04443057250976563,5.395696527589373e-05,0.0,3.720124679234032,True,2.637451171875,10.120841979980469,False
yolov10x,/model.2/m.2/cv1/act/Mul_output_0,/model.2/m.2/cv2/conv/Conv,0.0447617769241333,0.24016609825275648,25.03932821317544,23.670058808142723,25.383900140937563,25.90312063382055,0.0,0.04363275146484375,0.00011858413118225527,0.0,1.365948465849622,True,1.1750469207763672,6.229755878448486,False
yolov10x,/model.2/m.2/cv2/act/Mul_output_0,/model.2/m.2/Add,0.12220647186040878,0.8251962833815096,26.08888979141605,18.807915448519434,27.3810736048162,27.59117276612132,0.0,0.10041191101074219,0.00019933593590198376,0.0,1.7422698278964106,True,,,False
yolov10x,/model.2/Concat_output_0,/model.2/cv2/conv/Conv,0.1598837524652481,1.1731001894102993,19.660970163876193,17.30903868773021,28.102427907075757,28.024742761542257,0.0,0.09858712463378906,0.00015711856169718617,0.005,7.551382678046151,True,2.941610336303711,8.63713788986206,False
yolov10x,/model.2/cv2/act/Mul_output_0,/model.3/conv/Conv,0.08861395716667175,0.2754643498781256,19.84076667088059,40.85455183273783,20.643077865060796,21.32726679742221,0.0,0.10497761535644531,0.0009128308330012514,0.0,1.6457434535201994,True,-0.1718769073486328,6.8101441860198975,False
yolov10x,/model.3/act/Mul_output_0,/model.4/cv1/conv/Conv,0.06631961464881897,0.3679508801053979,24.268691394369572,22.89053108933289,25.674769500118536,26.090535432951157,0.0,0.08239219665527343,0.00023511565775260712,0.0,1.8980901912611043,True,0.8155739307403564,4.114679336547852,False
yolov10x,/model.4/Split_output_1,/model.4/m.0/cv1/conv/Conv;/model.4/m.0/Add;/model.4/Concat,0.13701026141643524,0.44526319672705467,16.697703846064776,39.07869172163722,21.029086560433655,21.223329478258975,0.0,0.17142349243164062,0.0013075959028202074,0.0,3.6003292785676857,True,0.5395827293395996,7.520655155181885,False
yolov10x,/model.4/m.0/cv1/act/Mul_output_0,/model.4/m.0/cv2/conv/Conv,0.061233751475811005,0.310491103498033,24.27180104460202,25.046406643587662,24.89297833285726,24.031080407214308,5.79833984375e-07,0.04073165893554687,0.000132616542416494,0.0,1.4480188878878777,True,-1.8439793586730957,8.327310562133789,False
yolov10x,/model.4/m.0/cv2/act/Mul_output_0,/model.4/m.0/Add,0.03473026305437088,0.2557839641630453,27.230373270041106,17.24401849168913,28.135117281606437,28.338246963795555,1.40380859375e-06,0.0483863525390625,7.146527275349886e-05,0.0,1.6473841290900304,True,,,False
yolov10x,/model.4/m.0/Add_output_0,/model.4/m.1/cv1/conv/Conv;/model.4/m.1/Add;/model.4/Concat,0.13701026141643524,0.4775413827802076,18.818244701005348,36.437267695176715,21.63697081401359,21.605788875028104,0.0,0.13774520874023438,0.0009593860482313323,0.0,2.6880970731595384,True,-1.2091102600097656,9.260648727416992,False
yolov10x,/model.4/m.1/cv1/act/Mul_output_0,/model.4/m.1/cv2/conv/Conv,0.05124049261212349,0.274973744245798,24.995392341069287,23.66605066090461,25.385371082467703,25.072938785208628,2.44140625e-07,0.019634124755859374,5.783772531890322e-05,0.0,1.252450542516165,True,-1.0002176761627193,7.525913715362549,False
yolov10x,/model.4/m.1/cv2/act/Mul_output_0,/model.4/m.1/Add,0.04596826434135437,0.25736662822910916,24.756347319955587,22.6834753655591,25.753694996469353,26.147860818470683,0.0,0.051348480224609375,0.0001377493756679631,0.0,1.6974540651297956,True,,,False
yolov10x,/model.4/m.1/Add_output_0,/model.4/m.2/cv1/conv/Conv;/model.4/m.2/Add;/model.4/Concat,0.13701026141643524,0.5209075940877103,20.485353238335804,33.40381940555356,22.39196433862064,22.386251369251084,0.0,0.1101785888671875,0.0006349460667064803,0.0,2.0806845589723983,True,-2.2780730724334717,9.247634410858154,False
yolov10x,/model.4/m.2/cv1/act/Mul_output_0,/model.4/m.2/cv2/conv/Conv,0.05120989307761192,0.26177144718030565,24.76470255295297,24.84478918885702,24.963180558511382,24.59596639698691,9.1552734375e-08,0.01951409912109375,6.270621047070039e-05,0.0,1.2145696455192547,True,0.41663050651550293,5.879130125045776,False
yolov10x,/model.4/m.2/cv2/act/Mul_output_0,/model.4/m.2/Add,0.03733294829726219,0.2765037643905541,27.297557127162854,17.147269022548866,28.183987649023486,27.792017981224255,3.240966796875e-05,0.04004415893554687,6.086194793498646e-05,0.0,1.6649520956362778,True,,,False
yolov10x,/model.4/m.2/Add_output_0,/model.4/m.3/cv1/conv/Conv;/model.4/m.3/Add;/model.4/Concat,0.13701026141643524,0.5730797969123426,22.0468124367896,30.36279291930579,23.221052527448894,23.217998403795388,0.0,0.09192401123046876,0.00044055364844969265,0.0,1.6497838643990053,True,-3.0262742042541495,9.191706657409668,False
yolov10x,/model.4/m.3/cv1/act/Mul_output_0,/model.4/m.3/cv2/conv/Conv,0.03919610381126404,0.2606319001577892,27.059316047078166,19.099370341914625,27.247505881802628,28.26982335770262,1.739501953125e-06,0.013189178466796875,2.5164924346471904e-05,0.0,1.1831983574037495,True,1.4505665302276611,4.978513479232788,False
yolov10x,/model.4/m.3/cv2/act/Mul_output_0,/model.4/m.3/Add,0.07758081704378128,0.3406940420065769,22.444940142165507,28.919683204703713,23.64401625458856,22.943188408082555,3.0517578125e-08,0.082097412109375,0.0003548286567520319,0.0,1.8191569524993048,True,,,False
yolov10x,/model.4/m.3/Add_output_0,/model.4/m.4/cv1/conv/Conv;/model.4/m.4/Add;/model.4/Concat,0.13701026141643524,0.666405465417745,23.674444104425028,26.110685015135143,24.531521565395604,24.528804409210096,0.0,0.0786341552734375,0.0002750375012274934,0.0,1.6313395252481346,True,-3.6809744834899893,9.193460941314695,False
yolov10x,/model.4/m.4/cv1/act/Mul_output_0,/model.4/m.4/cv2/conv/Conv,0.04860391467809677,0.25215691903975984,25.0137896332267,24.47958670983359,25.09180525322447,24.311985587617023,3.96728515625e-07,0.014098785400390624,4.4163576269206e-05,0.0,1.1119007474300135,True,3.127163887023926,4.390968084335327,False
yolov10x,/model.4/m.4/cv2/act/Mul_output_0,/model.4/m.4/Add,0.08188515156507492,0.3821188590526439,23.392418740997094,27.21512953992099,24.17167876290761,24.176421157115946,1.52587890625e-06,0.0841541748046875,0.000323158419776935,0.0,1.6572598604222075,True,,,False
yolov10x,/model.4/m.4/Add_output_0,/model.4/m.5/cv1/conv/Conv;/model.4/m.5/Add;/model.4/Concat,0.13701026141643524,0.7685161702586075,25.14329634313237,22.64142756297767,25.769810758618668,25.7808614300575,3.0517578125e-08,0.07005490112304688,0.00018393158319998497,0.0,1.511017496304335,True,-2.545841932296753,7.5462024211883545,False
yolov10x,/model.4/m.5/cv1/act/Mul_output_0,/model.4/m.5/cv2/conv/Conv,0.05298766866326332,0.27831732678224325,25.03587803113851,24.178997398532726,25.199121108994678,25.990058196308947,3.509521484375e-06,0.0200406494140625,6.108607974819854e-05,0.0,1.2155635389033255,True,1.6373782157897951,3.542394280433655,False
yolov10x,/model.4/m.5/cv2/act/Mul_output_0,/model.4/m.5/Add,0.12662817537784576,0.8430941725109173,26.664346672286722,19.074711695718864,27.258727228739474,27.80024158336635,3.875732421875e-06,0.08992367553710938,0.00017182416279381285,0.0,1.5048763560851546,True,,,False
yolov10x,/model.4/Concat_output_0,/model.4/cv2/conv/Conv,0.13701026141643524,0.7094886066412371,21.155216849867237,24.525134071231086,25.075659075386092,25.117144525395855,5.45501708984375e-07,0.10244542694091797,0.00031748202720011895,0.0,3.6094566609632204,True,-0.6037280559539795,5.547426700592041,False
yolov10x,/model.4/cv2/act/Mul_output_0,/model.5/cv1/conv/Conv;/model.15/Concat,0.06004241108894348,0.41630227103857276,26.6913292846856,18.316945975990812,27.610825589400783,26.86295549043967,2.105712890625e-06,0.04970181274414062,8.665940501595762e-05,0.0,1.70542380988608,True,-2.8327362537384033,7.7193944454193115,False
yolov10x,/model.5/cv1/act/Mul_output_0,/model.5/cv2/conv/Conv,0.06513101607561111,0.34469290257130886,24.321517202988232,23.997126079181175,25.264702214270446,26.01604857913901,5.1116943359375e-07,0.042892776489257815,0.00012777381062561356,0.0,1.7884268493228788,True,1.1508730649948125,3.2435704469680786,True
yolov10x,/model.5/cv2/conv/Conv_output_0,/model.6/cv1/conv/Conv,0.10674072802066803,0.5562088435785425,24.247224723132092,24.37227062304086,25.129967044263473,25.114378998101337,7.62939453125e-07,0.08462347412109375,0.0002598637705717799,0.0,1.6079413869102603,True,-0.3950886726379397,3.592140555381775,False
yolov10x,/model.6/Split_output_1,/model.6/m.0/cv1/cv1.0/conv/Conv;/model.6/m.0/Add;/model.6/Concat,0.09833592921495438,0.3756378308003814,20.316271098664366,33.246552892953524,22.432954420452653,22.33875446966984,0.0,0.11628936767578125,0.0006664663128170098,0.003125,2.173744328471824,True,0.3125131130218506,5.040473937988281,True
yolov10x,/model.6/m.0/cv1/cv1.0/act/Mul_output_0,/model.6/m.0/cv1/cv1.1/conv/Conv,0.0472559817135334,0.30244333826399966,25.67029860409157,19.84341831454091,26.915557124777372,26.827360771447985,5.9814453125e-06,0.0847144775390625,0.00017277672536485726,0.0,1.8146579424410778,True,-0.24220633506774902,4.996410369873047,False
yolov10x,/model.6/m.0/cv1/cv1.1/act/Mul_output_0,/model.6/m.0/cv1/cv1.2/conv/Conv,0.07124284654855728,0.38593775429143906,24.750302515156342,23.443784421345676,25.4673324966292,25.501543032733093,3.662109375e-07,0.09472982788085937,0.0002697427097705218,0.0,1.5618368650424375,True,-0.03569793701171897,5.207005023956299,True
yolov10x,/model.6/m.0/cv1/cv1.2/act/Mul_output_0,/model.6/m.0/cv1/cv1.3/conv/Conv,0.05792209133505821,0.28763352397139225,23.268415746227117,25.57457662787605,24.711717820532456,23.297908369522634,1.043701171875e-05,0.11027188110351563,0.0003719387146320299,0.0,1.759304853744358,True,0.011446833610534002,4.570865869522095,False
yolov10x,/model.6/m.0/cv1/cv1.3/act/Mul_output_0,/model.6/m.0/cv1/cv1.4/conv/Conv,0.055465321987867355,0.49782166325823896,29.124567927608776,14.149838008968112,29.852857520147467,30.00488773758892,8.6669921875e-06,0.0551094970703125,5.7120291627346975e-05,0.0,1.5180616305374357,True,-0.6753926277160645,5.696597576141357,True
yolov10x,/model.6/m.0/cv1/cv1.4/act/Mul_output_0,/model.6/m.0/Add,0.03974383696913719,0.2561314813444,24.450691326864,19.706547858103736,26.975675832348134,26.589790847891056,1.03759765625e-05,0.0644749755859375,0.00012957440052705562,0.0,2.58527637589323,True,,,False
yolov10x,/model.6/m.0/Add_output_0,/model.6/m.1/cv1/cv1.0/conv/Conv;/model.6/m.1/Add;/model.6/Concat,0.09833592921495438,0.442299841560294,22.297257933595677,28.235739280943786,23.851903617254635,23.854018589247076,0.0,0.10870867919921876,0.0004465835584435747,0.0,1.99083442068159,True,0.6507821083068848,5.017975091934204,True
yolov10x,/model.6/m.1/cv1/cv1.0/act/Mul_output_0,/model.6/m.1/cv1/cv1.1/conv/Conv,0.06485017389059067,0.3296521172425125,23.53949821813913,24.983828870864265,24.914706949784208,24.77900491163461,8.7890625e-06,0.121721435546875,0.00039125328367647976,0.0,1.862705785531069,True,-0.5743803977966304,5.744632959365845,False
yolov10x,/model.6/m.1/cv1/cv1.1/act/Mul_output_0,/model.6/m.1/cv1/cv1.2/conv/Conv,0.05434994399547577,0.38713945582532644,27.29987717796003,17.8293449132184,27.845179147665327,27.97688684464413,2.38037109375e-06,0.07094729614257812,0.00011618411226538031,0.0,1.377417170566985,True,0.04434967041015625,5.256315469741821,True
yolov10x,/model.6/m.1/cv1/cv1.2/act/Mul_output_0,/model.6/m.1/cv1/cv1.3/conv/Conv,0.07584206014871597,0.26578057616142675,20.37607341679839,36.24020151509037,21.684074801128773,21.591040379808888,1.8310546875e-06,0.1667413330078125,0.001127840166303088,0.0,1.738317446359689,True,0.11784744262695312,4.921790361404419,False
yolov10x,/model.6/m.1/cv1/cv1.3/act/Mul_output_0,/model.6/m.1/cv1/cv1.4/conv/Conv,0.04852909967303276,0.44677286150152756,29.368268154341653,13.79491949838159,30.073503470512282,29.401211973421493,2.63671875e-05,0.0562396240234375,5.5367760398186413e-05,0.0,1.523482406838287,True,-0.14515113830566406,4.791362524032593,True
yolov10x,/model.6/m.1/cv1/cv1.4/act/Mul_output_0,/model.6/m.1/Add,0.03752422332763672,0.22469787014821596,24.28016223148043,21.20881857699131,26.337557337443073,25.4429457380307,1.885986328125e-05,0.06543255615234375,0.00015255350518397453,0.0,2.332646410608052,True,,,False
yolov10x,/model.6/m.1/Add_output_0,/model.6/m.2/cv1/cv1.0/conv/Conv;/model.6/m.2/Add;/model.6/Concat,0.09833592921495438,0.4825657470696395,23.464517329830066,25.879712943026092,24.60869778274649,24.606086802280927,0.0,0.10479400634765625,0.0003620324918684347,0.0,1.8143469138887287,True,0.8372480869293213,4.903720855712891,True
yolov10x,/model.6/m.2/cv1/cv1.0/act/Mul_output_0,/model.6/m.2/cv1/cv1.1/conv/Conv,0.06751714646816254,0.36581744225961793,23.915687493784006,23.43977244084293,25.468819057047998,25.512190903029737,2.13623046875e-06,0.12113348388671875,0.00034238458197493905,0.0,2.0110038719828727,True,-0.46146273612976074,5.975334882736206,False
yolov10x,/model.6/m.2/cv1/cv1.1/act/Mul_output_0,/model.6/m.2/cv1/cv1.2/conv/Conv,0.06699153035879135,0.41429074271704325,26.16556898597181,20.53611987506401,26.617519064217337,26.90540799330309,6.103515625e-08,0.08189242553710938,0.00017848867468111184,0.0,1.3315623642727907,True,-0.036599874496458185,5.467679738998413,True
yolov10x,/model.6/m.2/cv1/cv1.2/act/Mul_output_0,/model.6/m.2/cv1/cv1.3/conv/Conv,0.06770707666873932,0.27640508662059404,22.228651878708597,31.10940844852464,23.010051819738305,23.038567461840316,9.1552734375e-08,0.14056085205078125,0.0007038308495660948,0.0,1.4606233222693024,True,0.01689004898071289,5.334470748901367,False
yolov10x,/model.6/m.2/cv1/cv1.3/act/Mul_output_0,/model.6/m.2/cv1/cv1.4/conv/Conv,0.05999230220913887,0.4446248286752934,27.613636088758007,17.135845524552924,28.189776110652858,27.86630933369592,2.0751953125e-06,0.06952239990234375,0.0001056381089475701,0.0,1.4739108905502687,True,-0.07314944267272949,5.188403606414795,True
yolov10x,/model.6/m.2/cv1/cv1.4/act/Mul_output_0,/model.6/m.2/Add,0.06890851259231567,0.26307310306629106,20.261141754398103,33.26596674924557,22.427883897823293,22.477408240385483,2.0751953125e-06,0.11256689453125,0.0006457362889709494,0.0,2.3074727569979188,True,,,False
yolov10x,/model.6/m.2/Add_output_0,/model.6/m.3/cv1/cv1.0/conv/Conv;/model.6/m.3/Add;/model.6/Concat,0.09833592921495438,0.5439957003688353,24.729476560539762,22.957282570122796,25.64947728403601,25.648375541581373,0.0,0.09213525390625,0.000250552476439403,0.0,1.6954180426948338,True,0.6460545063018799,5.122663497924805,True
yolov10x,/model.6/m.3/cv1/cv1.0/act/Mul_output_0,/model.6/m.3/cv1/cv1.1/conv/Conv,0.0631251409649849,0.3788964981324726,25.34775159785894,21.158529947009846,26.35817706987482,26.238575854077084,6.4697265625e-06,0.097600341796875,0.00022560532852763788,0.0,1.6605583948545186,True,-0.49312329292297363,6.050942420959473,False
yolov10x,/model.6/m.3/cv1/cv1.1/act/Mul_output_0,/model.6/m.3/cv1/cv1.2/conv/Conv,0.05365482717752457,0.4217882789538207,28.221663509037562,16.155411118694612,28.7015265934523,28.931064412451004,1.708984375e-06,0.06449859619140624,8.700821490410602e-05,0.0,1.341421635210062,True,0.0047414302825927734,5.491438150405884,True
yolov10x,/model.6/m.3/cv1/cv1.2/act/Mul_output_0,/model.6/m.3/cv1/cv1.3/conv/Conv,0.05417449027299881,0.2844041648024722,24.273597387010497,24.19148914169151,25.19463482354927,25.174819661360385,2.99072265625e-06,0.1126484375,0.0003400185867589295,0.0,1.5341591189598809,True,-0.38300931453704856,5.798902988433838,False
yolov10x,/model.6/m.3/cv1/cv1.3/act/Mul_output_0,/model.6/m.3/cv1/cv1.4/conv/Conv,0.050534024834632874,0.4524222763395412,29.30764532362629,14.18546674121286,29.83101428238844,29.416790821758624,7.62939453125e-06,0.057604736328125,5.991613874949143e-05,0.0,1.3925085616978745,True,-0.08760356903076172,5.599797487258911,True
yolov10x,/model.6/m.3/cv1/cv1.4/act/Mul_output_0,/model.6/m.3/Add,0.05750034376978874,0.3178085505363403,23.77732605449213,22.977807382586928,25.641715188959964,25.41272723545482,1.1474609375e-05,0.08275445556640625,0.00022646089822577194,0.0,2.1111517670729163,True,,,False
yolov10x,/model.6/m.3/Add_output_0,/model.6/m.4/cv1/cv1.0/conv/Conv;/model.6/m.4/Add;/model.6/Concat,0.09833592921495438,0.6270285750841664,25.99969836846816,19.917215110368527,26.883314602210447,26.884388291565262,6.103515625e-08,0.08110443115234375,0.00016608142849178123,0.0,1.7077425921913378,True,0.689462423324585,5.2490246295928955,True
yolov10x,/model.6/m.4/cv1/cv1.0/act/Mul_output_0,/model.6/m.4/cv1/cv1.1/conv/Conv,0.06511227041482925,0.4144243039811784,25.93090318288376,19.953603741972803,26.86746001306232,26.63292000920199,1.13525390625e-05,0.0949825439453125,0.0001957412440203794,0.0,1.6168286835361187,True,-0.36738109588623047,6.099864959716797,False
yolov10x,/model.6/m.4/cv1/cv1.1/act/Mul_output_0,/model.6/m.4/cv1/cv1.2/conv/Conv,0.05131138861179352,0.44031346293143575,29.039875225119665,14.799789019198155,29.462776393927502,29.226151111851173,8.4228515625e-06,0.0591328125,6.694002555052759e-05,0.0,1.3001899122164398,True,-0.01288676261901811,5.348383188247681,True
yolov10x,/model.6/m.4/cv1/cv1.2/act/Mul_output_0,/model.6/m.4/cv1/cv1.3/conv/Conv,0.061076562851667404,0.29872876611722415,23.947794227296008,25.965773510803928,24.5798615876751,24.496332687403694,1.739501953125e-06,0.11303009033203125,0.0003938145980388363,0.0,1.3816475129386607,True,-0.5431244373321533,5.726697206497192,False
yolov10x,/model.6/m.4/cv1/cv1.3/act/Mul_output_0,/model.6/m.4/cv1/cv1.4/conv/Conv,0.0525786392390728,0.45866478269795546,29.152177751777717,14.558534762760653,29.605533523556332,29.325223303124496,1.55029296875e-05,0.05930645751953125,6.507086782032367e-05,0.0,1.3642062723627697,True,-0.1387759447097776,5.260082244873047,True
yolov10x,/model.6/m.4/cv1/cv1.4/act/Mul_output_0,/model.6/m.4/Add,0.08764927834272385,0.44233463378015486,22.82236462020849,25.16524255493497,24.85186446566963,24.376904382336196,6.4697265625e-06,0.10995306396484375,0.0003623980753957243,0.0,2.185109868867412,True,,,False
yolov10x,/model.6/m.4/Add_output_0,/model.6/m.5/cv1/cv1.0/conv/Conv;/model.6/m.5/Add;/model.6/Concat,0.09833592921495438,0.7702828563039262,27.870552783719138,16.213087060283247,28.67057258435173,28.401680524106446,4.7607421875e-06,0.0702774658203125,9.548816815020557e-05,0.0,1.633141695701076,True,0.5467283725738521,5.436138153076172,True
yolov10x,/model.6/m.5/cv1/cv1.0/act/Mul_output_0,/model.6/m.5/cv1/cv1.1/conv/Conv,0.06173169985413551,0.45067170602990725,27.30158584316569,17.396090716542435,28.05885360472934,25.945125428788884,3.533935546875e-05,0.08000384521484374,0.00012515314413621503,0.0,1.4848907509690632,True,-0.33818554878234863,5.989043235778809,False
yolov10x,/model.6/m.5/cv1/cv1.1/act/Mul_output_0,/model.6/m.5/cv1/cv1.2/conv/Conv,0.043393392115831375,0.4397402649456035,-17.7580634353141,12.532308815050854,30.907265119302323,29.49287723860731,4.3060302734375e-05,0.06921109008789063,3.975838439569826e-05,0.0203125,1.338721181812884,True,-0.06522560119628906,5.337772607803345,True
yolov10x,/model.6/m.5/cv1/cv1.2/act/Mul_output_0,/model.6/m.5/cv1/cv1.3/conv/Conv,0.051156818866729736,0.32569399495229034,-17.995235349382938,19.947914597032668,26.869936875471414,26.298039931475124,2.4139404296875e-05,0.10550100708007812,0.00017563802774144942,0.0203125,1.5245707978695124,True,-0.4812889099121094,5.810474395751953,False
yolov10x,/model.6/m.5/cv1/cv1.3/act/Mul_output_0,/model.6/m.5/cv1/cv1.4/conv/Conv,0.04618676379323006,0.4695853821972988,30.362758397483095,12.491272565370666,30.935753180222402,28.83262701716484,5.792236328125e-05,0.04955230712890625,3.998282808585264e-05,0.0,1.3385141370569003,True,-0.05964756011962935,4.858409881591797,True
yolov10x,/model.6/m.5/cv1/cv1.4/act/Mul_output_0,/model.6/m.5/Add,0.0835086777806282,0.7252595432278739,27.54912345012074,14.62318169704875,29.5670493544693,27.085781779462607,8.587646484375e-05,0.076435791015625,8.496102003429371e-05,0.0,2.1327921028574623,True,,,False
yolov10x,/model.6/Concat_output_0,/model.6/cv2/conv/Conv,0.09833592921495438,0.6864808892514983,24.36277158121867,18.192295234782385,27.670136972084062,27.1240605197671,8.30841064453125e-06,0.08778353881835937,0.00015028781354527607,0.000390625,3.01488487517689,True,-1.2879273891448975,6.839308738708496,False
yolov10x,/model.6/cv2/act/Mul_output_0,/model.7/cv1/conv/Conv;/model.12/Concat,0.06658477336168289,0.4475236237894921,26.474106413692994,18.895686769178063,27.340633257636988,27.831091336584848,6.134033203125e-06,0.04810000610351563,9.033879111398129e-05,0.0,1.4942367079028318,True,-1.452772617340088,6.1056602001190186,False
yolov10x,/model.7/cv1/act/Mul_output_0,/model.7/cv2/conv/Conv,0.05764082074165344,0.4691854513406752,28.235569011028435,15.602325718481543,29.004100077353193,28.839624461011482,3.326416015625e-06,0.04984185791015625,6.278450295097748e-05,0.0,1.5272135542229168,True,0.27858138084411577,3.243196725845337,True
yolov10x,/model.7/cv2/conv/Conv_output_0,/model.8/cv1/conv/Conv,0.05586215481162071,0.6582782069794358,31.14436806321241,10.777348522032202,32.21764833027912,27.666885431010986,5.74951171875e-05,0.038080810546875,2.2826248357203192e-05,0.0,1.7516340544386375,True,-0.12316215038299516,3.326651692390442,False
yolov10x,/model.8/Split_output_1,/model.8/m.0/cv1/cv1.0/conv/Conv;/model.8/m.0/Add;/model.8/Concat,0.09432529658079147,0.4812754632343861,21.971308661648525,24.89076128098072,24.94712328645682,25.17569601146505,4.8828125e-07,0.0930107421875,0.0003000294412809669,0.0,2.730588403373923,True,0.21084856986999512,4.1362526416778564,True
yolov10x,/model.8/m.0/cv1/cv1.0/act/Mul_output_0,/model.8/m.0/cv1/cv1.1/conv/Conv,0.047387175261974335,0.3121704801432883,-0.4835557721052055,19.278476477046645,27.16643268219635,26.590557561977857,1.953125e-05,0.109233642578125,0.0002087398324554219,0.021875,2.277276711908222,True,-0.5589804649353027,4.884509801864624,False
yolov10x,/model.8/m.0/cv1/cv1.1/act/Mul_output_0,/model.8/m.0/cv1/cv1.2/conv/Conv,0.0453910306096077,0.33660116380279703,-13.212307526504588,17.126087213404563,28.19472385348037,28.02605547904538,7.32421875e-06,0.109769287109375,0.00012068858680638851,0.0359375,2.0083091387875642,True,-0.4456319808959961,5.4721598625183105,True
yolov10x,/model.8/m.0/cv1/cv1.2/act/Mul_output_0,/model.8/m.0/cv1/cv1.3/conv/Conv,0.04368074610829353,0.2118869217101104,-7.401204519116732,26.181204158239353,24.508094533962062,24.13755377088671,1.3427734375e-05,0.1731630859375,0.0005022152053339778,0.0515625,2.9475671636074035,True,-1.1039845943450928,5.809971332550049,False
yolov10x,/model.8/m.0/cv1/cv1.3/act/Mul_output_0,/model.8/m.0/cv1/cv1.4/conv/Conv,0.03979538008570671,0.39422109244954606,29.024433235134122,12.820250787396883,30.709956462495896,27.965933440980546,5.17578125e-05,0.054739501953125,4.6565894918697096e-05,0.0,1.943326933930925,True,-0.6946702003479006,6.112029552459717,True
yolov10x,/model.8/m.0/cv1/cv1.4/act/Mul_output_0,/model.8/m.0/Add,0.04572497308254242,0.29030475512187254,22.42100272448904,20.00336363434704,26.84582628130652,24.41244846236946,3.02734375e-05,0.0964990234375,0.00019951621417575217,0.003125,2.853801813537779,True,,,False
yolov10x,/model.8/m.0/Add_output_0,/model.8/m.1/cv1/cv1.0/conv/Conv;/model.8/m.1/Add;/model.8/Concat,0.09432529658079147,0.5638277636757061,23.793839304513785,21.246404376515585,26.322178019224694,26.301951386656857,1.220703125e-06,0.095795654296875,0.0002240537630694887,0.0,2.447530235607663,True,0.0013079643249509498,4.709542751312256,True
yolov10x,/model.8/m.1/cv1/cv1.0/act/Mul_output_0,/model.8/m.1/cv1/cv1.1/conv/Conv,0.03956552967429161,0.3330208139046444,24.172710824872393,15.088613260292549,29.294900336008574,25.59042677653608,5.908203125e-05,0.075651611328125,8.880402492958768e-05,0.003125,2.578015228815468,True,-0.7423844337463379,5.781522035598755,False
yolov10x,/model.8/m.1/cv1/cv1.1/act/Mul_output_0,/model.8/m.1/cv1/cv1.2/conv/Conv,0.036336373537778854,0.33037120825750865,-20.094637209739858,13.968285746320122,29.96502466510788,29.19381884319392,1.7578125e-05,0.147556640625,7.691527899920986e-05,0.0953125,7.761259438704077,True,-0.18703687191009521,5.681257486343384,True
yolov10x,/model.8/m.1/cv1/cv1.2/act/Mul_output_0,/model.8/m.1/cv1/cv1.3/conv/Conv,0.02623671479523182,0.21109298278352387,-18.609578422768678,15.784810726804102,28.903099305549986,23.964129279695108,8.349609375e-05,0.16940869140625,0.00013056103578467217,0.109375,16.250494615054436,True,0.046473145484924316,5.485651016235352,False
yolov10x,/model.8/m.1/cv1/cv1.3/act/Mul_output_0,/model.8/m.1/cv1/cv1.4/conv/Conv,0.04301829636096954,0.42064820169462763,23.05683273977429,12.98786876024557,30.59712904920894,25.896172479300542,0.00010400390625,0.07063623046875,6.183371730016154e-05,0.015625,2.80915210199807,True,-0.46552366018295266,4.806452989578247,True
yolov10x,/model.8/m.1/cv1/cv1.4/act/Mul_output_0,/model.8/m.1/Add,0.0667872354388237,0.37830591590434265,12.625677374925047,22.420952314357514,25.854805779459106,24.589370904987394,3.80859375e-05,0.165417724609375,0.0004201769572055942,0.046875,5.140016373286244,True,,,False
yolov10x,/model.8/m.1/Add_output_0,/model.8/m.2/cv1/cv1.0/conv/Conv;/model.8/m.2/Add;/model.8/Concat,0.09432529658079147,0.6858503344593183,25.807178341599325,17.466365566773778,28.023835967690943,26.885755406218053,2.685546875e-05,0.08456494140625,0.00013278134830196835,0.0,2.326941360112997,True,-0.7134354114532471,5.271890878677368,True
yolov10x,/model.8/m.2/cv1/cv1.0/act/Mul_output_0,/model.8/m.2/cv1/cv1.1/conv/Conv,0.05358797311782837,0.31542016441308873,10.143187056900459,21.576529828483576,26.18825491929937,26.272933973672817,3.173828125e-06,0.136905029296875,0.00030106142592073535,0.028125,4.701873630583207,True,-0.9262204170227051,6.269424915313721,False
yolov10x,/model.8/m.2/cv1/cv1.1/act/Mul_output_0,/model.8/m.2/cv1/cv1.2/conv/Conv,0.03502466529607773,0.2822632550010268,-60.27613242854275,15.75880818275723,28.91741949371268,30.397456754713815,1.47705078125e-05,0.368780029296875,9.124506275023177e-05,0.3265625,974.0631396620824,True,0.32143259048461914,6.482369422912598,True
yolov10x,/model.8/m.2/cv1/cv1.2/act/Mul_output_0,/model.8/m.2/cv1/cv1.3/conv/Conv,0.03120521456003189,0.17401796542694176,-31.361054120486315,22.77386843019877,25.719150733526163,27.14139234227316,2.0751953125e-06,0.412736328125,0.00032352855138624787,0.3546875,474.79747843893216,True,-0.5222175121307373,7.232320547103882,False
yolov10x,/model.8/m.2/cv1/cv1.3/act/Mul_output_0,/model.8/m.2/cv1/cv1.4/conv/Conv,0.035747941583395004,0.32510865668859606,-5.480222993366233,13.964526897971142,29.967362341770684,30.102413516210852,1.708984375e-06,0.144091064453125,9.739797347611675e-05,0.103125,14.776615986941364,True,0.19944238662719727,7.01242470741272,True
yolov10x,/model.8/m.2/cv1/cv1.4/act/Mul_output_0,/model.8/m.2/Add,0.053135503083467484,0.3870740819405329,-33.373725667992645,17.43389497372008,28.03999837248432,28.19726149318192,9.765625e-07,0.227070068359375,0.00026226660072002433,0.159375,30.766158972146783,True,,,False
yolov10x,/model.8/Concat_output_0,/model.8/cv2/conv/Conv,0.09432529658079147,0.6662067148981061,24.805866971360913,17.981374846383392,27.77142898774611,27.360214837944884,1.201171875e-05,0.083867529296875,0.0001404376519528902,0.0,2.58327560941634,True,0.7545247077941895,3.7138451337814335,False
yolov10x,/model.8/cv2/act/Mul_output_0,/model.9/cv1/conv/Conv,0.0466032400727272,0.6623580870409825,32.69753798686345,8.93566728486271,33.84534708621395,32.884932353145004,4.16259765625e-05,0.037302978515625,1.5393852053883825e-05,0.0,1.693574001864907,True,0.8048667907714844,3.3318415880203247,False
yolov10x,/model.9/cv1/act/Mul_output_0,/model.9/m/MaxPool;/model.9/Concat,0.039102960377931595,0.8004198914853632,35.535257017147416,6.204338523848548,37.013977160502,37.1537464718096,6.8359375e-06,0.029044189453125,5.756125793053313e-06,0.0,1.902458916436318,True,,,False
yolov10x,/model.9/m/MaxPool_output_0,/model.9/m_1/MaxPool;/model.9/Concat,0.039102960377931595,1.7928674832451048,42.47211005106641,2.769906875107509,44.018583514961946,42.739959254553135,0.00011669921875,0.00106005859375,4.3181604488848246e-08,0.0,1.8349493113457551,True,,,False
yolov10x,/model.9/m_1/MaxPool_output_0,/model.9/m_2/MaxPool;/model.9/Concat,0.039102960377931595,2.123970724563921,44.14150412984401,2.338109424279806,45.490590231112684,42.38061881500404,0.000312255859375,2.8564453125e-05,7.71849501592904e-10,0.0,1.7330732369759971,True,,,False
yolov10x,/model.9/Concat_output_0,/model.9/cv2/conv/Conv,0.039102960377931595,1.8504102622080751,39.930502089104195,2.6837702262153185,44.29298026931682,41.76179417709794,0.00024920654296875,0.007533203125,2.7964750116789615e-07,0.0,3.617528911091921,True,8.758233308792114,6.392611503601074,False
yolov10x,/model.9/cv2/act/Mul_output_0,/model.10/cv1/conv/Conv,0.052383165806531906,0.5976911538009139,29.769549166213803,11.130601507355587,31.937514187210933,29.707535740054386,3.173828125e-05,0.043377685546875,2.7797037199422018e-05,0.0,2.042416854843437,True,0.10800623893737793,5.6832664012908936,False
yolov10x,/model.10/Split_output_1,/model.10/attn/Shape;/model.10/attn/qkv/conv/Conv;/model.10/Add,0.05665363743901253,0.7562505285853767,30.92155170552139,9.514058744809608,33.3005703064948,31.67790325220947,5.4443359375e-05,0.04499267578125,2.103228700339683e-05,0.0,2.2713774352173735,True,-0.28431677818298295,5.852624893188477,False
yolov10x,/model.10/attn/Split_output_1,/model.10/attn/MatMul,0.08361928910017014,1.12201217590919,32.36959280532983,9.464825733389464,33.3456344369463,33.329316762522026,4.39453125e-06,0.03186962890625,1.4761513168281377e-05,0.0,1.6995959480405356,True,,,False
yolov10x,/model.10/attn/Split_output_2,/model.10/attn/Reshape_2;/model.10/attn/MatMul_1,0.05480775237083435,1.0870169025252776,36.487087167037174,6.403382077063977,36.73969855790206,31.4377892305154,0.000119384765625,0.024336669921875,5.140300443927475e-06,0.0,1.2878798558660607,True,,,False
yolov10x,/model.10/attn/Transpose_output_0,/model.10/attn/MatMul,0.008664101362228394,0.20055599165604385,37.18960545753179,5.48645225663517,38.08205479357063,37.957644355673665,1.85546875e-05,0.0181484375,2.79941192206439e-06,0.0,1.6755012564949179,True,,,False
yolov10x,/model.10/attn/Reshape_2_output_0,/model.10/attn/pe/conv/Conv,0.05480775237083435,1.0870169025252776,36.15397223574226,6.403382077063977,36.73969855790206,31.4377892305154,0.000119384765625,0.024336669921875,5.140300443927475e-06,0.0,1.497452794771068,True,-0.6256101131439211,5.179325103759766,True
yolov10x,/model.10/attn/Transpose_1_output_0,/model.10/attn/MatMul_1,0.007171638309955597,0.010744708362040745,9.598064422257579,84.76712765718777,14.303337533723742,17.57200335672602,4.140625e-06,0.841279765625,0.01053290556722486,0.6,3.4087978436759,True,,,False
yolov10x,/model.10/attn/Reshape_1_output_0,/model.10/attn/Add,0.045175597071647644,0.6856586400305329,31.147200153111086,8.367576069403523,34.41589349545676,27.263314141544924,6.8115234375e-05,0.037394287109375,1.35710074980514e-05,0.0,2.952202317777252,True,,,False
yolov10x,/model.10/attn/Add_output_0,/model.10/attn/proj/conv/Conv,0.02863786369562149,0.48992050451041885,34.3663863443424,7.42367109737205,35.45551243154469,21.260365250836628,0.000281005859375,0.0309501953125,8.80500201379332e-06,0.0,1.6289356707311926,True,-0.1422353982925415,3.0242172479629517,False
yolov10x,/model.10/Add_output_0,/model.10/ffn/ffn.0/conv/Conv;/model.10/Add_1,0.06358017772436142,1.0384554291821044,34.217287323390785,7.775665997869146,35.0531349338178,28.016533410232356,0.000305908203125,0.03110302734375,9.729414632116288e-06,0.0,1.4992882511733634,True,0.08305668830871582,4.336854934692383,False
yolov10x,/model.10/ffn/ffn.0/act/Mul_output_0,/model.10/ffn/ffn.1/conv/Conv,0.03948429599404335,0.4708882653626054,3.739348117136352,10.649034941191639,32.32168183904068,8.82289822136778,0.0009078369140625,0.2867196044921875,0.00010500900008727484,0.23125,59.21141547032442,True,0.8025737106800079,2.61115038394928,False
yolov10x,/model.10/Concat_output_0,/model.10/cv2/conv/Conv,0.058200132101774216,0.8340149856116219,31.44967509926848,8.862450800575072,33.9168101348941,22.56871602931772,0.000437255859375,0.040500732421875,1.644881862060528e-05,0.0,2.414827572786941,True,-1.3851172924041748,6.053639888763428,False
yolov10x,/model.10/cv2/act/Mul_output_0,/model.11/Resize;/model.21/Concat,0.03584151342511177,0.4056338678999332,30.035955279393132,11.221627593759274,31.86676984150528,15.211530014154357,0.0002730712890625,0.0383927001953125,2.4970677170429353e-05,0.0,1.7401177064702544,True,,,False
yolov10x,/model.12/Concat_output_0,/model.13/cv1/conv/Conv,0.06658477336168289,0.42709262967015676,25.470710396822618,19.79960699266689,26.934755481041584,23.511822217357494,5.01251220703125e-05,0.05972431945800781,0.00012192250191004842,0.0,1.7421817705181153,True,-0.8619173765182497,4.992321491241455,False
yolov10x,/model.13/Split_output_1,/model.13/m.0/cv1/cv1.0/conv/Conv;/model.13/m.0/Add;/model.13/Concat,0.0733913779258728,0.2990229961601004,20.567694145632828,31.170529077286854,22.993003401658136,22.349065392211898,5.615234375e-06,0.10141534423828125,0.0005055491443195673,0.003125,2.1879075440656908,True,-0.5965583324432373,4.785647392272949,True
yolov10x,/model.13/m.0/cv1/cv1.0/act/Mul_output_0,/model.13/m.0/cv1/cv1.1/conv/Conv,0.037828173488378525,0.31884533109049035,27.235260737803582,15.06742474977818,29.307106256040083,23.605462553772437,5.9814453125e-05,0.05608056640625,6.602334655691461e-05,0.0,2.198995182190049,True,0.6842952966690063,4.056647539138794,False
yolov10x,/model.13/m.0/cv1/cv1.1/act/Mul_output_0,/model.13/m.0/cv1/cv1.2/conv/Conv,0.04264446347951889,0.43055797421008457,29.752937647347252,12.578670437668666,30.875192105263213,29.01981923567567,4.21142578125e-05,0.05309042358398437,4.3406521261422654e-05,0.0,1.6497635618116908,True,0.20120644569396995,3.7909493446350098,True
yolov10x,/model.13/m.0/cv1/cv1.2/act/Mul_output_0,/model.13/m.0/cv1/cv1.3/conv/Conv,0.04719923436641693,0.29383438290857994,24.6294702971342,20.400276867530323,26.6751656475238,24.910429917232058,2.3284912109375e-05,0.096806884765625,0.00020815225496477168,0.0,2.122132492128749,True,-0.22081685066223145,3.9887090921401978,False
yolov10x,/model.13/m.0/cv1/cv1.3/act/Mul_output_0,/model.13/m.0/cv1/cv1.4/conv/Conv,0.05379897728562355,0.520319702548569,29.343389567812757,13.131292322409063,30.501737489759464,28.659697124739374,3.155517578125e-05,0.0585958251953125,5.220209697209591e-05,0.0,1.7365202260718458,True,-0.691953659057617,4.420777797698975,True
yolov10x,/model.13/m.0/cv1/cv1.4/act/Mul_output_0,/model.13/m.0/Add,0.03518024832010269,0.28674837971093875,26.124042194123504,15.581226792482562,29.015853899860097,17.67806349693831,3.18603515625e-05,0.062116943359375,7.805342136212613e-05,0.0,2.6138968750190528,True,,,False
yolov10x,/model.13/m.0/Add_output_0,/model.13/m.1/cv1/cv1.0/conv/Conv;/model.13/m.1/Add;/model.13/Concat,0.0733913779258728,0.39663790330858495,23.969339596628288,23.49927961709278,25.446795900643078,21.336190293120126,1.03759765625e-05,0.083571533203125,0.00023829373369416347,0.0,1.8070072288653491,True,0.3284834623336792,3.8699105978012085,True
yolov10x,/model.13/m.1/cv1/cv1.0/act/Mul_output_0,/model.13/m.1/cv1/cv1.1/conv/Conv,0.03438824042677879,0.32224277386995914,28.377209905793375,13.552845520015696,30.22727711723209,23.852441182450512,5.059814453125e-05,0.06696551513671875,6.34216809680547e-05,0.0,2.1859778893182664,True,0.13123345375061035,4.010587096214294,False
yolov10x,/model.13/m.1/cv1/cv1.1/act/Mul_output_0,/model.13/m.1/cv1/cv1.2/conv/Conv,0.03300337865948677,0.3967860532630273,31.83005021070869,10.56344862750593,32.39177238800585,31.242961173787478,4.803466796875e-05,0.04266729736328125,2.4601825996857508e-05,0.0,1.4321474804359917,True,0.31569766998291016,3.548155665397644,True
yolov10x,/model.13/m.1/cv1/cv1.2/act/Mul_output_0,/model.13/m.1/cv1/cv1.3/conv/Conv,0.03981546685099602,0.2650528460207989,26.178941329912117,19.07757025057449,27.25742565039186,27.08019756816767,9.46044921875e-06,0.08250570678710938,0.00015525852808148782,0.0,1.7052981261138642,True,-0.5100113153457642,3.8616294860839844,False
yolov10x,/model.13/m.1/cv1/cv1.3/act/Mul_output_0,/model.13/m.1/cv1/cv1.4/conv/Conv,0.034996889531612396,0.41074902741989305,31.551378599157612,10.820731575272179,32.18275440288441,30.836819681174504,4.730224609375e-05,0.0438404541015625,2.6523914728870408e-05,0.0,1.4845018266710086,True,-0.3571770191192625,4.1612935066223145,True
yolov10x,/model.13/m.1/cv1/cv1.4/act/Mul_output_0,/model.13/m.1/Add,0.03582677245140076,0.2609356703273917,26.136878172919722,17.43724840539849,28.038327791325532,27.149695307676534,3.076171875e-05,0.0613702392578125,9.656369305229867e-05,0.0,2.116563847897831,True,,,False
yolov10x,/model.13/m.1/Add_output_0,/model.13/m.2/cv1/cv1.0/conv/Conv;/model.13/m.2/Add;/model.13/Concat,0.0733913779258728,0.47255826856930166,25.988028685042124,19.72392743185901,26.968018959421265,22.928762413124957,1.025390625e-05,0.07477899169921876,0.00015016865959284364,0.0,1.6398813915000792,True,0.03624248504638694,4.194695234298706,True
yolov10x,/model.13/m.2/cv1/cv1.0/act/Mul_output_0,/model.13/m.2/cv1/cv1.1/conv/Conv,0.03646280616521835,0.37049210168863256,29.630373188714046,12.498988134636427,30.930389763964275,24.918063191650475,9.87548828125e-05,0.05878607177734375,4.74288250315952e-05,0.0,1.7949022932133378,True,-0.049987077713012695,4.678952932357788,False
yolov10x,/model.13/m.2/cv1/cv1.1/act/Mul_output_0,/model.13/m.2/cv1/cv1.2/conv/Conv,0.02899385429918766,0.42258570840462323,33.53448207358743,8.71354478573878,34.06398952524517,29.975818067918723,0.000153961181640625,0.03407656860351563,1.3360445074750036e-05,0.0,1.3215062150660546,True,0.26338148117065474,4.171020269393921,True
yolov10x,/model.13/m.2/cv1/cv1.2/act/Mul_output_0,/model.13/m.2/cv1/cv1.3/conv/Conv,0.03370704874396324,0.29076782952019153,28.47879807621776,14.722382450449404,29.508324971196117,26.941925948131914,6.92138671875e-05,0.06310247802734376,7.062879376442762e-05,0.0,1.6188992273256295,True,-0.34628474712371804,4.41773247718811,False
yolov10x,/model.13/m.2/cv1/cv1.3/act/Mul_output_0,/model.13/m.2/cv1/cv1.4/conv/Conv,0.03404282405972481,0.4597558691189809,32.86934416560254,9.40377044858601,33.40184649548244,30.62345629388219,0.00012109375,0.037318115234375,1.704379012221272e-05,0.0,1.350167476929355,True,0.021685361862182173,4.448927164077759,True
yolov10x,/model.13/m.2/cv1/cv1.4/act/Mul_output_0,/model.13/m.2/Add,0.05658100172877312,0.46507906168760377,27.923619676981524,15.450678844752895,29.088935570652044,27.767365887456187,5.09033203125e-05,0.06638555908203125,8.225905026000559e-05,0.0,1.6134743832824872,True,,,False
yolov10x,/model.13/Concat_output_0,/model.13/cv2/conv/Conv,0.0733913779258728,0.5402677953270385,24.558669888535036,17.252009239128856,28.131093238480652,25.126517751371118,9.86328125e-06,0.07353525390625,0.00011319338959710302,0.000625,2.9570465926647738,True,-1.742502212524414,5.9533514976501465,False
yolov10x,/model.13/cv2/act/Mul_output_0,/model.14/Resize;/model.18/Concat,0.0691278725862503,0.3616439828013144,24.3794717063443,24.275918405856803,25.164373497448004,25.841986482772814,3.41796875e-06,0.0471527099609375,0.00014465150520864744,0.0,1.4335353963505215,True,,,False
yolov10x,/model.15/Concat_output_0,/model.16/cv1/conv/Conv,0.06004241108894348,0.38073626981795333,25.936633565698934,20.028000515794968,26.835135001364222,25.84987493070851,6.642659505208334e-06,0.04380290730794271,9.12816024854501e-05,0.0,1.604631453523564,True,-2.6063156127929688,6.469999551773071,False
yolov10x,/model.16/Split_output_1,/model.16/m.0/cv1/conv/Conv;/model.16/Concat,0.11170782148838043,0.4192948390503589,18.988698171280838,33.835125090391145,22.28053115091588,21.409500395607658,0.0,0.07571612548828124,0.00045244331666860265,0.0,1.9576437171483145,True,1.3364124298095694,6.864892482757568,False
yolov10x,/model.16/m.0/cv1/act/Mul_output_0,/model.16/m.0/cv2/conv/Conv,0.04039384424686432,0.30928906200291917,28.027159705180388,16.586484456095477,28.472799958516994,28.450673357980563,1.2481689453125e-05,0.029526031494140625,4.2070766977878556e-05,0.0,1.388847893476037,True,-1.9345567226409912,6.399657726287842,False
yolov10x,/model.16/m.0/cv2/act/Mul_output_0,/model.16/m.1/cv1/conv/Conv;/model.16/Concat,0.11170782148838043,0.30314433448405576,19.131393388932416,46.7991372927027,19.46312993455396,18.428177296906753,0.0,0.08178131103515625,0.0009372324154106199,0.0,1.3743997587302608,True,-0.9735140800476074,5.252523422241211,False
yolov10x,/model.16/m.1/cv1/act/Mul_output_0,/model.16/m.1/cv2/conv/Conv,0.045592550188302994,0.3222813768027619,27.409838932822865,17.966455062832097,27.778638969606973,28.367997908776438,3.173828125e-06,0.03663790893554687,6.128500324116369e-05,0.0,1.3099868464005864,True,-1.2521809339523315,4.378299713134766,False
yolov10x,/model.16/m.1/cv2/act/Mul_output_0,/model.16/m.2/cv1/conv/Conv;/model.16/Concat,0.11170782148838043,0.33068825751087366,19.589353280365124,42.901110053954135,20.218516288082782,19.2410149503372,0.0,0.0815986328125,0.0007859484541558506,0.0,1.4193673032019793,True,-1.4994733333587646,4.663595914840698,False
yolov10x,/model.16/m.2/cv1/act/Mul_output_0,/model.16/m.2/cv2/conv/Conv,0.07258012890815735,0.31018147551877573,22.955380229803584,29.717043404734284,23.40777490762425,23.314774068499247,6.103515625e-08,0.05375738525390625,0.00024776525207799086,0.0,1.3748910534146805,True,0.23108124732971203,2.034614086151123,False
yolov10x,/model.16/Concat_output_0,/model.16/cv2/conv/Conv,0.11170782148838043,0.39104749441613473,20.029901630744554,36.279207849692234,21.674730964680627,20.82724151378455,9.1552734375e-08,0.08952079467773437,0.0006145736796407332,0.0,1.893945995080776,True,-0.6451996564865115,4.049907922744751,False
yolov10x,/model.16/cv2/act/Mul_output_0,/model.17/conv/Conv;/model.23/Shape;/model.23/one2one_cv2.0/one2one_cv2.0.0/conv/Conv;/model.23/one2one_cv3.0/one2one_cv3.0.0/one2one_cv3.0.0.0/conv/Conv,0.06323014199733734,0.3787790410552246,24.70631727851573,21.200296646009683,26.3410481225074,21.624985908989593,7.9803466796875e-06,0.059994705200195314,0.00013933048164454625,0.0,2.073137738373362,True,-0.6596436500549314,3.6719104051589966,True
yolov10x,/model.23/one2one_cv2.0/one2one_cv2.0.0/act/Mul_output_0,/model.23/one2one_cv2.0/one2one_cv2.0.1/conv/Conv,0.09820639342069626,0.6517257233986159,23.772869321260185,19.137209897728756,27.23031447446502,27.170758507593703,6.103515625e-08,0.078151611328125,0.00014779592723573282,0.0,2.7526525237393646,False,2.6301915645599365,4.086835622787476,False
yolov10x,/model.23/one2one_cv3.0/one2one_cv3.0.0/one2one_cv3.0.0.0/act/Mul_output_0,/model.23/one2one_cv3.0/one2one_cv3.0.0/one2one_cv3.0.0.1/conv/Conv,0.09556055814027786,0.5873915654809821,21.799280232085668,20.66115960292627,26.564793028644225,25.631014135723472,4.638671875e-06,0.08978912353515625,0.0001967606166960588,0.003125,3.5334857997854954,False,3.065248489379883,4.766539573669434,False
yolov10x,/model.18/Concat_output_0,/model.19/cv1/conv/Conv,0.0691278725862503,0.4013578508437255,24.946104984652774,21.87384599553308,26.069383877472696,23.817527297470434,3.249104817708333e-05,0.05462005615234375,0.0001358337440178065,0.0,1.7345266789948455,True,-0.3826124668121338,3.5122331380844116,False
yolov10x,/model.23/one2one_cv2.0/one2one_cv2.0.1/act/Mul_output_0,/model.23/one2one_cv2.0/one2one_cv2.0.2/Conv,0.20916032791137695,1.590119619047311,25.864868948339815,16.70525998582408,28.41082209959141,28.018484947298468,1.42822265625e-05,0.12230316162109375,0.00017821094115072277,0.0,2.5569678067236126,False,-6.674776077270508,11.729689598083496,False
yolov10x,/model.23/one2one_cv3.0/one2one_cv3.0.0/one2one_cv3.0.0.1/act/Mul_output_0,/model.23/one2one_cv3.0/one2one_cv3.0.1/one2one_cv3.0.1.0/conv/Conv,0.10754576325416565,0.5024270425922791,21.702415454125997,27.184667176370112,24.181406474095702,23.727267937560242,9.1552734375e-08,0.12048893737792969,0.0004607233364538968,0.0,2.5187944052953366,False,-0.7939199209213255,5.253785610198975,True
yolov10x,/model.19/Split_output_1,/model.19/m.0/cv1/cv1.0/conv/Conv;/model.19/m.0/Add;/model.19/Concat,0.06908152252435684,0.24802473054643615,20.17540271006807,35.37289745770226,21.894474177304666,21.77994204875588,5.31005859375e-06,0.1297127685546875,0.0008306734318591828,0.0,2.077254050517384,True,-0.0760500431060791,4.085604190826416,True
yolov10x,/model.23/one2one_cv3.0/one2one_cv3.0.1/one2one_cv3.0.1.0/act/Mul_output_0,/model.23/one2one_cv3.0/one2one_cv3.0.1/one2one_cv3.0.1.1/conv/Conv,0.38285714387893677,0.5931448225663352,9.31306615876369,81.97468041995286,14.594292234828096,14.556317258454213,9.1552734375e-08,0.5161976470947266,0.015502216483788652,0.46875,4.431689537335223,False,2.759095311164857,3.811288952827454,False
yolov10x,/model.19/m.0/cv1/cv1.0/act/Mul_output_0,/model.19/m.0/cv1/cv1.1/conv/Conv,0.031419821083545685,0.23331320413803722,27.181900847539282,17.10283518822824,28.2065246664443,23.98891586696713,2.117919921875e-05,0.068654052734375,0.00010357534587403748,0.0,1.7396698592226398,True,0.12403476238250732,3.9242289066314697,False
yolov10x,/model.23/one2one_cv3.0/one2one_cv3.0.1/one2one_cv3.0.1.1/act/Mul_output_0,/model.23/one2one_cv3.0/one2one_cv3.0.2/Conv,0.4210742115974426,1.6138179764072955,18.117525334973692,33.13659015741366,22.461730552913828,21.831539860562536,2.44140625e-07,0.2753182525634766,0.001662347991435013,0.00625,3.5292700823352914,False,-19.569281339645386,24.317045211791992,False
yolov10x,/model.19/m.0/cv1/cv1.1/act/Mul_output_0,/model.19/m.0/cv1/cv1.2/conv/Conv,0.033521540462970734,0.3166057942316651,29.658657737899066,13.4464868185015,30.295710270357603,29.407942451756405,1.9073486328125e-05,0.053062103271484376,4.953660278552474e-05,0.0,1.5238039862818742,True,-0.18007957935333252,3.8952789306640625,True
yolov10x,/model.19/m.0/cv1/cv1.2/act/Mul_output_0,/model.19/m.0/cv1/cv1.3/conv/Conv,0.04180021956562996,0.23600215842296934,24.36823625790658,22.493980225895818,25.826560699117096,24.80839154702547,1.0467529296875e-05,0.10016253662109376,0.0002616107622770068,0.0,1.813843856627622,True,-0.648181676864624,4.418724775314331,False
yolov10x,/model.19/m.0/cv1/cv1.3/act/Mul_output_0,/model.19/m.0/cv1/cv1.4/conv/Conv,0.042867764830589294,0.4235567557369085,29.82622622511203,12.853545740317502,30.687427932413847,29.052266898920397,4.083251953125e-05,0.05478240966796875,4.6765806661673145e-05,0.0,1.5955163977966051,True,-0.4147521257400508,4.942049980163574,True
yolov10x,/model.19/m.0/cv1/cv1.4/act/Mul_output_0,/model.19/m.0/Add,0.04504919424653053,0.27961136752316934,24.330485371141314,20.461427301718338,26.649168380400944,25.917999720943328,1.080322265625e-05,0.08144952392578125,0.00017661641830278577,0.0,2.2341615204821643,True,,,False
yolov10x,/model.19/m.0/Add_output_0,/model.19/m.1/cv1/cv1.0/conv/Conv;/model.19/m.1/Add;/model.19/Concat,0.06908152252435684,0.35959353540269734,23.888424455441836,24.39797298015472,25.120811959461616,24.853573519096095,6.77490234375e-06,0.094842041015625,0.0002912849619534811,0.0,1.7785324098974147,True,0.20684194564819336,4.288894414901733,True
yolov10x,/model.19/m.1/cv1/cv1.0/act/Mul_output_0,/model.19/m.1/cv1/cv1.1/conv/Conv,0.05492018163204193,0.3068063045141982,24.139895576936535,22.733767085762562,25.734458755501784,25.6548240893345,4.33349609375e-06,0.122062255859375,0.00032466155550715965,0.0,2.0006328730121847,True,-0.9271979331970215,5.661222219467163,False
yolov10x,/model.19/m.1/cv1/cv1.1/act/Mul_output_0,/model.19/m.1/cv1/cv1.2/conv/Conv,0.03722621873021126,0.36470675420274423,29.87465327789355,12.963099049458886,30.613710090900568,28.98267594166668,3.033447265625e-05,0.05484750366210937,4.7573096889825556e-05,0.0,1.568086921334076,True,0.1162909269332888,5.355657339096069,True
yolov10x,/model.19/m.1/cv1/cv1.2/act/Mul_output_0,/model.19/m.1/cv1/cv1.3/conv/Conv,0.029407396912574768,0.2388743708079626,26.746166814123974,15.634743046165681,28.986071917679734,23.136553732066258,0.00010137939453125,0.07849148559570313,9.90091489688971e-05,0.0,2.3443470803017212,True,-0.8477845191955566,6.225968837738037,False
yolov10x,/model.19/m.1/cv1/cv1.3/act/Mul_output_0,/model.19/m.1/cv1/cv1.4/conv/Conv,0.06390949338674545,0.39864418096195847,25.628769781335233,20.360276275777892,26.692213543597866,26.745569531648627,1.15966796875e-06,0.08984259033203125,0.00019228056126381366,0.0,1.6951525413548125,True,0.08004808425903498,6.208631277084351,True
yolov10x,/model.19/m.1/cv1/cv1.4/act/Mul_output_0,/model.19/m.1/Add,0.036301665008068085,0.3097578019966745,27.29332243539085,14.883600756161558,29.413726643362626,24.14632401699423,0.00012103271484375,0.0702457275390625,8.057911222041684e-05,0.0,2.129628459680072,True,,,False
yolov10x,/model.19/m.1/Add_output_0,/model.19/m.2/cv1/cv1.0/conv/Conv;/model.19/m.2/Add;/model.19/Concat,0.06908152252435684,0.4661000744324607,26.447075931590618,18.822896287403626,27.37415789324341,27.035145772301632,8.9111328125e-06,0.078508544921875,0.00014341806526316383,0.0,1.6170346368624644,True,0.36618614196777344,4.844482660293579,True
yolov10x,/model.19/m.2/cv1/cv1.0/act/Mul_output_0,/model.19/m.2/cv1/cv1.1/conv/Conv,0.0434931218624115,0.36025549454724287,26.9533877223559,15.332525277562166,29.155613092630816,23.329553202130207,0.00011187744140625,0.08570233154296875,0.00010386493032594392,0.0,2.3005088765697033,True,-1.5443460941314697,7.233520269393921,False
yolov10x,/model.19/m.2/cv1/cv1.1/act/Mul_output_0,/model.19/m.2/cv1/cv1.2/conv/Conv,0.05730472877621651,0.36307645779229775,25.923618245639567,20.044539926471334,26.827965028989844,26.80032292611284,1.8310546875e-06,0.09148208618164062,0.0001895839501928861,0.0,1.5209471638235978,True,0.5621099472045907,6.346404552459717,True
yolov10x,/model.19/m.2/cv1/cv1.2/act/Mul_output_0,/model.19/m.2/cv1/cv1.3/conv/Conv,0.04201618582010269,0.22578608873368816,22.866403805025957,23.633234576497102,25.397423566213316,20.73639440495352,4.5501708984375e-05,0.12794027709960937,0.0003677728284270091,0.0015625,2.146327192845187,True,-0.8700239658355713,7.459157228469849,False
yolov10x,/model.19/m.2/cv1/cv1.3/act/Mul_output_0,/model.19/m.2/cv1/cv1.4/conv/Conv,0.05915942043066025,0.3224004485515371,24.41454809941694,23.304081704752427,25.51924699418144,25.342629092610586,4.39453125e-06,0.11901171875,0.0003324061017026752,0.0,1.6636765225715329,True,0.4521522521972656,6.635913610458374,True
yolov10x,/model.19/m.2/cv1/cv1.4/act/Mul_output_0,/model.19/m.2/Add,0.048042599111795425,0.39348941862875625,26.538636022595835,15.50590638106711,29.057943728959273,17.593732184290573,0.00040130615234375,0.12365313720703125,0.00015370416191143907,0.0,2.1674700758376333,True,,,False
yolov10x,/model.19/Concat_output_0,/model.19/cv2/conv/Conv,0.06908152252435684,0.484061002731533,24.331016958944225,18.124478755953707,27.70257636967893,26.06310982343556,2.630615234375e-05,0.08641844482421875,0.00014618280839685468,0.0,3.0696125471481563,True,-0.6742196083068848,5.028561353683472,False
yolov10x,/model.19/cv2/act/Mul_output_0,/model.20/cv1/conv/Conv;/model.23/one2one_cv2.1/one2one_cv2.1.0/conv/Conv;/model.23/one2one_cv3.1/one2one_cv3.1.0/one2one_cv3.1.0.0/conv/Conv;/model.23/Shape_5,0.058989740908145905,0.48005675597870257,27.717053307931668,15.605857020095545,29.002134407228418,27.578607568539194,3.668212890625e-05,0.06422470092773437,8.104404580949413e-05,0.0,1.8833514436854486,True,-0.19938921928405762,4.091429710388184,True
yolov10x,/model.20/cv1/act/Mul_output_0,/model.20/cv2/conv/Conv,0.058059077709913254,0.377068593425045,-2.016258056482215,19.55480514084426,27.042817026302586,26.91342235348692,1.800537109375e-06,0.08456820678710937,0.00016392547688034824,0.0015625,1.4583093825608038,True,-0.4976367950439453,4.597012519836426,True
yolov10x,/model.23/one2one_cv2.1/one2one_cv2.1.0/act/Mul_output_0,/model.23/one2one_cv2.1/one2one_cv2.1.1/conv/Conv,0.04775660112500191,0.6435523594066291,32.152291590201536,9.42438987943017,33.382821995033005,26.545562999029624,0.00031884765625,0.04259130859375,1.9535952623450357e-05,0.0,1.791871209127018,False,0.19985508918762207,6.823165655136108,False
yolov10x,/model.23/one2one_cv3.1/one2one_cv3.1.0/one2one_cv3.1.0.0/act/Mul_output_0,/model.23/one2one_cv3.1/one2one_cv3.1.0/one2one_cv3.1.0.1/conv/Conv,0.05098994821310043,0.3711769008954103,22.496714370202092,17.446461262654044,28.033739869685604,21.220439298790108,9.48486328125e-05,0.1125213623046875,0.00017716732113805885,0.0,4.453980782823082,False,-0.8591170310974121,6.4877097606658936,False
yolov10x,/model.21/Concat_output_0,/model.22/cv1/conv/Conv,0.03584151342511177,0.37778093427988824,-55.50112413664179,12.048972809244072,31.248886393314685,17.34102628356893,0.0001729736328125,0.04750189208984375,3.5036586870392176e-05,0.00078125,1.8335941150565467,True,-0.6666145324707031,4.688049554824829,False
yolov10x,/model.23/one2one_cv2.1/one2one_cv2.1.1/act/Mul_output_0,/model.23/one2one_cv2.1/one2one_cv2.1.2/Conv,0.12595060467720032,1.699652197794123,31.735650143606485,9.411176483497234,33.39500852719594,22.881280020211534,0.000392333984375,0.085255126953125,3.9325487503198875e-05,0.0,1.7681802393503423,False,-5.386984348297119,13.125123023986816,False
yolov10x,/model.23/one2one_cv3.1/one2one_cv3.1.0/one2one_cv3.1.0.1/act/Mul_output_0,/model.23/one2one_cv3.1/one2one_cv3.1.1/one2one_cv3.1.1.0/conv/Conv,0.0658579021692276,0.43556633699642155,26.009442725508762,19.202479312722048,27.200740761441967,27.25307964763695,8.7890625e-06,0.07832208251953125,0.00014922421999096988,0.0,1.7245857889977536,False,-0.5882134437561035,6.242001056671143,True
yolov10x,/model.22/Split_output_1,/model.22/m.0/cv1/cv1.0/conv/Conv;/model.22/m.0/Add;/model.22/Concat,0.06584044545888901,0.2968162973949564,22.234103897064635,28.171419988277872,23.871712114156885,23.989707742318565,0.0,0.1241318359375,0.000503355209584696,0.0,2.0668421585797025,True,0.07406330108642578,5.582056999206543,True
yolov10x,/model.23/one2one_cv3.1/one2one_cv3.1.1/one2one_cv3.1.1.0/act/Mul_output_0,/model.23/one2one_cv3.1/one2one_cv3.1.1/one2one_cv3.1.1.1/conv/Conv,0.03944450989365578,0.5350904412720361,28.25205500675264,9.361880478719884,33.44062503409755,7.587456920397184,0.0006287841796875,0.0645870361328125,2.915797829640759e-05,0.0,3.359285717659982,False,1.3561980724334717,6.156364679336548,False
yolov10x,/model.22/m.0/cv1/cv1.0/act/Mul_output_0,/model.22/m.0/cv1/cv1.1/conv/Conv,0.03253117576241493,0.21385456948292253,15.261438919403133,19.319013532496047,27.148187945595218,25.69672895016492,3.2958984375e-05,0.1111787109375,0.0002052769914492886,0.009375,1.7498249773009154,True,-0.38122344017028853,6.296405792236328,False
yolov10x,/model.23/one2one_cv3.1/one2one_cv3.1.1/one2one_cv3.1.1.1/act/Mul_output_0,/model.23/one2one_cv3.1/one2one_cv3.1.2/Conv,0.13546891510486603,1.590826988679157,28.21550637456244,10.814848088919273,32.18747840983974,30.349979545658886,2.91748046875e-05,0.07496759033203125,4.4841038984238736e-05,0.0,3.7790379442534214,False,-19.481916666030884,27.020699501037598,False
yolov10x,/model.22/m.0/cv1/cv1.1/act/Mul_output_0,/model.22/m.0/cv1/cv1.2/conv/Conv,0.02568662539124489,0.2198745712476394,-17.427030048938505,14.836647121935544,29.441171530496533,27.52938410639143,6.67724609375e-05,0.0850443115234375,7.551210875974064e-05,0.01875,1.639037503814528,True,-0.5775952339172363,6.902458667755127,True
yolov10x,/model.22/m.0/cv1/cv1.2/act/Mul_output_0,/model.22/m.0/cv1/cv1.3/conv/Conv,0.026278607547283173,0.13796097936651244,-14.936375557410386,24.190776071824935,25.19489085315592,24.07578604811586,2.57568359375e-05,0.1478826904296875,0.00038890876942582035,0.0203125,2.2511355086577622,True,-0.3306996822357178,7.245320081710815,False
yolov10x,/model.22/m.0/cv1/cv1.3/act/Mul_output_0,/model.22/m.0/cv1/cv1.4/conv/Conv,0.03148709610104561,0.23491822176041524,26.574296783661755,17.022354310646403,28.24749436225951,26.81632363677313,4.2236328125e-05,0.0834765625,0.0001245320947424319,0.0,1.852382486300178,True,-0.46213626861572177,8.02528715133667,True
yolov10x,/model.22/m.0/cv1/cv1.4/act/Mul_output_0,/model.22/m.0/Add,0.0486222505569458,0.20693121178568485,19.40336277020465,29.840959067728683,23.37163134062769,23.1526309354011,8.30078125e-06,0.160348388671875,0.0007334570210959046,0.00625,2.176489662140696,True,,,False
yolov10x,/model.22/m.0/Add_output_0,/model.22/m.1/cv1/cv1.0/conv/Conv;/model.22/m.1/Add;/model.22/Concat,0.06584044545888901,0.35458317065461126,24.277467136019368,23.58187659567131,25.41631963225439,25.40610688050893,7.32421875e-07,0.106671875,0.00030581774687594407,0.0,1.6812349668617228,True,-0.4470806121826172,6.742200136184692,True
yolov10x,/model.22/m.1/cv1/cv1.0/act/Mul_output_0,/model.22/m.1/cv1/cv1.1/conv/Conv,0.03227941319346428,0.26400335120457574,26.025218142173117,15.528156960376155,29.04548863358545,21.326218738229187,0.00017626953125,0.08855859375,0.00011002870004310116,0.0,2.078473952101778,True,-0.9922218322753906,8.619030475616455,False
yolov10x,/model.22/m.1/cv1/cv1.1/act/Mul_output_0,/model.22/m.1/cv1/cv1.2/conv/Conv,0.030967367812991142,0.25705506896578534,-32.06762325207909,15.299662162170192,29.17425005765538,27.305029514291554,5.810546875e-05,0.0923773193359375,9.833556984307661e-05,0.0109375,1.8027302452758218,True,-0.10158133506774991,8.407589435577393,True
yolov10x,/model.22/m.1/cv1/cv1.2/act/Mul_output_0,/model.22/m.1/cv1/cv1.3/conv/Conv,0.050244782119989395,0.1573953172402289,-8.20529722079283,40.54178638300493,20.709829259752553,20.729842705530576,1.220703125e-07,0.281311767578125,0.002222010083411229,0.0265625,2.9442382085100567,True,-0.4157886505126953,8.548403263092041,False
yolov10x,/model.22/m.1/cv1/cv1.3/act/Mul_output_0,/model.22/m.1/cv1/cv1.4/conv/Conv,0.02843722328543663,0.2664794037054395,18.635569613712747,13.55274481641574,30.227341657450147,26.592565025446063,0.00010205078125,0.069727294921875,6.400192255475966e-05,0.003125,2.034626506697894,True,-0.0045261383056640625,8.923823833465576,True
yolov10x,/model.22/m.1/cv1/cv1.4/act/Mul_output_0,/model.22/m.1/Add,0.03697671741247177,0.2524180448453227,14.666781349450126,18.604229005345346,27.475653344782064,23.21256114958952,9.86328125e-05,0.1388251953125,0.0002375379725525827,0.009375,2.7556707473303024,True,,,False
yolov10x,/model.22/m.1/Add_output_0,/model.22/m.2/cv1/cv1.0/conv/Conv;/model.22/m.2/Add;/model.22/Concat,0.06584044545888901,0.4266579218660297,26.06041968915511,19.598221771455783,27.02355352377109,26.88220525753081,5.37109375e-06,0.09247998046875,0.00018310660042901783,0.0,1.5386023299344385,True,-0.1557583808898917,7.261624574661255,True
yolov10x,/model.22/m.2/cv1/cv1.0/act/Mul_output_0,/model.22/m.2/cv1/cv1.1/conv/Conv,0.05312470719218254,0.28765506990201034,21.87947621008761,23.45461116226977,25.463322130077977,24.22570402719682,3.076171875e-05,0.1376640625,0.0003896492029085524,0.0,2.3692518222186925,True,-1.519909381866456,9.550551414489746,False
yolov10x,/model.22/m.2/cv1/cv1.1/act/Mul_output_0,/model.22/m.2/cv1/cv1.2/conv/Conv,0.045290783047676086,0.2627382683629644,-40.73568276329897,21.892240833028403,26.062082537582356,26.28439786857654,8.7890625e-06,0.1990369873046875,0.00029014603324838557,0.084375,2.139246155325354,True,0.05074381828308194,9.336369037628174,True
yolov10x,/model.22/m.2/cv1/cv1.2/act/Mul_output_0,/model.22/m.2/cv1/cv1.3/conv/Conv,0.06795282661914825,0.1693421407420871,-37.493041702967076,50.9619693173454,18.722962838759443,19.139337257015878,1.220703125e-07,0.425424072265625,0.004273491076922685,0.1078125,3.123987215083856,True,-0.7892553806304932,10.371920585632324,False
yolov10x,/model.22/m.2/cv1/cv1.3/act/Mul_output_0,/model.22/m.2/cv1/cv1.4/conv/Conv,0.04960472509264946,0.23876077251039268,-15.31075246564589,26.38540670030822,24.440611025430027,24.20058653364958,2.197265625e-05,0.20147998046875,0.0006750159363040941,0.0125,2.2295971516938518,True,0.1537623405456543,10.043292999267578,True
yolov10x,/model.22/m.2/cv1/cv1.4/act/Mul_output_0,/model.22/m.2/Add,0.06910372525453568,0.28449155305066487,-41.179187678854774,30.8486245486631,23.083170782383675,22.533930212967977,2.294921875e-05,0.382808837890625,0.0017022727470783366,0.09375,3.9812213621254666,True,,,False
yolov10x,/model.22/Concat_output_0,/model.22/cv2/conv/Conv,0.06584044545888901,0.40423568714732033,24.731494706799424,20.685300281841613,26.55465028378734,26.269911122727578,1.0888671875e-05,0.09881904296875,0.00021778765531187081,0.0,1.9672113577438315,True,-1.0802080631256095,7.297460317611694,False
yolov10x,/model.22/cv2/act/Mul_output_0,/model.23/one2one_cv2.2/one2one_cv2.2.0/conv/Conv;/model.23/one2one_cv3.2/one2one_cv3.2.0/one2one_cv3.2.0.0/conv/Conv;/model.23/Shape_9,0.06487313657999039,0.41341376465180285,25.624096312757807,19.92891637896472,26.878213181983455,26.905588893288318,5.2490234375e-06,0.093486083984375,0.00019142127209831105,0.0,1.699378268988068,True,-0.1881093978881836,5.984710693359375,True
yolov10x,/model.23/one2one_cv2.2/one2one_cv2.2.0/act/Mul_output_0,/model.23/one2one_cv2.2/one2one_cv2.2.1/conv/Conv,0.06156906485557556,0.5239585792014667,28.189124734186677,14.92345301144791,29.3905004298493,28.06780829738316,7.2265625e-05,0.0830654296875,9.580257847379086e-05,0.0,1.4020009332944467,False,-0.09908008575439364,8.095099925994873,False
yolov10x,/model.23/one2one_cv3.2/one2one_cv3.2.0/one2one_cv3.2.0.0/act/Mul_output_0,/model.23/one2one_cv3.2/one2one_cv3.2.0/one2one_cv3.2.0.1/conv/Conv,0.10545714199542999,0.24547650574620733,10.355219311592379,54.55942511771938,18.130491167711085,18.060188805253166,1.3427734375e-06,0.382268798828125,0.005403703365051739,0.2796875,5.8056137541552095,False,-0.8210699558258057,7.743046045303345,False
yolov10x,/model.23/one2one_cv2.2/one2one_cv2.2.1/act/Mul_output_0,/model.23/one2one_cv2.2/one2one_cv2.2.2/Conv,0.23158317804336548,1.5498947065135593,25.602066255515794,18.97616882482727,27.303716170021694,26.369963483999285,2.1484375e-05,0.2411572265625,0.00045199444515886593,0.0,1.5258329949763298,False,-5.706775188446043,14.46747636795044,False
yolov10x,/model.23/one2one_cv3.2/one2one_cv3.2.0/one2one_cv3.2.0.1/act/Mul_output_0,/model.23/one2one_cv3.2/one2one_cv3.2.1/one2one_cv3.2.1.0/conv/Conv,0.0870356485247612,0.3423433097720556,21.163789090356378,32.28784394824162,22.687105968502006,22.80580225833463,2.685546875e-06,0.1563017578125,0.0008373903081328343,0.0,1.6529016229188924,False,-0.25922727584838867,7.273350715637207,True
yolov10x,/model.23/one2one_cv3.2/one2one_cv3.2.1/one2one_cv3.2.1.0/act/Mul_output_0,/model.23/one2one_cv3.2/one2one_cv3.2.1/one2one_cv3.2.1.1/conv/Conv,0.29217785596847534,0.4486354205212219,9.7735919801111,82.70989317982553,14.516737680942377,14.515537604832303,5.615234375e-06,0.559287353515625,0.017174750438453935,0.478125,2.2687338862526034,False,-0.8653221130371085,9.70256757736206,False
yolov10x,/model.23/one2one_cv3.2/one2one_cv3.2.1/one2one_cv3.2.1.1/act/Mul_output_0,/model.23/one2one_cv3.2/one2one_cv3.2.2/Conv,0.16183723509311676,1.503997873769769,27.51382234742858,13.66579648501027,30.155187903676964,29.42325774599828,2.1484375e-05,0.068598876953125,6.596845617767645e-05,0.0,2.521976135934761,False,-20.736799716949463,31.007472038269043,False
