model,condition,severity,precision,mAP,mAP50,mAP75,mAP_small,mAP_medium,mAP_large,variant,excluded
yolov10s,clean,0,int8_robustcalib,0.4732451746135807,0.6450530939571426,0.5199961253187351,0.301323934869661,0.5437168766725086,0.5969621733223287,robustcalib,
yolov10s,contrast,3,int8_robustcalib,0.3739927817816816,0.5020184610280932,0.414731377166288,0.225275558005079,0.4276668378167869,0.5050762906855749,robustcalib,
yolov10s,contrast,5,int8_robustcalib,0.0794201304660139,0.1168605461765568,0.0837677813591566,0.0302626833217988,0.0905931118769242,0.1636110677199518,robustcalib,
yolov10s,fog,3,int8_robustcalib,0.4163456429754795,0.5648909772655928,0.4508001779532581,0.2595983826589432,0.4675739971516872,0.5539653224114093,robustcalib,
yolov10s,fog,5,int8_robustcalib,0.4064563378186936,0.5461156601363044,0.4451277177446796,0.2514901530513361,0.4512549433423271,0.5382431860668636,robustcalib,
yolov10s,dark,3,int8_robustcalib,0.2808969675158608,0.4017742093562127,0.3070109009712295,0.1538315485122115,0.3066105699928535,0.4201933985168531,robustcalib,
yolov10s,dark,5,int8_robustcalib,0.1161116899319677,0.1702832657312317,0.1257426744085021,0.0572806797863958,0.1286498748375139,0.1919452267597294,robustcalib,
yolov10s,motion_blur,3,int8_robustcalib,0.2176178386165529,0.3354033314032048,0.2291985909492892,0.0540893676182711,0.2004629713836969,0.4126651014196668,robustcalib,
yolov10s,motion_blur,5,int8_robustcalib,0.0826224582922632,0.1368497262333957,0.0793369970632724,0.0100993365229493,0.0548338642586973,0.2092142899070318,robustcalib,
yolov10x,clean,0,int8_robustcalib,0.5230233031253148,0.6747534058628034,0.574912337072791,0.4020656934173833,0.5979720005590365,0.6561924265170002,robustcalib,
yolov10x,contrast,3,int8_robustcalib,0.4754502835914274,0.6217078816693599,0.5242602117977035,0.3519370180569598,0.5538182424896292,0.6018426998845622,robustcalib,
yolov10x,contrast,5,int8_robustcalib,0.2574591684544177,0.3556109939913519,0.2792776526705302,0.146019068918925,0.3117741823729602,0.3834589480639363,robustcalib,
yolov10x,fog,3,int8_robustcalib,0.4954353049287531,0.6427978510656339,0.5449843630202871,0.3756601514143601,0.5723344821156497,0.6176721404971425,robustcalib,
yolov10x,fog,5,int8_robustcalib,0.4850284906328574,0.6339950048708265,0.5288255509094232,0.3583205814056909,0.5735392072496563,0.6168296763922222,robustcalib,
yolov10x,dark,3,int8_robustcalib,0.3683160867333993,0.4875496217755171,0.4083253125309206,0.2168097147529701,0.4243071298681199,0.5148698127260849,robustcalib,
yolov10x,dark,5,int8_robustcalib,0.1719118871971343,0.2474915557754522,0.1813865910173633,0.0996725291667871,0.1964091354290836,0.2800209743075991,robustcalib,
yolov10x,motion_blur,3,int8_robustcalib,0.2991794460222297,0.440102354082472,0.3162387929570325,0.0868063603923453,0.3176480678889432,0.5260359401822168,robustcalib,
yolov10x,motion_blur,5,int8_robustcalib,0.1505776585622816,0.2315816059027926,0.1616529324126258,0.0214786710751249,0.1179638737340123,0.3532354686977377,robustcalib,
yolov10s,clean,0,,0.4755164999390585,0.6420420883369522,0.5224590057348387,0.3047822126823054,0.5416441983699415,0.6033391284819485,pepai_top1,/model.1/conv/Conv
yolov10s,contrast,3,,0.3714415023796167,0.4999014692045848,0.4091493212153832,0.2218972800555248,0.4202269049267191,0.4987355511515058,pepai_top1,/model.1/conv/Conv
yolov10s,contrast,5,,0.0728614895074635,0.1061592493081313,0.0762921882786888,0.0283534704615149,0.078591544765802,0.1531068239664627,pepai_top1,/model.1/conv/Conv
yolov10s,fog,3,,0.4190487057537535,0.5670095831587422,0.4615173819846289,0.2590921528418877,0.4727575148123638,0.5510156865733398,pepai_top1,/model.1/conv/Conv
yolov10s,fog,5,,0.403072692188816,0.5444372365355339,0.4398955236612846,0.2451295309778949,0.4472699017763698,0.532853247142447,pepai_top1,/model.1/conv/Conv
yolov10s,dark,3,,0.2829095783966144,0.4006454264017928,0.3084843738815344,0.1578039164638851,0.31278945538654,0.4211137604322044,pepai_top1,/model.1/conv/Conv
yolov10s,dark,5,,0.1166735517918836,0.1740073307684931,0.1243901834038561,0.0553725506112442,0.1287218589882538,0.186753858399065,pepai_top1,/model.1/conv/Conv
yolov10s,motion_blur,3,,0.2133688121148989,0.3300244006884362,0.2248214912285263,0.0527687313322718,0.1984126682703429,0.4088860088196362,pepai_top1,/model.1/conv/Conv
yolov10s,motion_blur,5,,0.0782207827234216,0.1296315213551272,0.0757603819457655,0.0092775756235246,0.0527178042513461,0.1957307548325458,pepai_top1,/model.1/conv/Conv
yolov10s,clean,0,,0.4743642321648981,0.6440127299546078,0.5216717225717018,0.2998597861587642,0.5432963398452887,0.6040203723181141,input_fp16,/model.0/conv/Conv
yolov10s,contrast,3,,0.3706063846254435,0.5008004722423645,0.4084268408821727,0.2223354366175169,0.4216502625189969,0.5058606693789778,input_fp16,/model.0/conv/Conv
yolov10s,contrast,5,,0.0785268571806574,0.1152956552214962,0.0823745716333483,0.0332820884695213,0.0935501240001993,0.1591505169877262,input_fp16,/model.0/conv/Conv
yolov10s,fog,3,,0.4191222206993921,0.5677910979917303,0.4597296186865519,0.260276660585848,0.4635916079802979,0.5620552483536438,input_fp16,/model.0/conv/Conv
yolov10s,fog,5,,0.4019889076421201,0.5431382771219289,0.4460062022752432,0.2450275688070538,0.4496033634775047,0.5350164120027555,input_fp16,/model.0/conv/Conv
yolov10s,dark,3,,0.2802207118023668,0.3969961963252782,0.3078897607006672,0.1575472528695803,0.3050467143390576,0.4179758380124186,input_fp16,/model.0/conv/Conv
yolov10s,dark,5,,0.1157997959335064,0.1708404064271809,0.12299160180878,0.0589290551800339,0.1299092882025644,0.1834382944510878,input_fp16,/model.0/conv/Conv
yolov10s,motion_blur,3,,0.2166906250743708,0.3323743009692532,0.2276914676452053,0.0514233760786643,0.2023791663267878,0.4064780114730537,input_fp16,/model.0/conv/Conv
yolov10s,motion_blur,5,,0.0805194490397154,0.1342808340433661,0.0784346284858182,0.0099625546303835,0.0552753063114401,0.1978911885437068,input_fp16,/model.0/conv/Conv
yolov10x,clean,0,,0.5244024454481855,0.6746153827986762,0.5761266124793458,0.40761879115572,0.6020296935683054,0.6705767633425277,pepai_top1,/model.0/conv/Conv
yolov10x,contrast,3,,0.4779830387222064,0.6246097975527136,0.5260918392381435,0.3519902640616787,0.5592480346187568,0.6083542623955245,pepai_top1,/model.0/conv/Conv
yolov10x,contrast,5,,0.27027510883720995,0.3720052438243131,0.2975677328601585,0.1492611477719619,0.3198747482265831,0.4105684739059115,pepai_top1,/model.0/conv/Conv
yolov10x,fog,3,,0.499014175178009,0.644844052730526,0.5505940063410018,0.37377208438099824,0.5801985551027027,0.6200664013784899,pepai_top1,/model.0/conv/Conv
yolov10x,fog,5,,0.48806200115896087,0.6376400833005874,0.532433816860523,0.3669800305966637,0.5704038470975672,0.6118526579713289,pepai_top1,/model.0/conv/Conv
yolov10x,dark,3,,0.3695003266685266,0.4908460374264272,0.4058548723783426,0.21593494943986702,0.41802595075970567,0.5165653458835496,pepai_top1,/model.0/conv/Conv
yolov10x,dark,5,,0.17341615274246192,0.2458272663238746,0.18564149182428458,0.1058077885824196,0.20179661163486973,0.27017544796265686,pepai_top1,/model.0/conv/Conv
yolov10x,motion_blur,3,,0.29911609756584867,0.43687315220949313,0.3156813702738642,0.08919324328572246,0.3138389472379347,0.5294560754625246,pepai_top1,/model.0/conv/Conv
yolov10x,motion_blur,5,,0.15305960792144793,0.23680535775100894,0.16094382875494276,0.02369447914028883,0.12540654575634044,0.3610372738974245,pepai_top1,/model.0/conv/Conv
