model,condition,severity,precision,mAP,mAP50,mAP75,mAP_small,mAP_medium,mAP_large,mre_proj_median,mre_proj_mean,rel_l2_median,sqnr_db_median,disagreement_rate,disagreement_rate_tol
frcnn_r50_fpn,clean,0,fp32,0.4074190662776453,0.6282724330566746,0.4391846101014398,0.2533634316904383,0.4417247567975358,0.5298049301208028,,,,,,
frcnn_r50_fpn,clean,0,fp16,0.4070809493650146,0.6277030271904707,0.4382489305613466,0.2528332898450697,0.4432662947108007,0.529233866538928,,,,,,
frcnn_r50_fpn,clean,0,int8,0.4030227143600556,0.6248411401755367,0.4323910768453933,0.2515431202929971,0.4367188620892193,0.5216970338286483,,,,,,
frcnn_r50_fpn,clean,0,int8fp32-deviation,,,,,,,0.0200811695307493,0.0205810681305825,0.082325770827066,21.689284846911512,0.356,0.102
frcnn_r50_fpn,fog,1,fp32,0.3592369318013428,0.5657712405977285,0.3795419385400568,0.216595390403057,0.3997692569158994,0.4748144617913255,,,,,,
frcnn_r50_fpn,fog,1,fp16,0.3585154417414214,0.5656392969098748,0.377211534683516,0.216086508997781,0.3993019214579588,0.4748136048730488,,,,,,
frcnn_r50_fpn,fog,1,int8,0.3584612534381109,0.5600441331264762,0.390823872805624,0.2121173013917126,0.40458029649368,0.4627479066456024,,,,,,
frcnn_r50_fpn,fog,1,int8fp32-deviation,,,,,,,0.0265738466754555,0.0274663415018469,0.1075650807151993,19.366574399330705,0.392,0.096
frcnn_r50_fpn,fog,2,fp32,0.3440183988446692,0.5349307598147663,0.379267228380356,0.211694228250685,0.3828561040471682,0.4612363556172237,,,,,,
frcnn_r50_fpn,fog,2,fp16,0.3442323038607274,0.5355324383339162,0.3786551173828263,0.2114537183309824,0.3838324083555786,0.4624886972297252,,,,,,
frcnn_r50_fpn,fog,2,int8,0.3393289328499566,0.5281394800024437,0.3731566104599639,0.2104663816092906,0.3797806492536161,0.4602072692835356,,,,,,
frcnn_r50_fpn,fog,2,int8fp32-deviation,,,,,,,0.0286744030192494,0.0294526179682463,0.1152118607080781,18.77005627157424,0.382,0.118
frcnn_r50_fpn,fog,3,fp32,0.3229938084816684,0.5092343841128962,0.3563512035977707,0.1888313763885603,0.3648222773779493,0.4276617396397099,,,,,,
frcnn_r50_fpn,fog,3,fp16,0.3225837042539409,0.5088623782423529,0.3560965571721601,0.1876190819605932,0.3653079466811875,0.4281788084202941,,,,,,
frcnn_r50_fpn,fog,3,int8,0.3158386793502131,0.5044383721297904,0.339504577970933,0.1891682127772614,0.3633785854130466,0.4174999875273224,,,,,,
frcnn_r50_fpn,fog,3,int8fp32-deviation,,,,,,,0.0303868971765041,0.0312429740782827,0.1230285685294827,18.19988568340968,0.364,0.1
frcnn_r50_fpn,fog,4,fp32,0.3258586608625034,0.5155279847550889,0.3602993342411149,0.1909893937732058,0.3692152658210488,0.4459323094446528,,,,,,
frcnn_r50_fpn,fog,4,fp16,0.3262055992580757,0.5153741868864082,0.3603045126468476,0.1911138588934369,0.3696593765432635,0.4456348358831898,,,,,,
frcnn_r50_fpn,fog,4,int8,0.3220165362153154,0.506385217052032,0.3487211972502824,0.1926219455675032,0.3612840738361721,0.4352015936570972,,,,,,
frcnn_r50_fpn,fog,4,int8fp32-deviation,,,,,,,0.030027138069272,0.0305880541406571,0.1203719006200441,18.38949806164614,0.39,0.134
frcnn_r50_fpn,fog,5,fp32,0.3008843988278524,0.4755741249434339,0.3258181205096588,0.1850469480735766,0.3351881090297084,0.4073157712357461,,,,,,
frcnn_r50_fpn,fog,5,fp16,0.3005167640464796,0.4753237908344085,0.3262580190368959,0.1848154262967412,0.3342887910441828,0.4074842398826732,,,,,,
frcnn_r50_fpn,fog,5,int8,0.2907537108066371,0.465242032109383,0.3105113304710648,0.1818297336149169,0.3268331356264972,0.4070833528336422,,,,,,
frcnn_r50_fpn,fog,5,int8fp32-deviation,,,,,,,0.0310117084532976,0.0315545533038675,0.1223584072564483,18.247324065726147,0.374,0.138
frcnn_r50_fpn,snow,1,fp32,0.2889287181239476,0.4728405330157793,0.3021767504550232,0.1776216261540952,0.3256446330653967,0.4105696367295064,,,,,,
frcnn_r50_fpn,snow,1,fp16,0.2885397442881153,0.4726359730276003,0.2992951361952069,0.1774884038047549,0.3266621231341874,0.4094213253977579,,,,,,
frcnn_r50_fpn,snow,1,int8,0.2842790680356817,0.4690002152606831,0.3001920173139406,0.1759023302853621,0.3220310288766803,0.400634251615613,,,,,,
frcnn_r50_fpn,snow,1,int8fp32-deviation,,,,,,,0.0202219339087605,0.0205990803875029,0.0805478234725006,21.87892530307537,0.364,0.088
frcnn_r50_fpn,snow,2,fp32,0.1890728962376998,0.322590724437324,0.1961221229736093,0.1097339903475853,0.2047510855942999,0.2735277138588479,,,,,,
frcnn_r50_fpn,snow,2,fp16,0.1885451666531887,0.3210248360116761,0.1928670235935104,0.1098771685576671,0.2041090058352821,0.2726741693265656,,,,,,
frcnn_r50_fpn,snow,2,int8,0.1867256367221428,0.3168873192460492,0.1890100505769512,0.1075823977681095,0.2061554300184923,0.2710442041350758,,,,,,
frcnn_r50_fpn,snow,2,int8fp32-deviation,,,,,,,0.0192384788766503,0.0193295545425266,0.0755522043862225,22.43505738101195,0.296,0.05
frcnn_r50_fpn,snow,3,fp32,0.1894043541406193,0.3194846049425245,0.1992235650936574,0.1248250594512587,0.2234448983333057,0.2744877857811131,,,,,,
frcnn_r50_fpn,snow,3,fp16,0.1897558329182101,0.3194874008834555,0.2004317616958841,0.1249646380741531,0.2231926217558643,0.2746020963283185,,,,,,
frcnn_r50_fpn,snow,3,int8,0.1874612996491808,0.3131879889014619,0.1927922479187947,0.1241834200864833,0.2203067550526801,0.2695676627964952,,,,,,
frcnn_r50_fpn,snow,3,int8fp32-deviation,,,,,,,0.0209629952907562,0.0210162988279014,0.0818820328684309,21.73622769015872,0.31,0.07
frcnn_r50_fpn,snow,4,fp32,0.140075497600827,0.2392459807113261,0.1440065042415374,0.0927340945501695,0.169105451309224,0.2062561753152863,,,,,,
frcnn_r50_fpn,snow,4,fp16,0.1397912389336936,0.2386483065329604,0.1439367883481413,0.0930585853018583,0.1683643875793404,0.2058564188130052,,,,,,
frcnn_r50_fpn,snow,4,int8,0.1370760416903183,0.2347009295518897,0.1404957968464493,0.0916959071804521,0.163465996659252,0.1982191215997774,,,,,,
frcnn_r50_fpn,snow,4,int8fp32-deviation,,,,,,,0.0214958909898996,0.0215493888620287,0.0829406960661515,21.624646584909705,0.294,0.06
frcnn_r50_fpn,snow,5,fp32,0.1289059871344499,0.2202302569409918,0.1300798972467332,0.0755685154683313,0.1539460061821164,0.1945697820440375,,,,,,
frcnn_r50_fpn,snow,5,fp16,0.1288815896145333,0.2195563686746127,0.1318067960495572,0.0756089582986213,0.15657455581103,0.1940276810309653,,,,,,
frcnn_r50_fpn,snow,5,int8,0.124936763399811,0.2149494427347628,0.1291629417257693,0.0708068994177691,0.1550155335946968,0.1918217059276743,,,,,,
frcnn_r50_fpn,snow,5,int8fp32-deviation,,,,,,,0.0208255478180944,0.0210786791782826,0.0797915250686851,21.96086469886512,0.306,0.076
frcnn_r50_fpn,frost,1,fp32,0.3283393911833999,0.5161207935368785,0.3558430860677962,0.2009481996910073,0.3572169458210364,0.4370280933834851,,,,,,
frcnn_r50_fpn,frost,1,fp16,0.3281826131448233,0.5161201461309057,0.3555886043233553,0.2009670077626688,0.3562840385660514,0.4370989245788904,,,,,,
frcnn_r50_fpn,frost,1,int8,0.3213354401987848,0.5083314068027873,0.3483323072789612,0.1927470665039578,0.3511033078115451,0.4307981003420478,,,,,,
frcnn_r50_fpn,frost,1,int8fp32-deviation,,,,,,,0.0205336930230259,0.0208424498543143,0.0808948694901046,21.84158043363726,0.322,0.082
frcnn_r50_fpn,frost,2,fp32,0.2630956695626112,0.4233856302051764,0.2761719588224804,0.1558640337520593,0.3013636417064512,0.3652204257888186,,,,,,
frcnn_r50_fpn,frost,2,fp16,0.2630711912758952,0.4230927036801256,0.2760513147138665,0.1557171157522983,0.3023174250781085,0.3653315906434976,,,,,,
frcnn_r50_fpn,frost,2,int8,0.2609470389562233,0.4197596495731679,0.2735660358370775,0.1567602396091015,0.2986246920085075,0.3531610748135652,,,,,,
frcnn_r50_fpn,frost,2,int8fp32-deviation,,,,,,,0.0214926486834883,0.021780046448484,0.0838391173608963,21.53107001617863,0.336,0.09
frcnn_r50_fpn,frost,3,fp32,0.2104025812734539,0.3476724885189969,0.2200511888825068,0.1334517210927719,0.2504391373616502,0.2989081929605082,,,,,,
frcnn_r50_fpn,frost,3,fp16,0.2106493180895317,0.3478915683773907,0.2194910659762158,0.1337841651792843,0.2511159393034655,0.2986794874454251,,,,,,
frcnn_r50_fpn,frost,3,int8,0.2128684694689591,0.3480624989053789,0.226856368853492,0.1321682467910636,0.2528934816184946,0.2914560063918012,,,,,,
frcnn_r50_fpn,frost,3,int8fp32-deviation,,,,,,,0.0220550367608666,0.0223384136106818,0.0857151244378678,21.338850885539447,0.308,0.08
frcnn_r50_fpn,frost,4,fp32,0.1979436090920685,0.3271972666165202,0.2116135592723128,0.1251402861773103,0.2353886284164521,0.3090233865523404,,,,,,
frcnn_r50_fpn,frost,4,fp16,0.1979480852667501,0.3262087727176604,0.2122286669921694,0.1249080406157431,0.2349819088984417,0.3095844267916884,,,,,,
frcnn_r50_fpn,frost,4,int8,0.1943191496746444,0.322792176775177,0.2033732871641445,0.1220640297852432,0.2292454077244005,0.2994362313959051,,,,,,
frcnn_r50_fpn,frost,4,int8fp32-deviation,,,,,,,0.022501060552895,0.0228138697165995,0.0865940080069808,21.25024502181144,0.286,0.058
frcnn_r50_fpn,frost,5,fp32,0.1812769217671563,0.3021544652114378,0.1936490266470465,0.1031363632539573,0.219369276798129,0.2809454884647031,,,,,,
frcnn_r50_fpn,frost,5,fp16,0.1816307414824453,0.3024265985124994,0.1941597188628108,0.1037281649238839,0.2194666732989854,0.2793018165909123,,,,,,
frcnn_r50_fpn,frost,5,int8,0.1789806391003152,0.2997495996644438,0.1835556699333084,0.1041407904032667,0.2222480707585679,0.2686447386663309,,,,,,
frcnn_r50_fpn,frost,5,int8fp32-deviation,,,,,,,0.0229332942515611,0.0231058361370116,0.0873249707225349,21.177231027843163,0.232,0.05
frcnn_r50_fpn,dark,1,fp32,0.3277097216298457,0.5157911292776367,0.3548260511580617,0.1928596859386713,0.3621141460038532,0.4459174238491094,,,,,,
frcnn_r50_fpn,dark,1,fp16,0.3278408165607651,0.5156206853828079,0.3537665845461024,0.192203896219581,0.3623725458864753,0.4457705116082575,,,,,,
frcnn_r50_fpn,dark,1,int8,0.3256503298203332,0.5118828877890518,0.3453496954802685,0.193234369478901,0.3553523246526392,0.4516938248055144,,,,,,
frcnn_r50_fpn,dark,1,int8fp32-deviation,,,,,,,0.0188550761900842,0.0195292385824024,0.0779039932419956,22.168805966049664,0.326,0.094
frcnn_r50_fpn,dark,2,fp32,0.2756203555312434,0.4433891567510615,0.2954920377083314,0.1590771484280811,0.3060764774343593,0.3999036990171274,,,,,,
frcnn_r50_fpn,dark,2,fp16,0.2750664483250716,0.4433828903639355,0.2944170234080543,0.1590513519590335,0.306625724755537,0.3991976997032647,,,,,,
frcnn_r50_fpn,dark,2,int8,0.2723480536299956,0.4401052761326664,0.2910600890927309,0.1607363867825063,0.3016777135931837,0.3960215039267928,,,,,,
frcnn_r50_fpn,dark,2,int8fp32-deviation,,,,,,,0.0202489361166954,0.0207879580523818,0.083600722286251,21.555805037121704,0.328,0.102
frcnn_r50_fpn,dark,3,fp32,0.2041330388111732,0.3416868138533226,0.2032298116358202,0.1062654068523807,0.2324635853303897,0.3201691403366458,,,,,,
frcnn_r50_fpn,dark,3,fp16,0.2045502018109247,0.3428822775702206,0.2017662552906175,0.1065389068391017,0.233122929741168,0.319386693057093,,,,,,
frcnn_r50_fpn,dark,3,int8,0.2004703272198188,0.3329667161405309,0.2007141128041072,0.1068654930574768,0.2311341781302367,0.3111658124100857,,,,,,
frcnn_r50_fpn,dark,3,int8fp32-deviation,,,,,,,0.0212639370933175,0.0217111424218863,0.0873641069510921,21.17333916911721,0.346,0.084
frcnn_r50_fpn,dark,4,fp32,0.1308103830066182,0.2280359063770922,0.1276003556923932,0.0649008867237622,0.1537265414781937,0.2251621561828579,,,,,,
frcnn_r50_fpn,dark,4,fp16,0.1309887964604187,0.2284766544582832,0.1266322140778045,0.0652176147601418,0.1531707420253487,0.2250417772269589,,,,,,
frcnn_r50_fpn,dark,4,int8,0.1281836675844338,0.2203769817796214,0.1268432745962932,0.0641703049392395,0.1461205396090047,0.2215008326812688,,,,,,
frcnn_r50_fpn,dark,4,int8fp32-deviation,,,,,,,0.0220466306433081,0.0224293637465685,0.0887689351310732,21.03478028580231,0.298,0.064
frcnn_r50_fpn,dark,5,fp32,0.0736945095702306,0.1246368079075216,0.0749255333610382,0.0254283848817613,0.0775411907483247,0.1440066553434846,,,,,,
frcnn_r50_fpn,dark,5,fp16,0.0736945896745113,0.1248697283985804,0.074580627574519,0.0291174663608903,0.0775488765984521,0.1445897541830474,,,,,,
frcnn_r50_fpn,dark,5,int8,0.0705793572299539,0.1188271202171071,0.0738939930790123,0.0285812655353683,0.0803649145565703,0.1405829654049344,,,,,,
frcnn_r50_fpn,dark,5,int8fp32-deviation,,,,,,,0.0226340329274535,0.0230286884184926,0.0895202540956604,20.961573918001143,0.252,0.04
frcnn_r50_fpn,brightness,1,fp32,0.3938966376491665,0.6144905681195627,0.4214990007131279,0.248977953932718,0.4311853590513669,0.5035792791037951,,,,,,
frcnn_r50_fpn,brightness,1,fp16,0.3934375640834658,0.6139879281437091,0.421420017191218,0.2485458120378574,0.4317532441767294,0.5041780240476247,,,,,,
frcnn_r50_fpn,brightness,1,int8,0.3939599731259306,0.6164915416057889,0.4157268625734355,0.2446778402990823,0.4307273787147342,0.5087040858009795,,,,,,
frcnn_r50_fpn,brightness,1,int8fp32-deviation,,,,,,,0.0197352414950728,0.0202457225084304,0.0808914978438775,21.84194247388291,0.364,0.128
frcnn_r50_fpn,brightness,2,fp32,0.3788297822259682,0.5958192819293042,0.4116004259077935,0.2361122107631356,0.415479636329306,0.4903007032952581,,,,,,
frcnn_r50_fpn,brightness,2,fp16,0.3791424679566343,0.5959384943010341,0.4117638704382307,0.2363904768044088,0.4160811411980279,0.4886012073277386,,,,,,
frcnn_r50_fpn,brightness,2,int8,0.3782318670696319,0.5916888837675652,0.4112695714134715,0.2348708755863778,0.4133778757914099,0.4988395249676504,,,,,,
frcnn_r50_fpn,brightness,2,int8fp32-deviation,,,,,,,0.0196880731731653,0.0201815348487347,0.0803780604122824,21.89724989921565,0.33,0.098
frcnn_r50_fpn,brightness,3,fp32,0.3578494542668398,0.5632897896245714,0.3777835867761064,0.2232172558505108,0.3951860410029099,0.4729879211564228,,,,,,
frcnn_r50_fpn,brightness,3,fp16,0.3584725280589183,0.5647366186366785,0.3792468022278281,0.2231479800088142,0.3950247815575013,0.4740276804560719,,,,,,
frcnn_r50_fpn,brightness,3,int8,0.3581865829199342,0.5627918270418633,0.3835910482877346,0.2225895898386561,0.3912127902118041,0.4735932534402918,,,,,,
frcnn_r50_fpn,brightness,3,int8fp32-deviation,,,,,,,0.0201041156426072,0.0205534877758473,0.0812416461056275,21.804427773710213,0.354,0.092
frcnn_r50_fpn,brightness,4,fp32,0.3352156484693447,0.5282788055188253,0.3563705909884085,0.2036351538547404,0.3716156949524151,0.4469628591383141,,,,,,
frcnn_r50_fpn,brightness,4,fp16,0.3349502647283726,0.5291717726230489,0.3546828991376863,0.202940053459392,0.3719893297173841,0.4480564963925567,,,,,,
frcnn_r50_fpn,brightness,4,int8,0.3317186942840825,0.5240269284429517,0.3516634639530413,0.1980519903430537,0.3659334408722426,0.4414077335708366,,,,,,
frcnn_r50_fpn,brightness,4,int8fp32-deviation,,,,,,,0.0203991739079356,0.021056406334415,0.0831008345492099,21.60789229753275,0.356,0.088
frcnn_r50_fpn,brightness,5,fp32,0.3011496137875505,0.4795293858631387,0.3225974572782337,0.1793880686626763,0.3441372355536721,0.4173775986738621,,,,,,
frcnn_r50_fpn,brightness,5,fp16,0.3020769747655331,0.4811988997621122,0.3232351341986936,0.1793483029213798,0.3430814182240908,0.4179751144455323,,,,,,
frcnn_r50_fpn,brightness,5,int8,0.2995545744243123,0.4804791722917275,0.31883392293494,0.1808481455216901,0.336939393143865,0.4179917401669212,,,,,,
frcnn_r50_fpn,brightness,5,int8fp32-deviation,,,,,,,0.021116185747087,0.0216920954670757,0.0848228394803847,21.42974406586572,0.388,0.084
frcnn_r50_fpn,contrast,1,fp32,0.3576094136233403,0.5618389615317385,0.3844179279862137,0.2126696226876903,0.3957453531277471,0.4761344766325386,,,,,,
frcnn_r50_fpn,contrast,1,fp16,0.3575401452667817,0.5617473398050381,0.3844133687867654,0.2129092457721424,0.3968149389943011,0.4760355756817261,,,,,,
frcnn_r50_fpn,contrast,1,int8,0.3579685109198576,0.5573695743538327,0.3807289612937303,0.2124775014286591,0.396063101331165,0.4773834154802524,,,,,,
frcnn_r50_fpn,contrast,1,int8fp32-deviation,,,,,,,0.0257216520607471,0.0265104731969535,0.1039467953223396,19.663779788628,0.34,0.114
frcnn_r50_fpn,contrast,2,fp32,0.3330492235284737,0.5220744195983759,0.3539033041731412,0.1948465923195815,0.3719768676007756,0.4456962416768091,,,,,,
frcnn_r50_fpn,contrast,2,fp16,0.3326420110324473,0.5216521421366592,0.353015721448324,0.1927459014743472,0.3720284009661178,0.4458758830955252,,,,,,
frcnn_r50_fpn,contrast,2,int8,0.3321230635798227,0.5184742869706733,0.3563693462277079,0.1967138027074128,0.369596644730516,0.4485074976078769,,,,,,
frcnn_r50_fpn,contrast,2,int8fp32-deviation,,,,,,,0.0281593294814229,0.0291895578805357,0.1145606443582818,18.81929104767684,0.382,0.12
frcnn_r50_fpn,contrast,3,fp32,0.2811070793194601,0.4453523515414194,0.3019958267699145,0.1579326535332554,0.3209977267978068,0.3866864666886812,,,,,,
frcnn_r50_fpn,contrast,3,fp16,0.2814590139631694,0.4467656523290277,0.3026286629065041,0.1576568517739199,0.3215929206996741,0.3867743624540789,,,,,,
frcnn_r50_fpn,contrast,3,int8,0.2735822397204956,0.4320136282983925,0.3005244438746416,0.1647044490041587,0.3090688611373245,0.3848431419773997,,,,,,
frcnn_r50_fpn,contrast,3,int8fp32-deviation,,,,,,,0.0332578759640455,0.0339344391096383,0.1323014447552885,17.568708515417242,0.37,0.142
frcnn_r50_fpn,contrast,4,fp32,0.1706733064907979,0.2792388676952138,0.1840906904794333,0.095503978256229,0.2061576224926265,0.2532830990471364,,,,,,
frcnn_r50_fpn,contrast,4,fp16,0.1702344199205995,0.2786640356619388,0.1827129290718294,0.0954067179626299,0.2059718750534577,0.2536930652247726,,,,,,
frcnn_r50_fpn,contrast,4,int8,0.1658825781949305,0.2707200108895731,0.1759919170418828,0.0956021771089623,0.195110539882634,0.255551991284549,,,,,,
frcnn_r50_fpn,contrast,4,int8fp32-deviation,,,,,,,0.0430518612265586,0.0430157558761537,0.167606116993797,15.51420273014712,0.332,0.128
frcnn_r50_fpn,contrast,5,fp32,0.0611100530700531,0.1033220350125034,0.0633493065336855,0.0355274543963707,0.0733308711622987,0.1026046683978149,,,,,,
frcnn_r50_fpn,contrast,5,fp16,0.0612909666545471,0.103736786127423,0.063140967778997,0.0355326619456396,0.073185359880783,0.102961925439477,,,,,,
frcnn_r50_fpn,contrast,5,int8,0.0568290473056556,0.0974958159155847,0.0578960529614447,0.034072899649791,0.0676594567368059,0.096842868029617,,,,,,
frcnn_r50_fpn,contrast,5,int8fp32-deviation,,,,,,,0.0495663456618785,0.0489541966378688,0.1890324533313115,14.46927329327999,0.28,0.15
frcnn_r50_fpn,gaussian_noise,1,fp32,0.31802062615651,0.5025025819630746,0.3485993633649948,0.182752013872464,0.3486029275697632,0.4441868456599296,,,,,,
frcnn_r50_fpn,gaussian_noise,1,fp16,0.3177508242611972,0.50300006925055,0.3509720655593385,0.1823743885986415,0.3489588651194023,0.4446783615493151,,,,,,
frcnn_r50_fpn,gaussian_noise,1,int8,0.3144449373678555,0.4986119390799008,0.3411038587963915,0.1765091884406281,0.3417826460985957,0.4441358452194219,,,,,,
frcnn_r50_fpn,gaussian_noise,1,int8fp32-deviation,,,,,,,0.0177431805990636,0.0179841785483062,0.069999183461782,23.098140638080693,0.344,0.076
frcnn_r50_fpn,gaussian_noise,2,fp32,0.2587532799304934,0.4173874235520772,0.2767101950041037,0.1470028876859826,0.2898566815447663,0.3799905236059222,,,,,,
frcnn_r50_fpn,gaussian_noise,2,fp16,0.2590175280754402,0.4173612432416165,0.278381405592812,0.1469659081620695,0.2888685604983291,0.3805485823135238,,,,,,
frcnn_r50_fpn,gaussian_noise,2,int8,0.2568434493548507,0.4162666347616744,0.2776017736401833,0.1461367017168274,0.2866679471441845,0.382963038544991,,,,,,
frcnn_r50_fpn,gaussian_noise,2,int8fp32-deviation,,,,,,,0.0178382094949483,0.0179582204818725,0.0695291368590827,23.156663434235742,0.318,0.068
frcnn_r50_fpn,gaussian_noise,3,fp32,0.180859474579423,0.3017753062408821,0.1911043809233414,0.0956868870194137,0.2041619293784797,0.2812547520764085,,,,,,
frcnn_r50_fpn,gaussian_noise,3,fp16,0.1812359314621147,0.3024177947054415,0.1911712169303723,0.0951626737887058,0.2050638493378679,0.2811425381336778,,,,,,
frcnn_r50_fpn,gaussian_noise,3,int8,0.1779533616790197,0.2984102441527717,0.1870049905995767,0.0876699418603772,0.2061528607752357,0.2734939678687303,,,,,,
frcnn_r50_fpn,gaussian_noise,3,int8fp32-deviation,,,,,,,0.0179884690791368,0.0181522955875843,0.0701656949584004,23.07750339851988,0.318,0.062
frcnn_r50_fpn,gaussian_noise,4,fp32,0.0994528197880431,0.1765962419391025,0.0970860100192151,0.0440353941076112,0.1120355441261252,0.1857247116759342,,,,,,
frcnn_r50_fpn,gaussian_noise,4,fp16,0.0993409283361814,0.1762613203262095,0.097294327062946,0.0441614711712814,0.1116041959643145,0.1860085315891423,,,,,,
frcnn_r50_fpn,gaussian_noise,4,int8,0.0972116259421135,0.1702866720076876,0.0977438414948898,0.043591153968474,0.1099240853935702,0.1805056759258698,,,,,,
frcnn_r50_fpn,gaussian_noise,4,int8fp32-deviation,,,,,,,0.0184361927211284,0.018661882385984,0.0709325865288691,22.983084855122108,0.274,0.048
frcnn_r50_fpn,gaussian_noise,5,fp32,0.0438677703491581,0.0779866886114059,0.0466934810548901,0.0186299713708754,0.0395328085755461,0.0984901353680513,,,,,,
frcnn_r50_fpn,gaussian_noise,5,fp16,0.0440509085052686,0.0781832786747714,0.0469968226229721,0.0182819736226914,0.0396635964164723,0.0988936269747684,,,,,,
frcnn_r50_fpn,gaussian_noise,5,int8,0.0419736545448058,0.0747212089562758,0.0409084182632501,0.0182132534945128,0.0371231700408006,0.095282181071181,,,,,,
frcnn_r50_fpn,gaussian_noise,5,int8fp32-deviation,,,,,,,0.0191812619566917,0.0195166206102818,0.0740652200897199,22.60771375229472,0.186,0.028
frcnn_r50_fpn,motion_blur,1,fp32,0.3176885394405241,0.5273015110913487,0.3280287308001736,0.1479804160462794,0.358040011391337,0.4821649230156585,,,,,,
frcnn_r50_fpn,motion_blur,1,fp16,0.3172443350094163,0.5268733110115187,0.3269051274513127,0.1478626511500368,0.3566178145029629,0.4828414341772442,,,,,,
frcnn_r50_fpn,motion_blur,1,int8,0.3145500821506091,0.5254165902787791,0.3266521432492719,0.1471129570878689,0.3535555595013191,0.4723285789885631,,,,,,
frcnn_r50_fpn,motion_blur,1,int8fp32-deviation,,,,,,,0.0244736989960074,0.0251225195217877,0.1007803358282027,19.93248421882874,0.388,0.13
frcnn_r50_fpn,motion_blur,2,fp32,0.2416132316300861,0.421337311385718,0.2498204588095079,0.0825415816886488,0.2567486032260806,0.4283178342622709,,,,,,
frcnn_r50_fpn,motion_blur,2,fp16,0.2411880923258222,0.4211837955509643,0.2482658076463049,0.0825350399091647,0.2562083897655128,0.4267555965706746,,,,,,
frcnn_r50_fpn,motion_blur,2,int8,0.2424871011528347,0.4220123995568806,0.2541870159120757,0.0874085736851996,0.2560115357271968,0.4195226042873868,,,,,,
frcnn_r50_fpn,motion_blur,2,int8fp32-deviation,,,,,,,0.0272218463942408,0.0276320546478033,0.1105853913938293,19.12604791546352,0.384,0.098
frcnn_r50_fpn,motion_blur,3,fp32,0.1636886685245056,0.2974225317961484,0.16543967805537,0.0377154290369409,0.1553728183396691,0.3271398687861759,,,,,,
frcnn_r50_fpn,motion_blur,3,fp16,0.1637849446417963,0.2968729207792464,0.1649423230034472,0.0375879282369453,0.1558258653393475,0.3268933433325507,,,,,,
frcnn_r50_fpn,motion_blur,3,int8,0.1620708079730327,0.297794671346187,0.1550226229897897,0.0361055676959538,0.1570492274669751,0.3254993735771123,,,,,,
frcnn_r50_fpn,motion_blur,3,int8fp32-deviation,,,,,,,0.0305984862148761,0.0306813665490597,0.1219496932704417,18.276385908257065,0.364,0.122
frcnn_r50_fpn,motion_blur,4,fp32,0.0918685065173232,0.1728355891434877,0.0832694119159176,0.0105850507826325,0.0789348292753929,0.2194349648248215,,,,,,
frcnn_r50_fpn,motion_blur,4,fp16,0.0917185118837882,0.1729387819973495,0.0831146696014891,0.010756627742312,0.0787713542286604,0.2169802598181868,,,,,,
frcnn_r50_fpn,motion_blur,4,int8,0.0905603494974181,0.1771906866338314,0.0802059760692007,0.009357816048142,0.0757332906020377,0.2174935779083617,,,,,,
frcnn_r50_fpn,motion_blur,4,int8fp32-deviation,,,,,,,0.0333484079688787,0.03330234022215,0.1317719110964488,17.60354311062147,0.358,0.098
frcnn_r50_fpn,motion_blur,5,fp32,0.0608799062491921,0.1294004887801262,0.0523984383753217,0.004341202428874,0.0400971522129663,0.1683599376670291,,,,,,
frcnn_r50_fpn,motion_blur,5,fp16,0.0606475056845758,0.1287486543991609,0.052397861770761,0.0043472314328965,0.039892299435103,0.1678352121975988,,,,,,
frcnn_r50_fpn,motion_blur,5,int8,0.0617482266984695,0.1275720141885764,0.0530686471896139,0.0047559512726344,0.0461853463518732,0.162122740158457,,,,,,
frcnn_r50_fpn,motion_blur,5,int8fp32-deviation,,,,,,,0.035040221735835,0.0348552505351603,0.1374664915543811,17.236064858492576,0.384,0.126
yolov10s,clean,0,fp32,0.487305916808499,0.6506261283437391,0.5358720350862004,0.3023015977384731,0.552165386127474,0.6806019177486081,,,,,,
yolov10s,clean,0,fp16,0.4869072955674152,0.6509648121672017,0.5338120134387515,0.3021182226197136,0.5524507583206402,0.6796361224752915,,,,,,
yolov10s,clean,0,int8,0.4733490697351064,0.6421750417293196,0.5218641288296838,0.3030121768165025,0.5401871604531135,0.5998477296938738,,,,,,
yolov10s,clean,0,int8fp32-deviation,,,,,,,0.0574138409768541,0.0597324854048589,0.2737817665667333,11.251909623725716,0.336,0.094
yolov10s,fog,1,fp32,0.4605597980939909,0.6187582779453281,0.5012515665032817,0.2983512349711554,0.5257303946308832,0.6276164992243415,,,,,,
yolov10s,fog,1,fp16,0.4608839507737081,0.6192674955133228,0.5019029166420709,0.2984001117121323,0.5267475527863092,0.626514348871531,,,,,,
yolov10s,fog,1,int8,0.4448091171071583,0.6003809400550811,0.4879252328655434,0.2907969750954267,0.5018297046458755,0.5713010360779172,,,,,,
yolov10s,fog,1,int8fp32-deviation,,,,,,,0.0675485897809267,0.0695756377254923,0.3072170447676201,10.251100940455132,0.38,0.106
yolov10s,fog,2,fp32,0.453202325670441,0.6022901932113315,0.4936903674787505,0.2925165314859227,0.5022358580647597,0.6289310226724325,,,,,,
yolov10s,fog,2,fp16,0.4532171692056423,0.6024380662485644,0.4948846271627275,0.2933986549536811,0.5008577716172012,0.6286003758776453,,,,,,
yolov10s,fog,2,int8,0.4356213232966003,0.5850945122527935,0.4820179796402019,0.2824633156005703,0.4893258171126924,0.5683816692448812,,,,,,
yolov10s,fog,2,int8fp32-deviation,,,,,,,0.0697949212044477,0.0724511109416683,0.3133866364541668,10.07839119184966,0.37,0.096
yolov10s,fog,3,fp32,0.4378832001774255,0.5884816153231762,0.4796801921198591,0.2691228838982592,0.4937954164150812,0.6065148615306111,,,,,,
yolov10s,fog,3,fp16,0.4374182081615659,0.5885388991880337,0.4792680814661794,0.2705475245344531,0.4927494709421377,0.604578206235072,,,,,,
yolov10s,fog,3,int8,0.4171590673426318,0.5654066427651823,0.4553410166245557,0.2560476689582303,0.46852512893748,0.5579950501209885,,,,,,
yolov10s,fog,3,int8fp32-deviation,,,,,,,0.0724108653763929,0.0741841748369236,0.3208713070705939,9.87338239373172,0.38,0.11
yolov10s,fog,4,fp32,0.4380358308487835,0.5843947924718129,0.4790614116981944,0.2844766753488251,0.4796730442314122,0.6163533450624897,,,,,,
yolov10s,fog,4,fp16,0.4380211600254266,0.5846746041953436,0.4792215122456809,0.2844879970734345,0.4810992085240634,0.6182274103989275,,,,,,
yolov10s,fog,4,int8,0.4194245305494729,0.5674464208391353,0.4625046833955434,0.2785713865733095,0.4576382160383356,0.5570798236609369,,,,,,
yolov10s,fog,4,int8fp32-deviation,,,,,,,0.0712719907363255,0.0725028888595601,0.31477622441881,10.039962526920778,0.364,0.122
yolov10s,fog,5,fp32,0.421231325459085,0.5612537498504491,0.4578459879223253,0.2682089991797989,0.4673056307055743,0.5919309947503186,,,,,,
yolov10s,fog,5,fp16,0.4211912396542896,0.5619373892244917,0.4567709407353118,0.266890892995179,0.4652597054240418,0.5927690414152492,,,,,,
yolov10s,fog,5,int8,0.405585662657322,0.5450982920290659,0.4440173543251822,0.24992171407849,0.4483968593973855,0.5312666593140347,,,,,,
yolov10s,fog,5,int8fp32-deviation,,,,,,,0.0711107455814878,0.0722659178425868,0.3168680983089201,9.98243107392386,0.39,0.15
yolov10s,snow,1,fp32,0.3821785577599468,0.5244264054904847,0.4212447450917343,0.2364760331163944,0.4524959267599768,0.5260011222389466,,,,,,
yolov10s,snow,1,fp16,0.3817081097511611,0.5241398366943962,0.4198736584713369,0.2353448783583195,0.4512384883936089,0.5257048808517039,,,,,,
yolov10s,snow,1,int8,0.3669612221126879,0.5020692139880653,0.4047545064926042,0.2315798786073709,0.4411768214389491,0.4761029392163287,,,,,,
yolov10s,snow,1,int8fp32-deviation,,,,,,,0.0601189232741792,0.0618688323758542,0.2722163286716491,11.30171768412671,0.354,0.114
yolov10s,snow,2,fp32,0.3014432192092378,0.4199363596145067,0.3258182875111964,0.1979741374906451,0.3523580961227533,0.4218514053127241,,,,,,
yolov10s,snow,2,fp16,0.3011347962171536,0.4198791905698627,0.3246227523310953,0.1957205165445949,0.3521702206271799,0.4209244802448612,,,,,,
yolov10s,snow,2,int8,0.2926682881286612,0.4120840165709062,0.3152859295165925,0.1948077797123837,0.3401908114418104,0.4010456355395047,,,,,,
yolov10s,snow,2,int8fp32-deviation,,,,,,,0.0644481123114625,0.0656644214205443,0.2864343398042817,10.859498338160096,0.326,0.094
yolov10s,snow,3,fp32,0.2840232260390131,0.4010599380055021,0.3073913316264376,0.1816482506108548,0.3354379142577509,0.3817674279221157,,,,,,
yolov10s,snow,3,fp16,0.2845605729200312,0.4009398611686271,0.3081973721200778,0.181894242939921,0.3352652364916988,0.3807173248323923,,,,,,
yolov10s,snow,3,int8,0.2747200589684406,0.3879937338136496,0.2984960720910555,0.1797209182083897,0.3290111342451452,0.3524563307699203,,,,,,
yolov10s,snow,3,int8fp32-deviation,,,,,,,0.0625191417833169,0.0633275340795516,0.2737333966889254,11.25344559896233,0.294,0.082
yolov10s,snow,4,fp32,0.2223907706068376,0.3222619629408537,0.2357903239807265,0.1356584991116567,0.2680496910768704,0.3156323513776305,,,,,,
yolov10s,snow,4,fp16,0.2223831122538777,0.3222960583889005,0.2355048214238487,0.1360457356784287,0.2682417705061211,0.3148169851615961,,,,,,
yolov10s,snow,4,int8,0.2145070095115316,0.3126273295876689,0.2290973656472932,0.1371691767722477,0.249434646162209,0.2980952925466803,,,,,,
yolov10s,snow,4,int8fp32-deviation,,,,,,,0.0639224474628766,0.0651690175794065,0.2808002462209313,11.032054221043683,0.25,0.082
yolov10s,snow,5,fp32,0.2251135084275,0.320127251792369,0.2386411898057843,0.1273584312840956,0.2532406953909694,0.3393562536517517,,,,,,
yolov10s,snow,5,fp16,0.2252481839975753,0.3200421927939278,0.2386932412931976,0.1278695266300729,0.2530735309927148,0.3391606415189717,,,,,,
yolov10s,snow,5,int8,0.2196326914431881,0.3153394195240734,0.2359160794253498,0.1247660664226838,0.2516402273596224,0.3294942949886009,,,,,,
yolov10s,snow,5,int8fp32-deviation,,,,,,,0.0657682201514641,0.0669718433134257,0.2879296013447232,10.814273885899324,0.31,0.084
yolov10s,frost,1,fp32,0.428688547177557,0.5753165392801275,0.4671881061384936,0.2609655257900353,0.4796534885475338,0.6061947794619768,,,,,,
yolov10s,frost,1,fp16,0.429118124599798,0.5755340208291414,0.4669747226880771,0.2615239270934859,0.480136495949667,0.6069631655489264,,,,,,
yolov10s,frost,1,int8,0.4144329166734299,0.563440932216646,0.4509922686574754,0.2500698413510577,0.4671121402030692,0.5654982355194427,,,,,,
yolov10s,frost,1,int8fp32-deviation,,,,,,,0.0617784028872847,0.0634931545332074,0.282863139860279,10.968473118812328,0.35,0.114
yolov10s,frost,2,fp32,0.374936265218755,0.5141229209206188,0.4027997767473761,0.2138765606244477,0.4357937322987911,0.5384403592823347,,,,,,
yolov10s,frost,2,fp16,0.3753457253549598,0.514298728352063,0.4040852935319889,0.2142592785343521,0.4367749430216358,0.5384994682259712,,,,,,
yolov10s,frost,2,int8,0.3594929896933772,0.4971193088233333,0.3895784822984096,0.2101215552156713,0.4179403196033603,0.4898471058391869,,,,,,
yolov10s,frost,2,int8fp32-deviation,,,,,,,0.0664960344632466,0.067953819570442,0.2951926311585907,10.597891332171187,0.316,0.088
yolov10s,frost,3,fp32,0.3271618269746211,0.4488211285555196,0.3558899781098696,0.1957645527303497,0.3773754332189476,0.4658677123498064,,,,,,
yolov10s,frost,3,fp16,0.3271974343222947,0.4487772566661402,0.3559412929861904,0.1961971753999643,0.3751590476998133,0.4658412187590688,,,,,,
yolov10s,frost,3,int8,0.3074540634603667,0.42389347526552,0.3345974580145718,0.1853220008017394,0.3514542458867258,0.424532627389758,,,,,,
yolov10s,frost,3,int8fp32-deviation,,,,,,,0.0697999848052859,0.070418564705799,0.3034380740881711,10.358599410628528,0.304,0.092
yolov10s,frost,4,fp32,0.3101130806509976,0.4283079329361206,0.3339072199338817,0.1915784029521629,0.362306743785316,0.4501549934025225,,,,,,
yolov10s,frost,4,fp16,0.3100432136687578,0.4313804051486013,0.3338796614285023,0.1914417282707944,0.3624648317404328,0.4478064045543471,,,,,,
yolov10s,frost,4,int8,0.2936294774290794,0.4124214283507405,0.3144414817672466,0.1882395017890884,0.3304199318202537,0.415377266856369,,,,,,
yolov10s,frost,4,int8fp32-deviation,,,,,,,0.0694193427140514,0.0703586467951536,0.3039344331167372,10.344404013744557,0.304,0.086
yolov10s,frost,5,fp32,0.2847523905247727,0.3942358250724838,0.3017321531255524,0.1704895338098304,0.3373328914241673,0.4020381874117606,,,,,,
yolov10s,frost,5,fp16,0.284794990144266,0.3941914788996721,0.3017717917124887,0.1704149348945795,0.3366875907391292,0.4036365656943845,,,,,,
yolov10s,frost,5,int8,0.2703007514094758,0.3757195444405049,0.2916445038527632,0.1662694604869712,0.3145462863889414,0.3823889888617306,,,,,,
yolov10s,frost,5,int8fp32-deviation,,,,,,,0.0705968625843525,0.0719524546600878,0.3053515397177023,10.304013711523158,0.298,0.088
yolov10s,dark,1,fp32,0.4139266410213016,0.5597242958871248,0.4537224318994081,0.2377767020893618,0.4786560477998039,0.5864558828344354,,,,,,
yolov10s,dark,1,fp16,0.4134320580356604,0.5591997070682763,0.4534091542691733,0.2375356239317809,0.4788702030272504,0.5854921389698897,,,,,,
yolov10s,dark,1,int8,0.3961825793683468,0.5441620536034195,0.4319165074719279,0.2243935609219123,0.4559471252962744,0.529147467535613,,,,,,
yolov10s,dark,1,int8fp32-deviation,,,,,,,0.0570908390606443,0.0592989587249855,0.2703373185396696,11.361880036141777,0.292,0.088
yolov10s,dark,2,fp32,0.3711473211320721,0.5081906192126018,0.40558074357566,0.2064190078493387,0.4227560722032699,0.5465302541136592,,,,,,
yolov10s,dark,2,fp16,0.3711809625696515,0.5082325546306531,0.4053792156978344,0.206283360958969,0.4234999670687276,0.5473751603450724,,,,,,
yolov10s,dark,2,int8,0.3519550967184795,0.4867589322837372,0.3869728005733833,0.2008332430826532,0.4004107652758374,0.4903179002579664,,,,,,
yolov10s,dark,2,int8fp32-deviation,,,,,,,0.058728822817405,0.0601463111961881,0.2700707936290542,11.370447663440835,0.328,0.102
yolov10s,dark,3,fp32,0.2951082146646653,0.4170796963510643,0.3192583799806952,0.1691258383659274,0.3303439667260453,0.4407036160953793,,,,,,
yolov10s,dark,3,fp16,0.2951761097892404,0.4171900012813574,0.3184465452739425,0.1672392034472375,0.3309415935422457,0.4407479086931055,,,,,,
yolov10s,dark,3,int8,0.277823095616445,0.3950763354415569,0.3028636488017288,0.1587631427452367,0.3051112712464757,0.4168547675212451,,,,,,
yolov10s,dark,3,int8fp32-deviation,,,,,,,0.0613730233162641,0.0624571140408515,0.2784643194290582,11.104609102890617,0.3,0.096
yolov10s,dark,4,fp32,0.2136078959397604,0.3090373228619082,0.2256614986839515,0.1145063840945207,0.2441215793055791,0.3462003877681922,,,,,,
yolov10s,dark,4,fp16,0.2137419325028677,0.3089579790209983,0.2245521595366398,0.11455878605695,0.2444918334641931,0.345613275971661,,,,,,
yolov10s,dark,4,int8,0.2026394535558681,0.2933818803024025,0.2139724721219806,0.1043625007823434,0.2350990191670935,0.3197556979345044,,,,,,
yolov10s,dark,4,int8fp32-deviation,,,,,,,0.0644315794731179,0.0655470294244587,0.2867124263315312,10.851071940091169,0.262,0.074
yolov10s,dark,5,fp32,0.1218418021215498,0.1788323751919308,0.1310652580531251,0.0566598662475525,0.1392760750092973,0.2081668821138978,,,,,,
yolov10s,dark,5,fp16,0.1212993054961381,0.1790232863779624,0.1310218079602224,0.0565911669760203,0.1390567051888321,0.2088667584835771,,,,,,
yolov10s,dark,5,int8,0.1159254573133603,0.1697897562638578,0.1273604878836594,0.0578776170174647,0.1299902274716113,0.1917934849827559,,,,,,
yolov10s,dark,5,int8fp32-deviation,,,,,,,0.066805082373321,0.0682792238915959,0.2943760166310002,10.621951859042486,0.182,0.068
yolov10s,brightness,1,fp32,0.4829613030203742,0.64677193628969,0.5258691019388879,0.2987325334183041,0.5464688796695207,0.6705225952564815,,,,,,
yolov10s,brightness,1,fp16,0.4837300211109671,0.6471904928339972,0.5269488817774107,0.3018895630343268,0.5470919290742985,0.6703602758692241,,,,,,
yolov10s,brightness,1,int8,0.4686680671735432,0.6396460072989656,0.5102647215312303,0.299707575919614,0.5382479585407711,0.5851147950893504,,,,,,
yolov10s,brightness,1,int8fp32-deviation,,,,,,,0.0584147106856107,0.0607092690517505,0.2742338536080559,11.237578693267212,0.352,0.104
yolov10s,brightness,2,fp32,0.469769845905128,0.6322930740071012,0.5112722958467947,0.2940416098669945,0.5347498426981717,0.6538186957521157,,,,,,
yolov10s,brightness,2,fp16,0.4697339690906482,0.6325931468088213,0.5100542484798888,0.2931482031674138,0.5346911847424582,0.652925143773002,,,,,,
yolov10s,brightness,2,int8,0.4553408566779381,0.6172730090775422,0.494951484644249,0.2900584120968748,0.5188700811733987,0.568638062566754,,,,,,
yolov10s,brightness,2,int8fp32-deviation,,,,,,,0.0591166280210018,0.0612095503744979,0.2751629726914024,11.2082087125583,0.378,0.096
yolov10s,brightness,3,fp32,0.4562791090451805,0.6171791163924895,0.497720630869042,0.2861464371652248,0.5255195081956938,0.621732294304007,,,,,,
yolov10s,brightness,3,fp16,0.4567375318054459,0.6182092195072907,0.4980516524302634,0.2864987458710631,0.5250243269468566,0.6203962344386161,,,,,,
yolov10s,brightness,3,int8,0.444842728223349,0.6088018144158026,0.4816638590094633,0.2841851006444767,0.5135667410806629,0.5731928872123138,,,,,,
yolov10s,brightness,3,int8fp32-deviation,,,,,,,0.0597628097360332,0.0620320956148207,0.2775939694445052,11.131799469539622,0.368,0.096
yolov10s,brightness,4,fp32,0.4432391764497689,0.6033938232828466,0.4836063954593184,0.2770138437990273,0.5101503773770868,0.6020640557759722,,,,,,
yolov10s,brightness,4,fp16,0.4436528622168423,0.603433364674526,0.4844839630769251,0.2784480771709426,0.5112036804608842,0.6023244043095721,,,,,,
yolov10s,brightness,4,int8,0.4309991836251973,0.5889764217866112,0.4735337393432441,0.2804100249007571,0.4938485013601675,0.5489814515525528,,,,,,
yolov10s,brightness,4,int8fp32-deviation,,,,,,,0.0605472673972447,0.0630537577917178,0.2823106042021284,10.985456298663632,0.33,0.11
yolov10s,brightness,5,fp32,0.4287202255752912,0.5805541670535678,0.463961317312147,0.2657100055659994,0.490104198684641,0.5668166500067225,,,,,,
yolov10s,brightness,5,fp16,0.4285820100597456,0.5813165900934079,0.4658439543183543,0.2643922133110277,0.4896274130922944,0.5675936694782613,,,,,,
yolov10s,brightness,5,int8,0.4144280922877503,0.566958187386862,0.4544252591702507,0.2621397838511929,0.4774917945278945,0.5322519019035128,,,,,,
yolov10s,brightness,5,int8fp32-deviation,,,,,,,0.0612924856444199,0.063837320578595,0.2871081965658217,10.83908820304164,0.35,0.1
yolov10s,contrast,1,fp32,0.455969683652732,0.6110358935684398,0.4957178629485261,0.2994846728212673,0.5119584872728214,0.6241799236418623,,,,,,
yolov10s,contrast,1,fp16,0.4553286035167108,0.6110142583376592,0.4959635434365336,0.2986014562649411,0.5106304585347069,0.6235640837134525,,,,,,
yolov10s,contrast,1,int8,0.4376198301002143,0.5924869251574757,0.4834565313049036,0.2822757685813365,0.4896484805718723,0.5818595168799696,,,,,,
yolov10s,contrast,1,int8fp32-deviation,,,,,,,0.0686325604716936,0.0698249311099449,0.307744060011642,10.236207156783989,0.366,0.108
yolov10s,contrast,2,fp32,0.4384527534973813,0.5863996421695481,0.4788779459368896,0.2843473342934447,0.4872859748581573,0.6035126519442807,,,,,,
yolov10s,contrast,2,fp16,0.4377133995883521,0.5859521303564461,0.4788476195934062,0.2839521653008096,0.4859906849167839,0.6062624410857653,,,,,,
yolov10s,contrast,2,int8,0.4177731090279959,0.5664399216398674,0.4617646804576169,0.2674918325314219,0.4619585992140466,0.5498847500952412,,,,,,
yolov10s,contrast,2,int8fp32-deviation,,,,,,,0.0722806372990211,0.0738558162016173,0.318699151823209,9.932381892025637,0.39,0.11
yolov10s,contrast,3,fp32,0.3899653874523857,0.522131919370364,0.4251994774309319,0.2350219439095644,0.4416181166209606,0.5574011554710847,,,,,,
yolov10s,contrast,3,fp16,0.389437919071699,0.5220610433056844,0.425880008346878,0.2349360333221706,0.4414989644855704,0.5570790405406204,,,,,,
yolov10s,contrast,3,int8,0.3731614475178155,0.5020286420264871,0.412203795986905,0.2211986278751753,0.4289169761284719,0.511347506372701,,,,,,
yolov10s,contrast,3,int8fp32-deviation,,,,,,,0.0782005178431669,0.0803975230790674,0.3399496041176675,9.371709422060286,0.344,0.134
yolov10s,contrast,4,fp32,0.2631434753572516,0.3648814705543498,0.2907718611900121,0.1454485369922288,0.3203985122597166,0.4086105983106653,,,,,,
yolov10s,contrast,4,fp16,0.2630120638308624,0.3644262560326529,0.2908201429202426,0.1448902200264334,0.3204897636416111,0.4080993022729822,,,,,,
yolov10s,contrast,4,int8,0.2321826523011703,0.3292355638472677,0.2514504748450985,0.1292393393366056,0.2851370918277101,0.3590979304892899,,,,,,
yolov10s,contrast,4,int8fp32-deviation,,,,,,,0.0949555325011412,0.0970135867968201,0.3967067522465813,8.030609066822944,0.336,0.146
yolov10s,contrast,5,fp32,0.092684847069353,0.1377207711719362,0.0974362593429477,0.0449791294565711,0.1147318927635421,0.1823928284773397,,,,,,
yolov10s,contrast,5,fp16,0.0930349326377213,0.1379828651260183,0.0983744328634228,0.0448759362388526,0.1148807460748002,0.183309554910539,,,,,,
yolov10s,contrast,5,int8,0.0790107378127584,0.1162997739393795,0.0837429594300725,0.0311386007121485,0.08746090881234,0.1598581899467266,,,,,,
yolov10s,contrast,5,int8fp32-deviation,,,,,,,0.1177050098776817,0.1193704382665455,0.4790555217866991,6.392293619445297,0.202,0.12
yolov10s,gaussian_noise,1,fp32,0.3909937795264152,0.5308364285119747,0.4288042057512841,0.2267090122762249,0.4550321200066959,0.5637568617952105,,,,,,
yolov10s,gaussian_noise,1,fp16,0.3908357492580661,0.5298994016355191,0.4281165427563722,0.2276492519890236,0.4545690304832706,0.5634640534767263,,,,,,
yolov10s,gaussian_noise,1,int8,0.3797452783254437,0.5180499133722345,0.4143097792724179,0.2192449855191953,0.4369891060869412,0.5017021837234071,,,,,,
yolov10s,gaussian_noise,1,int8fp32-deviation,,,,,,,0.0581423795471588,0.0602136333932479,0.2703423946366164,11.361717058949992,0.304,0.094
yolov10s,gaussian_noise,2,fp32,0.3185523800337247,0.440879862797142,0.3480876590654915,0.1697089567403167,0.3588947556266862,0.4619899655660988,,,,,,
yolov10s,gaussian_noise,2,fp16,0.3193030629320637,0.4409645937985886,0.3478484387624413,0.1692012632421077,0.3592321464035125,0.4624749092051142,,,,,,
yolov10s,gaussian_noise,2,int8,0.299879479928927,0.420182506877631,0.3275837013964458,0.165735909836095,0.345451900369205,0.4223896490665536,,,,,,
yolov10s,gaussian_noise,2,int8fp32-deviation,,,,,,,0.0597554976120591,0.0615542379456261,0.2771297991336258,11.146335759408206,0.316,0.09
yolov10s,gaussian_noise,3,fp32,0.2221093190775979,0.3147284614788122,0.23852002956945,0.1095779696042744,0.2422199601467224,0.3545978979027396,,,,,,
yolov10s,gaussian_noise,3,fp16,0.2223737299204434,0.3147347983281467,0.2388851995128632,0.110356126275475,0.2420512081466744,0.3617578120026519,,,,,,
yolov10s,gaussian_noise,3,int8,0.2087604502770369,0.2973377898582093,0.2247660631014348,0.1046074297708476,0.2354372527546777,0.3198198111147929,,,,,,
yolov10s,gaussian_noise,3,int8fp32-deviation,,,,,,,0.0618845699355006,0.0636480138214926,0.278815720573771,11.09365502080642,0.258,0.082
yolov10s,gaussian_noise,4,fp32,0.1150277800739343,0.1680550772513606,0.1236711649900585,0.0485403974970387,0.129077277092879,0.2009316533968791,,,,,,
yolov10s,gaussian_noise,4,fp16,0.1151559545065556,0.1682469227530962,0.1232678210730219,0.0477704912990776,0.1292029595668268,0.2019811213221432,,,,,,
yolov10s,gaussian_noise,4,int8,0.1067548798201872,0.1592631933942088,0.1145278181225276,0.04829428655231,0.1166268034618595,0.1764360443652648,,,,,,
yolov10s,gaussian_noise,4,int8fp32-deviation,,,,,,,0.0656862203031778,0.0669597926425437,0.2900626159860653,10.750164848720727,0.198,0.06
yolov10s,gaussian_noise,5,fp32,0.0402660853707804,0.0584212283667612,0.042275670008641,0.0169219769105214,0.033641919772366,0.0848074245733602,,,,,,
yolov10s,gaussian_noise,5,fp16,0.0401182271073865,0.0583540554334287,0.0422416619120729,0.016959017807776,0.0333307375251889,0.0846729531833732,,,,,,
yolov10s,gaussian_noise,5,int8,0.0382649794488164,0.0557456838005818,0.0410635056801202,0.0179907577788739,0.0337715277753263,0.0804853189111161,,,,,,
yolov10s,gaussian_noise,5,int8fp32-deviation,,,,,,,0.0723072191079457,0.0730821257742742,0.3113166244979137,10.135957246459572,0.096,0.038
yolov10s,motion_blur,1,fp32,0.4172455364823053,0.589649459901865,0.4524450463093218,0.2110733633150706,0.4645413991961997,0.6484414143670296,,,,,,
yolov10s,motion_blur,1,fp16,0.4163825635244715,0.5873603385967866,0.4519264055753836,0.2119832199186336,0.4643869920271734,0.6488902891975298,,,,,,
yolov10s,motion_blur,1,int8,0.4004596962669507,0.5724178051560391,0.4388348738002227,0.2076215554882302,0.4460771563665696,0.5852594177615928,,,,,,
yolov10s,motion_blur,1,int8fp32-deviation,,,,,,,0.0595757191379864,0.0619461115722855,0.2792183652041022,11.081120527924604,0.374,0.116
yolov10s,motion_blur,2,fp32,0.333685513434411,0.4864514240985653,0.3559974069672455,0.1119785782401132,0.3649044258249851,0.5844714648775169,,,,,,
yolov10s,motion_blur,2,fp16,0.3335878381791924,0.4870607853082641,0.3564307575519175,0.1123759718111139,0.3648311040919776,0.5835195511899227,,,,,,
yolov10s,motion_blur,2,int8,0.3214323340580431,0.4737813646809549,0.3461627394695266,0.1078891861681528,0.3462159902941049,0.5414287006049384,,,,,,
yolov10s,motion_blur,2,int8fp32-deviation,,,,,,,0.0625511057054003,0.0641155479103326,0.284695655896487,10.912391423581138,0.312,0.1
yolov10s,motion_blur,3,fp32,0.226495219078035,0.3439046574773577,0.2386005275559645,0.0542650952825803,0.2129915512738487,0.4378564658447902,,,,,,
yolov10s,motion_blur,3,fp16,0.2269533505277415,0.3442548292888758,0.2392417200510069,0.0537773286236209,0.2126238754182362,0.4387138744727762,,,,,,
yolov10s,motion_blur,3,int8,0.2148531208738904,0.3312570445927502,0.2229266929849276,0.0537543159343082,0.1980904652806665,0.3984898342687157,,,,,,
yolov10s,motion_blur,3,int8fp32-deviation,,,,,,,0.0651089635988076,0.0668266367949545,0.2941317725963693,10.629161680784296,0.296,0.106
yolov10s,motion_blur,4,fp32,0.1284351242873021,0.2031693321816192,0.132116410476582,0.0239490929713493,0.116887546234825,0.2817397295397554,,,,,,
yolov10s,motion_blur,4,fp16,0.1285881660732797,0.2028834558487517,0.1341400609528897,0.0239885564254627,0.1175619691979831,0.2822783682242513,,,,,,
yolov10s,motion_blur,4,int8,0.1201782101188232,0.1930760145902643,0.1267077204490859,0.0228171804315113,0.1021571137221701,0.2593171216225726,,,,,,
yolov10s,motion_blur,4,int8fp32-deviation,,,,,,,0.0671714019651214,0.0693761491303642,0.3031345424830425,10.367291580818058,0.196,0.076
yolov10s,motion_blur,5,fp32,0.0858920906585396,0.137916194448627,0.0867347807330688,0.0106591243908955,0.0594274665238324,0.2193105966508746,,,,,,
yolov10s,motion_blur,5,fp16,0.085702820260563,0.1373362907267414,0.0866238520468963,0.0108104940698513,0.0590640104410284,0.2177071427340865,,,,,,
yolov10s,motion_blur,5,int8,0.0822747929160777,0.1371626420680035,0.0801204466842638,0.0107422461917046,0.0558916889622681,0.1987134931372966,,,,,,
yolov10s,motion_blur,5,int8fp32-deviation,,,,,,,0.0695019215345382,0.0708419528243442,0.3101565934823328,10.168379886855956,0.178,0.066
yolov10x,clean,0,fp32,0.5701974731075621,0.7289554712529516,0.6268137626270102,0.4048818058554992,0.6487682096926356,0.7393813795746335,,,,,,
yolov10x,clean,0,fp16,0.5688968115233597,0.7298951561594283,0.6273138615656649,0.4038254148044384,0.6457219362615325,0.7403204385340616,,,,,,
yolov10x,clean,0,int8,0.5239298404798107,0.6748107876164806,0.5770508892978164,0.4003949498930783,0.6006849951148983,0.6636260738596088,,,,,,
yolov10x,clean,0,int8fp32-deviation,,,,,,,0.1444835911194483,0.1451868071655432,0.6626688260867465,3.5740692080890586,0.278,0.072
yolov10x,fog,1,fp32,0.5683738843813827,0.7274899418439699,0.6222824015721792,0.4056153528423278,0.641251520972171,0.7233157579777001,,,,,,
yolov10x,fog,1,fp16,0.5679787142329007,0.7277363779217373,0.6237186571898716,0.4040040469059544,0.6405668087922838,0.7232534943430923,,,,,,
yolov10x,fog,1,int8,0.5073769086791227,0.6565772090027225,0.5595603645322289,0.3813675478375674,0.5809825104679376,0.6380753902871477,,,,,,
yolov10x,fog,1,int8fp32-deviation,,,,,,,0.1612061535318692,0.1629754772235949,0.7069720952319156,3.0119547106410707,0.346,0.138
yolov10x,fog,2,fp32,0.5667288786753012,0.724323218375783,0.6210331141471664,0.4008618058234976,0.643054899497024,0.7238225290866627,,,,,,
yolov10x,fog,2,fp16,0.5660956699349322,0.7237663517585673,0.6196556032281927,0.4022028094254884,0.6423735893247642,0.7244650848958738,,,,,,
yolov10x,fog,2,int8,0.5022397922476867,0.649203234195403,0.5518530370168668,0.3723584857764421,0.5868759503792401,0.6254645519685077,,,,,,
yolov10x,fog,2,int8fp32-deviation,,,,,,,0.1657273148496945,0.1675339267527063,0.7153006802100138,2.9102272822457245,0.364,0.12
yolov10x,fog,3,fp32,0.5592962928197351,0.7186550400674933,0.6120831949775971,0.4008312522512921,0.6319612902704257,0.720555852596347,,,,,,
yolov10x,fog,3,fp16,0.5590684080902828,0.719209432548156,0.6116049561713909,0.3998747007593353,0.6322747775300723,0.7194218874015772,,,,,,
yolov10x,fog,3,int8,0.4935745115777186,0.6399463030241437,0.5433819580819016,0.3725964252850605,0.5727135477654652,0.6136068429472508,,,,,,
yolov10x,fog,3,int8fp32-deviation,,,,,,,0.1692854017019271,0.1704004065195719,0.7236955580762965,2.80888189557094,0.364,0.174
yolov10x,fog,4,fp32,0.5575067235340989,0.718877554060719,0.6148298007516083,0.3930828473297432,0.6336295396762757,0.7114973596336464,,,,,,
yolov10x,fog,4,fp16,0.5574392116151261,0.7190717547812078,0.6144053707522322,0.3934579211624617,0.6343315008956047,0.7123164895470099,,,,,,
yolov10x,fog,4,int8,0.494928412299238,0.6437851462610339,0.5437956210787045,0.3654607168082475,0.5808410724170472,0.6174580587961744,,,,,,
yolov10x,fog,4,int8fp32-deviation,,,,,,,0.167890486617883,0.1687911651283502,0.719502906483602,2.859352952923436,0.362,0.12
yolov10x,fog,5,fp32,0.5492816200602345,0.7093286694145077,0.5951823891250149,0.3934001944637128,0.6265962810823669,0.6965591107607282,,,,,,
yolov10x,fog,5,fp16,0.5492013150517217,0.7088685687190023,0.5967094334551775,0.394499338113858,0.6254950641341395,0.6966832081075313,,,,,,
yolov10x,fog,5,int8,0.4865042063735817,0.6338434905655629,0.5315808295712073,0.3598527211081536,0.5736044794383525,0.6080053190658511,,,,,,
yolov10x,fog,5,int8fp32-deviation,,,,,,,0.1711705575386683,0.1712734075884024,0.7225428056552305,2.822731217595241,0.368,0.142
yolov10x,snow,1,fp32,0.4839760526465039,0.6401066528861682,0.5193690166946644,0.3341105556786914,0.5531309658003056,0.6309528849466738,,,,,,
yolov10x,snow,1,fp16,0.4841307986302874,0.6400331874148346,0.5205917402118545,0.3339463251638011,0.552731813883246,0.6320355685036391,,,,,,
yolov10x,snow,1,int8,0.4489690566373543,0.5891794723050837,0.4868198664322227,0.3348089011794754,0.5171928761297815,0.5620992463558647,,,,,,
yolov10x,snow,1,int8fp32-deviation,,,,,,,0.148743691543738,0.1488907673954963,0.6619218687450918,3.5838682356585614,0.274,0.062
yolov10x,snow,2,fp32,0.4461362474930642,0.5895129630649206,0.4859619202698073,0.297564306986431,0.4989114612430861,0.5933403658546696,,,,,,
yolov10x,snow,2,fp16,0.4464019429562035,0.5897253513237246,0.4867855681982724,0.2981480363894804,0.4984961145550907,0.5938328777555572,,,,,,
yolov10x,snow,2,int8,0.4079538574552669,0.5426818961577327,0.4399480726816343,0.2991445494518399,0.4541033418159223,0.5332755608586855,,,,,,
yolov10x,snow,2,int8fp32-deviation,,,,,,,0.1498147323727607,0.1497916500940919,0.6678300567856068,3.506688345621843,0.244,0.06
yolov10x,snow,3,fp32,0.4208400615050706,0.5627215767507966,0.455771002066225,0.284915360473384,0.4859158946423458,0.5423769561862847,,,,,,
yolov10x,snow,3,fp16,0.4216520486725303,0.5634494446746072,0.4572067448062739,0.2844396703172959,0.4866909550292375,0.5435918333824015,,,,,,
yolov10x,snow,3,int8,0.3904004423205555,0.5207227350436769,0.4232234397093238,0.2816923602058883,0.4514067855106732,0.5039970291922011,,,,,,
yolov10x,snow,3,int8fp32-deviation,,,,,,,0.1552315863470236,0.1550612364634871,0.6701935530713279,3.4759950909284143,0.276,0.064
yolov10x,snow,4,fp32,0.3544861654528036,0.486483324975851,0.3775214969108194,0.2358902843196268,0.4255791498352412,0.4670825653688309,,,,,,
yolov10x,snow,4,fp16,0.353392371419591,0.4844811359002738,0.3752419080099582,0.2359684729155226,0.4248982432385967,0.4661184004897384,,,,,,
yolov10x,snow,4,int8,0.321375598898165,0.4453188373489653,0.3395064335869047,0.2257692103489203,0.3869978118753411,0.4238173708106408,,,,,,
yolov10x,snow,4,int8fp32-deviation,,,,,,,0.1618354395031929,0.1610984958087404,0.6821129495707607,3.3228741280564584,0.266,0.098
yolov10x,snow,5,fp32,0.3743927138243041,0.5069340346611679,0.4093233996126822,0.2421671806242298,0.4304940113722352,0.5300913683152505,,,,,,
yolov10x,snow,5,fp16,0.3742250573992856,0.5072140215026273,0.4093905923783887,0.2409263226098703,0.4310999942906091,0.5296204877013944,,,,,,
yolov10x,snow,5,int8,0.3385129700709647,0.4566019935637432,0.3690895336507762,0.2343654239058917,0.3907771162700894,0.4583577080112299,,,,,,
yolov10x,snow,5,int8fp32-deviation,,,,,,,0.1558566354215145,0.1563496006553371,0.6804980082794839,3.343462833805658,0.278,0.088
yolov10x,frost,1,fp32,0.5320983833157519,0.6941177710513533,0.5818286301100548,0.3685788469352252,0.6022085761514135,0.7030831813609894,,,,,,
yolov10x,frost,1,fp16,0.531557804491688,0.6934561968403904,0.5813416004675843,0.3695372363393603,0.6014559550177653,0.7022172600085104,,,,,,
yolov10x,frost,1,int8,0.4829238014057717,0.6320938460629111,0.5279767303830664,0.3504300115427748,0.5609635950269826,0.6175798105097005,,,,,,
yolov10x,frost,1,int8fp32-deviation,,,,,,,0.1479125420252482,0.1492420033663511,0.666275202443475,3.5269270091389764,0.308,0.058
yolov10x,frost,2,fp32,0.5007755493218127,0.655687409235818,0.5436659716802439,0.3390925538966541,0.5684512219136179,0.6726796932463285,,,,,,
yolov10x,frost,2,fp16,0.5004374459469016,0.6555262069524025,0.5437204740829749,0.3376240603555555,0.5677017211852914,0.6716104765477282,,,,,,
yolov10x,frost,2,int8,0.4549010091246071,0.5931973994375707,0.4993651213618893,0.3191288617216279,0.5253318021092549,0.5890974965568884,,,,,,
yolov10x,frost,2,int8fp32-deviation,,,,,,,0.1541815636058648,0.1540337460512916,0.6745275002679245,3.420006846227756,0.314,0.08
yolov10x,frost,3,fp32,0.479232216753072,0.6311272195676594,0.5193132695547954,0.3122531727350601,0.5411974033287725,0.6561887351698303,,,,,,
yolov10x,frost,3,fp16,0.4787013444236913,0.6311780504694395,0.5183346781389799,0.311143056502537,0.5428791963420684,0.6573847060823002,,,,,,
yolov10x,frost,3,int8,0.43208481634688,0.572371682530039,0.4744991955912597,0.3012137810677564,0.4925256564097547,0.5846333869253418,,,,,,
yolov10x,frost,3,int8fp32-deviation,,,,,,,0.1576976142823696,0.1568108830427129,0.6841076779827242,3.2975108995795126,0.288,0.102
yolov10x,frost,4,fp32,0.4796687424951333,0.6330958805451092,0.5219125642924741,0.3146443109917153,0.5318092692576977,0.6412129535602735,,,,,,
yolov10x,frost,4,fp16,0.478921287728362,0.6323522094509547,0.5217015240430133,0.3147590777438527,0.5299783363603052,0.640984283450277,,,,,,
yolov10x,frost,4,int8,0.4344616027641505,0.5733697067938686,0.4728799514659281,0.2977674154030589,0.4936243344294791,0.5586959893056596,,,,,,
yolov10x,frost,4,int8fp32-deviation,,,,,,,0.15864668165644,0.1585231725275516,0.6831122308380766,3.3101588654269287,0.316,0.088
yolov10x,frost,5,fp32,0.4518625867472919,0.6027646960673212,0.4862919441717739,0.2959957352507507,0.4948457643437043,0.6221506871387174,,,,,,
yolov10x,frost,5,fp16,0.4520600044907389,0.602442269410555,0.4851467770525076,0.2954320987284519,0.4955253169805111,0.6219660718024816,,,,,,
yolov10x,frost,5,int8,0.402810003682311,0.5384966075267198,0.4453621515818627,0.2879295123720709,0.4605418921724138,0.541927623546341,,,,,,
yolov10x,frost,5,int8fp32-deviation,,,,,,,0.1601277676721413,0.1596307213902473,0.6863517723378182,3.2690648670351443,0.304,0.096
yolov10x,dark,1,fp32,0.5164423324054352,0.672724950930321,0.5698202222986934,0.3192771480913029,0.5847857296822272,0.6915609661940109,,,,,,
yolov10x,dark,1,fp16,0.5156575144440788,0.6728125517183743,0.5683063331209486,0.3183921160855741,0.5838324814764964,0.6922975222105434,,,,,,
yolov10x,dark,1,int8,0.4686696318232466,0.6107338018630603,0.5155062178168918,0.3019869649341842,0.5525216178635891,0.5948892100096405,,,,,,
yolov10x,dark,1,int8fp32-deviation,,,,,,,0.1399561402698358,0.1404695092712839,0.6473748137764979,3.776884039930704,0.298,0.054
yolov10x,dark,2,fp32,0.4729409947775085,0.6238195174368232,0.5127603343720568,0.2760878859189595,0.5435167190405416,0.6626316914294735,,,,,,
yolov10x,dark,2,fp16,0.4732365179136647,0.6238941644559823,0.5137823557624138,0.2768887348518424,0.542473634321757,0.6639960660940434,,,,,,
yolov10x,dark,2,int8,0.431794318472598,0.5728326609227125,0.4714361234150396,0.2828262733290418,0.5024835940458389,0.5686718529377788,,,,,,
yolov10x,dark,2,int8fp32-deviation,,,,,,,0.1401764017840226,0.1413183437213301,0.6505829007376713,3.733956805792033,0.254,0.056
yolov10x,dark,3,fp32,0.3985717246726432,0.5322474359477973,0.4384309815470777,0.2214479522738699,0.44844708877707,0.5727801652665183,,,,,,
yolov10x,dark,3,fp16,0.3985121318925931,0.5318604733068644,0.4387883224260294,0.2217743162239188,0.4485648561421733,0.572927444216005,,,,,,
yolov10x,dark,3,int8,0.3673902892542953,0.4873450004520449,0.4065186199110465,0.2062405477089771,0.4204236460083473,0.510756823207681,,,,,,
yolov10x,dark,3,int8fp32-deviation,,,,,,,0.1431334142883618,0.1435801007052262,0.6567062088106284,3.6525776580351215,0.264,0.052
yolov10x,dark,4,fp32,0.2992619271048769,0.4106102156700852,0.3162795939987389,0.17355984356709,0.328742215561798,0.4498532971460818,,,,,,
yolov10x,dark,4,fp16,0.2990904271577356,0.4101942437224293,0.3169093184004754,0.1730492108724036,0.3286576117897674,0.4510129747756528,,,,,,
yolov10x,dark,4,int8,0.283386385336176,0.3872606468444489,0.3040205106154183,0.1719443605497272,0.3215320120870983,0.4228162718916913,,,,,,
yolov10x,dark,4,int8fp32-deviation,,,,,,,0.1474252256254355,0.1478609000444412,0.664613371366089,3.5486185083622765,0.198,0.054
yolov10x,dark,5,fp32,0.1765941786417177,0.2507632039191342,0.1838470867068212,0.0986049910929911,0.2040056825649084,0.2725424221385573,,,,,,
yolov10x,dark,5,fp16,0.1771802767637463,0.2513690669335041,0.1845244773458743,0.0989773388245869,0.2034556737061186,0.2726210257364689,,,,,,
yolov10x,dark,5,int8,0.1693511136196879,0.2457658251299271,0.1776355046289568,0.1007165302964035,0.1983542651041482,0.2765047368557076,,,,,,
yolov10x,dark,5,int8fp32-deviation,,,,,,,0.1526529813806216,0.1514957096700867,0.6720723713494099,3.451679158562778,0.156,0.054
yolov10x,brightness,1,fp32,0.566003697054134,0.7268052786673664,0.6168054807428885,0.4002687450307032,0.6376475050766216,0.7392000072470244,,,,,,
yolov10x,brightness,1,fp16,0.5664825651847297,0.7260396144394062,0.6165988463682879,0.4001290465225582,0.6369274807456599,0.7393398768897624,,,,,,
yolov10x,brightness,1,int8,0.5191800804680129,0.6690925650643886,0.5695488517660435,0.3887209525833793,0.5947286206839227,0.6672850549380498,,,,,,
yolov10x,brightness,1,int8fp32-deviation,,,,,,,0.1445087864995002,0.1459351160377264,0.6637782707457757,3.5595459501610205,0.29,0.076
yolov10x,brightness,2,fp32,0.5585273653787218,0.7165697463127969,0.6078538707736453,0.388574941481825,0.6278826519492364,0.7195943349026529,,,,,,
yolov10x,brightness,2,fp16,0.558043156807945,0.715690349324858,0.608524460717372,0.3892990938566452,0.6266062136818862,0.7194650287830495,,,,,,
yolov10x,brightness,2,int8,0.5083966336361957,0.6558248252531215,0.5552816244769696,0.3812180223394084,0.5790273903348622,0.6576872948796334,,,,,,
yolov10x,brightness,2,int8fp32-deviation,,,,,,,0.1452364486952622,0.1464757402911782,0.660786465637929,3.598777359374965,0.282,0.076
yolov10x,brightness,3,fp32,0.5448697567286592,0.7032908278628396,0.592932299663637,0.3744500390954366,0.6100751622424884,0.7047203221409255,,,,,,
yolov10x,brightness,3,fp16,0.5451817187357325,0.703859642162769,0.5936979103070292,0.3733157605364557,0.6119565098092927,0.7047837067002233,,,,,,
yolov10x,brightness,3,int8,0.4968473046403792,0.6412711058826928,0.5413435783004862,0.3699629778861127,0.5694661681080604,0.6299639608840839,,,,,,
yolov10x,brightness,3,int8fp32-deviation,,,,,,,0.1459897384047508,0.1472454267914096,0.6626419924466329,3.574421675733012,0.28,0.07
yolov10x,brightness,4,fp32,0.5260267605579678,0.6839720533826011,0.5695783613144162,0.3573914412771351,0.585209869086564,0.6933576979355929,,,,,,
yolov10x,brightness,4,fp16,0.5256745755540363,0.6839606631029056,0.5692318258988918,0.3568503982648942,0.5844876715261452,0.6923038721092218,,,,,,
yolov10x,brightness,4,int8,0.4816259375866437,0.6278177288872283,0.527353266903309,0.3441243006015798,0.552781180128832,0.6107593207536475,,,,,,
yolov10x,brightness,4,int8fp32-deviation,,,,,,,0.1474914414187272,0.1487394873475035,0.6641268443632005,3.554979386335701,0.314,0.08
yolov10x,brightness,5,fp32,0.5120475302359124,0.6687272337417517,0.5579473534862813,0.3465094496205125,0.5700277548428541,0.6829357321416949,,,,,,
yolov10x,brightness,5,fp16,0.511749408485785,0.6686447047727534,0.5583756804325826,0.3459508047627236,0.5686294692956657,0.6826199383297794,,,,,,
yolov10x,brightness,5,int8,0.4633322772549539,0.6111516368597018,0.5100897648910125,0.338784726989155,0.5310161770310632,0.5985165651185141,,,,,,
yolov10x,brightness,5,int8fp32-deviation,,,,,,,0.1481625412901242,0.1497294729302327,0.6648341194693337,3.545734217890564,0.276,0.054
yolov10x,contrast,1,fp32,0.5652424658970714,0.725544723672963,0.6202055842592118,0.404513572401697,0.6403938659941512,0.7247308869426369,,,,,,
yolov10x,contrast,1,fp16,0.5653535667614034,0.7253665812543363,0.619528064603257,0.4034224084659172,0.6404981945176127,0.7257864771834107,,,,,,
yolov10x,contrast,1,int8,0.5084292639758835,0.6583729923637872,0.5607036065225136,0.37772205819275,0.5823526795497627,0.6352475316240591,,,,,,
yolov10x,contrast,1,int8fp32-deviation,,,,,,,0.1607631680866082,0.1627893339395523,0.7059943589491707,3.0239759564048168,0.338,0.12
yolov10x,contrast,2,fp32,0.5607359024215736,0.7189888605157236,0.6153309625604432,0.3979429026019444,0.6343270457141307,0.7206501484052189,,,,,,
yolov10x,contrast,2,fp16,0.5602673442299511,0.7185119936929254,0.612869814802631,0.3981856671467425,0.6356825383719892,0.7201587448967652,,,,,,
yolov10x,contrast,2,int8,0.4982535880524205,0.6484888371251756,0.5502517316623212,0.3702451518859367,0.5827039333132344,0.6167701674072713,,,,,,
yolov10x,contrast,2,int8fp32-deviation,,,,,,,0.1672760918736457,0.169200812185804,0.7218524850704328,2.831030945820281,0.356,0.146
yolov10x,contrast,3,fp32,0.5523180215157288,0.7105733013459178,0.6065719253943878,0.3942919432770615,0.622613970519771,0.7099451026902942,,,,,,
yolov10x,contrast,3,fp16,0.5523290936659782,0.7116914690125525,0.6046137878192094,0.3918167301339136,0.6223450644759297,0.7097929229409868,,,,,,
yolov10x,contrast,3,int8,0.4771323963930616,0.6253788338594336,0.5231034520930568,0.3522089975234713,0.5485920287035301,0.6012239065673103,,,,,,
yolov10x,contrast,3,int8fp32-deviation,,,,,,,0.1784987201293309,0.1790340214769045,0.7436666480410834,2.5724339478428773,0.406,0.2
yolov10x,contrast,4,fp32,0.5119425175677078,0.6624682595068193,0.5618255647476471,0.350936717664513,0.5895731263662003,0.6827897260706982,,,,,,
yolov10x,contrast,4,fp16,0.511504886516631,0.6617649834084977,0.5598163971143815,0.3502880758908564,0.5899277596576941,0.6819208068393354,,,,,,
yolov10x,contrast,4,int8,0.4039388321610309,0.5332380317893816,0.4446607396176176,0.2747067547498288,0.4814486976012923,0.5281979849440349,,,,,,
yolov10x,contrast,4,int8fp32-deviation,,,,,,,0.201910138130188,0.2028924843519926,0.7917907843558983,2.0277911881544872,0.524,0.308
yolov10x,contrast,5,fp32,0.403574076576519,0.53598236702566,0.4440221410608966,0.2478296904547354,0.4740312463314642,0.5615075665691338,,,,,,
yolov10x,contrast,5,fp16,0.4037035210007292,0.5362429041861951,0.4437709808897355,0.2482715030945112,0.4775877917281658,0.5608717585568871,,,,,,
yolov10x,contrast,5,int8,0.2575661997986418,0.3557867563124992,0.2804805019578768,0.1409626514595746,0.3161990121622368,0.3865647858818716,,,,,,
yolov10x,contrast,5,int8fp32-deviation,,,,,,,0.2347280283768971,0.2349741166432698,0.8612892110919972,1.2970198690993726,0.578,0.452
yolov10x,gaussian_noise,1,fp32,0.5032395780378836,0.6643461217998438,0.5388724128352731,0.3124631404855463,0.5791443684363379,0.6819816794599377,,,,,,
yolov10x,gaussian_noise,1,fp16,0.5034927636826113,0.6644269385276452,0.5388181653957617,0.3130614083574097,0.5795108441653043,0.682752344495292,,,,,,
yolov10x,gaussian_noise,1,int8,0.4595062348805614,0.6053746698957188,0.4957333940639369,0.2965627731943564,0.5401185641039888,0.6065036096915377,,,,,,
yolov10x,gaussian_noise,1,int8fp32-deviation,,,,,,,0.1396409620841344,0.1410153583834568,0.6454960859057883,3.8021285138968777,0.296,0.066
yolov10x,gaussian_noise,2,fp32,0.4540624340281309,0.60134464262582,0.4969105842892502,0.2596491764622533,0.5254003940730082,0.6275424488475775,,,,,,
yolov10x,gaussian_noise,2,fp16,0.4538527086585086,0.6015473351140496,0.4960916633459504,0.2590527824194624,0.5248455499996726,0.6290934763498085,,,,,,
yolov10x,gaussian_noise,2,int8,0.417882884135606,0.5545177038691527,0.4576607344301179,0.2489902939679633,0.4937505769280825,0.5628826105721245,,,,,,
yolov10x,gaussian_noise,2,int8fp32-deviation,,,,,,,0.1422358676791191,0.1424348070050279,0.6473716211055378,3.7769268853941167,0.248,0.048
yolov10x,gaussian_noise,3,fp32,0.3815248181507925,0.5185905327000884,0.4100988536384443,0.196628568653688,0.4275796595328481,0.558454864012509,,,,,,
yolov10x,gaussian_noise,3,fp16,0.3815246624374631,0.5189902358139965,0.4102648018154783,0.1965374393493223,0.4272930768990163,0.5587962354839683,,,,,,
yolov10x,gaussian_noise,3,int8,0.3517350264791033,0.479523992639908,0.3825286329985895,0.1938180165190067,0.4117731152639968,0.5059771328709437,,,,,,
yolov10x,gaussian_noise,3,int8fp32-deviation,,,,,,,0.1465973109006881,0.1463881977846225,0.648713646410344,3.758939419722316,0.248,0.036
yolov10x,gaussian_noise,4,fp32,0.2485153653971386,0.357056686659801,0.2534180795482623,0.1295906723925665,0.2814973531908915,0.3653055943838426,,,,,,
yolov10x,gaussian_noise,4,fp16,0.2485989715675481,0.3564715956715535,0.2527640841803948,0.1293659232172273,0.2812803822268152,0.3655169477894743,,,,,,
yolov10x,gaussian_noise,4,int8,0.2300771572058865,0.3295612649724562,0.2414267495588166,0.1194780372625182,0.2681530258745525,0.3364043855370049,,,,,,
yolov10x,gaussian_noise,4,int8fp32-deviation,,,,,,,0.1520241325100262,0.1522075062145789,0.653714290505693,3.6922404789858136,0.22,0.05
yolov10x,gaussian_noise,5,fp32,0.1054793500050135,0.1619655408481471,0.1079810980369907,0.0527029693959766,0.1239500608577713,0.1807111384454086,,,,,,
yolov10x,gaussian_noise,5,fp16,0.1048890372621724,0.1610560697761199,0.1073999078403553,0.0522183625161479,0.1240063279907839,0.17988671942154,,,,,,
yolov10x,gaussian_noise,5,int8,0.0999454639818828,0.1547451297040275,0.1008820134313965,0.0565209661473785,0.1199014885287617,0.1728778504255391,,,,,,
yolov10x,gaussian_noise,5,int8fp32-deviation,,,,,,,0.1612453783551852,0.1612573631256818,0.6686902381383035,3.4955006472568178,0.154,0.038
yolov10x,motion_blur,1,fp32,0.4879923682591242,0.6657133113455284,0.5308117059380515,0.273014195828065,0.5430418117106091,0.7127683251774836,,,,,,
yolov10x,motion_blur,1,fp16,0.4875189472838789,0.6659615617170848,0.5315044817731261,0.2724879839824476,0.5423736765673061,0.7125011665887026,,,,,,
yolov10x,motion_blur,1,int8,0.449239355891453,0.6106013195262233,0.4885499696844891,0.2705483105426287,0.5200223329404494,0.6370495187729878,,,,,,
yolov10x,motion_blur,1,int8fp32-deviation,,,,,,,0.1510761653383573,0.1522186407993237,0.6793294391362376,3.358391726245093,0.29,0.084
yolov10x,motion_blur,2,fp32,0.4124023423058219,0.5876529798168537,0.4398125295954551,0.1772952566717262,0.4729757542468242,0.662323715692696,,,,,,
yolov10x,motion_blur,2,fp16,0.4129535561653982,0.5882204651986929,0.4393393334824305,0.1779137758381407,0.4720680271590779,0.6631799398952797,,,,,,
yolov10x,motion_blur,2,int8,0.3749118753999992,0.5356029895302129,0.4001769326304841,0.1654233451568412,0.4369279094199923,0.5939622991926424,,,,,,
yolov10x,motion_blur,2,int8fp32-deviation,,,,,,,0.1551255869368712,0.1569418789843718,0.6901592909424719,3.221016915559616,0.282,0.09
yolov10x,motion_blur,3,fp32,0.3252752329843105,0.4775174333203554,0.3445653906234448,0.1060897394801481,0.3339089290674414,0.5929741942322597,,,,,,
yolov10x,motion_blur,3,fp16,0.3249498601389969,0.4771174490755751,0.3456524528569847,0.1064231035556504,0.3345222751482998,0.5929582277186887,,,,,,
yolov10x,motion_blur,3,int8,0.2984129377741766,0.4382779471565212,0.3144717450067263,0.0869262585720816,0.3144164991976773,0.524247012870611,,,,,,
yolov10x,motion_blur,3,int8fp32-deviation,,,,,,,0.162890687584877,0.1636481866836547,0.7015336742498108,3.0790299196153814,0.262,0.088
yolov10x,motion_blur,4,fp32,0.2128737339285256,0.3259292324011559,0.2213437754384435,0.0403961088403508,0.18475263507245,0.4509977503127132,,,,,,
yolov10x,motion_blur,4,fp16,0.2130968117728098,0.326078630689386,0.2215356491573484,0.0406470865766586,0.1843662841692985,0.4510320618761083,,,,,,
yolov10x,motion_blur,4,int8,0.1982796801224304,0.3071839660794211,0.2028052345231065,0.0370157130928967,0.1780591170839912,0.4085622183589666,,,,,,
yolov10x,motion_blur,4,int8fp32-deviation,,,,,,,0.170226735373338,0.1711751544624567,0.7223753384614896,2.824741785821833,0.222,0.084
yolov10x,motion_blur,5,fp32,0.1611899194162778,0.2471875641900025,0.1675793181152384,0.0269401628032622,0.1313689577924685,0.3828860930510642,,,,,,
yolov10x,motion_blur,5,fp16,0.1609087255663885,0.2467104175820747,0.1669029378017948,0.0270944899849258,0.1309701962059468,0.3821790898007199,,,,,,
yolov10x,motion_blur,5,int8,0.1497598838875675,0.2296742733213785,0.1573815880543676,0.0207910947201205,0.1176742178461662,0.3553097253628424,,,,,,
yolov10x,motion_blur,5,int8fp32-deviation,,,,,,,0.1748935555418332,0.1744212295611699,0.7269316408704087,2.7701286008844117,0.184,0.068
yolov10s,clean,0,fp8,0.4842922041709614,0.6465373895517382,0.5332242877825099,0.3004007250423133,0.554010496742881,0.678170867628585,,,,,,
yolov10s,contrast,1,fp8,0.44986097401075015,0.6052863240837053,0.49159435848468075,0.2943180917231056,0.5054172673782636,0.6217758310293561,,,,,,
yolov10s,contrast,2,fp8,0.4324365633448687,0.5788952972619485,0.4760649312777049,0.277235313742888,0.48448905355500055,0.6106491230403928,,,,,,
yolov10s,contrast,3,fp8,0.38551960913384076,0.516716813743061,0.4237327124659212,0.22625308413403372,0.4392409375031996,0.5491659737813253,,,,,,
yolov10s,contrast,4,fp8,0.2514097136488748,0.3536306059474006,0.27615205076309113,0.13930120687135789,0.3005765805453923,0.3936542696968564,,,,,,
yolov10s,contrast,5,fp8,0.08379415650600042,0.12245099754877925,0.08899852519973159,0.03419264484938332,0.10070394477366194,0.17420788811662666,,,,,,
yolov10s,fog,1,fp8,0.4546282170748386,0.609854974044438,0.4950569546346392,0.2977593711049556,0.5198280559761954,0.6323378166540261,,,,,,
yolov10s,fog,2,fp8,0.44743563475398057,0.5959955059902359,0.4924632257980413,0.2823403610468019,0.5022454174321201,0.6247209299046808,,,,,,
yolov10s,fog,3,fp8,0.42878089662603885,0.5773858154875718,0.467889717183758,0.26085393580280863,0.48605005001109025,0.6039310581612529,,,,,,
yolov10s,fog,4,fp8,0.43248255129342633,0.5788418433651057,0.47533421352564176,0.28009877092003527,0.47851552836134553,0.6131095184106565,,,,,,
yolov10s,fog,5,fp8,0.4126587263656076,0.5540957697940778,0.4505564426376538,0.25994893171952005,0.46324830677156126,0.5853070038866732,,,,,,
yolov10x,clean,0,fp8,0.5679173363419552,0.727327344389307,0.6262385588457188,0.41061797501913333,0.6399280903481964,0.7361727798391905,,,,,,
yolov10x,contrast,1,fp8,0.5614045515472117,0.7201687399168045,0.6177028335004768,0.3978488911268601,0.6365547288497753,0.7201991265690211,,,,,,
yolov10x,contrast,2,fp8,0.5571066713013827,0.7151533720652108,0.6100252633386005,0.3987645125741899,0.6312217340492695,0.7139585348145316,,,,,,
yolov10x,contrast,3,fp8,0.5501707332938004,0.7114124421194826,0.6026231837893808,0.391955598945765,0.6185356081286931,0.7114027248264458,,,,,,
yolov10x,contrast,4,fp8,0.5020806553626926,0.6519407624464021,0.5505310534955299,0.3438844855204382,0.5769210784873164,0.6723296420364786,,,,,,
yolov10x,contrast,5,fp8,0.39851041428144157,0.528398732408777,0.43928762485692757,0.24244559720560854,0.46456945317795345,0.5532731065123629,,,,,,
yolov10x,fog,1,fp8,0.5641719246594047,0.7257342197523405,0.6204404787675559,0.40195500943194185,0.6355944883577068,0.7226333299878944,,,,,,
yolov10x,fog,2,fp8,0.5612282762150949,0.720635819223203,0.6155813674468171,0.39477984089796514,0.632688690899045,0.7214824164139936,,,,,,
yolov10x,fog,3,fp8,0.55657253707028,0.716668749338549,0.6101835887649715,0.3981184175239581,0.6303971395651697,0.7183956251344789,,,,,,
yolov10x,fog,4,fp8,0.5528632121340149,0.7151435622145184,0.6057071810502906,0.3866891340040681,0.6277064309440058,0.7047944222232467,,,,,,
yolov10x,fog,5,fp8,0.5440842382087367,0.704637104189323,0.5911224854567839,0.3832990874626691,0.6200621990023932,0.6909468801296592,,,,,,
