model,precision,severity,pred_injected_median_db,pred_injected_min_db,measured_first_decile_db,measured_median_db,measured_last_decile_db
yolov10s,int8fp32,1,-0.20710743875363136,-3.3774599679303137,,,
yolov10s,int8fp32,1,,,-2.4390642642974854,-1.194624423980713,-1.0705187320709229
yolov10s,int8fp32,3,-0.3847294557383272,-4.255725536560604,,,
yolov10s,int8fp32,3,,,-3.538390874862671,-2.461724281311035,-2.224358320236206
yolov10s,int8fp32,5,-1.0491480213472784,-4.701950059191464,,,
yolov10s,int8fp32,5,,,-4.553233146667481,-5.708418607711792,-5.9853280782699585
yolov10s,fp8,1,-4.1564625357537466e-05,-0.19071702913614175,,,
yolov10s,fp8,1,,,-0.8612551689147949,-0.719951868057251,-0.680490255355835
yolov10s,fp8,3,-0.007139821529285939,-0.2938598820008309,,,
yolov10s,fp8,3,,,-1.3996124267578125,-1.5423557758331299,-1.6925313472747803
yolov10s,fp8,5,-0.0038730181545574283,-0.29075959596335466,,,
yolov10s,fp8,5,,,-1.8639159202575684,-4.153306722640991,-4.795229434967041
yolov10x,int8fp32,1,-0.05650351844368373,-11.148253756554896,,,
yolov10x,int8fp32,1,,,-2.238818883895874,-0.7017077207565305,-0.6798586845397949
yolov10x,int8fp32,3,-0.1878966912801161,-13.522964742088778,,,
yolov10x,int8fp32,3,,,-3.4390013217926025,-1.4255056381225586,-1.5102832317352295
yolov10x,int8fp32,5,-0.6824789605163737,-15.512355519550592,,,
yolov10x,int8fp32,5,,,-5.7126946449279785,-3.384466588497162,-4.61148738861084
yolov10x,fp8,1,0.0004980675670083201,-0.3112370979529082,,,
yolov10x,fp8,1,,,-1.3258371353149414,-0.5587255954742432,-0.5866327285766602
yolov10x,fp8,3,0.0028288706357706417,-0.28615516435986876,,,
yolov10x,fp8,3,,,-2.1687192916870117,-1.0524632930755615,-1.301926612854004
yolov10x,fp8,5,0.003023113797706145,-0.4533886394479403,,,
yolov10x,fp8,5,,,-3.6787219047546387,-2.6750550270080566,-3.9154744148254395
